"health_officer_region","county","mmwr_week","start_date","end_date","cumulative_infected","cumulative_severe","total_cnty_pop","inf_rate_100k","sev_rate_100k","case_breaks_bins","case_breaks","inf_rate_breaks_bins","inf_rate_breaks","sev_case_breaks_bins","sev_case_breaks","sev_rate_breaks_bins","sev_rate_breaks"
"Bay Area","Alameda",22,2023-05-28,2023-06-03,450,0,1656037,27.2,0,"0 - 126,593","0 - 127K","0 - 8,753","0 - 9K","0 - 5,021","0 - 5K","0 - 221","0 - 221"
"Bay Area","Alameda",23,2023-06-04,2023-06-10,860,0,1656037,51.9,0,"0 - 126,593","0 - 127K","0 - 8,753","0 - 9K","0 - 5,021","0 - 5K","0 - 221","0 - 221"
"Bay Area","Alameda",24,2023-06-11,2023-06-17,1271,11,1656037,76.7,0.7,"0 - 126,593","0 - 127K","0 - 8,753","0 - 9K","0 - 5,021","0 - 5K","0 - 221","0 - 221"
"Bay Area","Alameda",25,2023-06-18,2023-06-24,2438,20,1656037,147.2,1.2,"0 - 126,593","0 - 127K","0 - 8,753","0 - 9K","0 - 5,021","0 - 5K","0 - 221","0 - 221"
"Bay Area","Alameda",26,2023-06-25,2023-07-01,4290,34,1656037,259.1,2.1,"0 - 126,593","0 - 127K","0 - 8,753","0 - 9K","0 - 5,021","0 - 5K","0 - 221","0 - 221"
"Bay Area","Alameda",27,2023-07-02,2023-07-08,6493,73,1656037,392.1,4.4,"0 - 126,593","0 - 127K","0 - 8,753","0 - 9K","0 - 5,021","0 - 5K","0 - 221","0 - 221"
"Bay Area","Alameda",28,2023-07-09,2023-07-15,9293,126,1656037,561.2,7.6,"0 - 126,593","0 - 127K","0 - 8,753","0 - 9K","0 - 5,021","0 - 5K","0 - 221","0 - 221"
"Bay Area","Alameda",29,2023-07-16,2023-07-22,11551,179,1656037,697.5,10.8,"0 - 126,593","0 - 127K","0 - 8,753","0 - 9K","0 - 5,021","0 - 5K","0 - 221","0 - 221"
"Bay Area","Alameda",30,2023-07-23,2023-07-29,13921,249,1656037,840.6,15,"0 - 126,593","0 - 127K","0 - 8,753","0 - 9K","0 - 5,021","0 - 5K","0 - 221","0 - 221"
"Bay Area","Alameda",31,2023-07-30,2023-08-05,18038,301,1656037,1089.2,18.2,"0 - 126,593","0 - 127K","0 - 8,753","0 - 9K","0 - 5,021","0 - 5K","0 - 221","0 - 221"
"Bay Area","Alameda",32,2023-08-06,2023-08-12,22121,369,1656037,1335.8,22.3,"0 - 126,593","0 - 127K","0 - 8,753","0 - 9K","0 - 5,021","0 - 5K","0 - 221","0 - 221"
"Bay Area","Alameda",33,2023-08-13,2023-08-19,27494,476,1656037,1660.2,28.7,"0 - 126,593","0 - 127K","0 - 8,753","0 - 9K","0 - 5,021","0 - 5K","0 - 221","0 - 221"
"Bay Area","Alameda",34,2023-08-20,2023-08-26,35475,585,1656037,2142.2,35.3,"0 - 126,593","0 - 127K","0 - 8,753","0 - 9K","0 - 5,021","0 - 5K","0 - 221","0 - 221"
"Bay Area","Alameda",35,2023-08-27,2023-09-02,48017,732,1656037,2899.5,44.2,"0 - 126,593","0 - 127K","0 - 8,753","0 - 9K","0 - 5,021","0 - 5K","0 - 221","0 - 221"
"Bay Area","Alameda",36,2023-09-03,2023-09-09,60370,937,1656037,3645.4,56.6,"0 - 126,593","0 - 127K","0 - 8,753","0 - 9K","0 - 5,021","0 - 5K","0 - 221","0 - 221"
"Bay Area","Alameda",37,2023-09-10,2023-09-16,71848,1278,1656037,4338.6,77.2,"0 - 126,593","0 - 127K","0 - 8,753","0 - 9K","0 - 5,021","0 - 5K","0 - 221","0 - 221"
"Bay Area","Alameda",38,2023-09-17,2023-09-23,84758,1626,1656037,5118.1,98.2,"0 - 126,593","0 - 127K","0 - 8,753","0 - 9K","0 - 5,021","0 - 5K","0 - 221","0 - 221"
"Bay Area","Alameda",39,2023-09-24,2023-09-30,95507,1947,1656037,5767.2,117.6,"0 - 126,593","0 - 127K","0 - 8,753","0 - 9K","0 - 5,021","0 - 5K","0 - 221","0 - 221"
"Bay Area","Alameda",40,2023-10-01,2023-10-07,106397,2276,1656037,6424.8,137.4,"0 - 126,593","0 - 127K","0 - 8,753","0 - 9K","0 - 5,021","0 - 5K","0 - 221","0 - 221"
"Bay Area","Alameda",41,2023-10-08,2023-10-14,116951,2592,1656037,7062.1,156.5,"0 - 126,593","0 - 127K","0 - 8,753","0 - 9K","0 - 5,021","0 - 5K","0 - 221","0 - 221"
"Bay Area","Alameda",42,2023-10-15,2023-10-21,127880,2910,1656037,7722,175.7,"126,593 - 253,187","127K - 253K","0 - 8,753","0 - 9K","0 - 5,021","0 - 5K","0 - 221","0 - 221"
"Bay Area","Alameda",43,2023-10-22,2023-10-28,136695,3199,1656037,8254.3,193.2,"126,593 - 253,187","127K - 253K","0 - 8,753","0 - 9K","0 - 5,021","0 - 5K","0 - 221","0 - 221"
"Bay Area","Alameda",44,2023-10-29,2023-11-04,142579,3496,1656037,8609.7,211.1,"126,593 - 253,187","127K - 253K","0 - 8,753","0 - 9K","0 - 5,021","0 - 5K","0 - 221","0 - 221"
"Bay Area","Alameda",45,2023-11-05,2023-11-11,146900,3743,1656037,8870.6,226,"126,593 - 253,187","127K - 253K","8,753 - 17,506","9K - 18K","0 - 5,021","0 - 5K","221 - 442","221 - 442"
"Bay Area","Alameda",46,2023-11-12,2023-11-18,148320,3920,1656037,8956.3,236.7,"126,593 - 253,187","127K - 253K","8,753 - 17,506","9K - 18K","0 - 5,021","0 - 5K","221 - 442","221 - 442"
"Bay Area","Alameda",47,2023-11-19,2023-11-25,148508,4048,1656037,8967.7,244.4,"126,593 - 253,187","127K - 253K","8,753 - 17,506","9K - 18K","0 - 5,021","0 - 5K","221 - 442","221 - 442"
"Bay Area","Alameda",48,2023-11-26,2023-12-02,148776,4110,1656037,8983.9,248.2,"126,593 - 253,187","127K - 253K","8,753 - 17,506","9K - 18K","0 - 5,021","0 - 5K","221 - 442","221 - 442"
"Bay Area","Alameda",49,2023-12-03,2023-12-09,148776,4127,1656037,8983.9,249.2,"126,593 - 253,187","127K - 253K","8,753 - 17,506","9K - 18K","0 - 5,021","0 - 5K","221 - 442","221 - 442"
"Bay Area","Alameda",50,2023-12-10,2023-12-16,149041,4134,1656037,8999.9,249.6,"126,593 - 253,187","127K - 253K","8,753 - 17,506","9K - 18K","0 - 5,021","0 - 5K","221 - 442","221 - 442"
"Bay Area","Alameda",51,2023-12-17,2023-12-23,149041,4136,1656037,8999.9,249.8,"126,593 - 253,187","127K - 253K","8,753 - 17,506","9K - 18K","0 - 5,021","0 - 5K","221 - 442","221 - 442"
"Bay Area","Alameda",52,2023-12-24,2023-12-30,149041,4141,1656037,8999.9,250.1,"126,593 - 253,187","127K - 253K","8,753 - 17,506","9K - 18K","0 - 5,021","0 - 5K","221 - 442","221 - 442"
"Bay Area","Contra Costa",22,2023-05-28,2023-06-03,303,0,1146536,26.4,0,"0 - 126,593","0 - 127K","0 - 8,753","0 - 9K","0 - 5,021","0 - 5K","0 - 221","0 - 221"
"Bay Area","Contra Costa",23,2023-06-04,2023-06-10,596,0,1146536,52,0,"0 - 126,593","0 - 127K","0 - 8,753","0 - 9K","0 - 5,021","0 - 5K","0 - 221","0 - 221"
"Bay Area","Contra Costa",24,2023-06-11,2023-06-17,837,11,1146536,73,1,"0 - 126,593","0 - 127K","0 - 8,753","0 - 9K","0 - 5,021","0 - 5K","0 - 221","0 - 221"
"Bay Area","Contra Costa",25,2023-06-18,2023-06-24,1589,20,1146536,138.6,1.7,"0 - 126,593","0 - 127K","0 - 8,753","0 - 9K","0 - 5,021","0 - 5K","0 - 221","0 - 221"
"Bay Area","Contra Costa",26,2023-06-25,2023-07-01,2846,26,1146536,248.2,2.3,"0 - 126,593","0 - 127K","0 - 8,753","0 - 9K","0 - 5,021","0 - 5K","0 - 221","0 - 221"
"Bay Area","Contra Costa",27,2023-07-02,2023-07-08,4364,49,1146536,380.6,4.3,"0 - 126,593","0 - 127K","0 - 8,753","0 - 9K","0 - 5,021","0 - 5K","0 - 221","0 - 221"
"Bay Area","Contra Costa",28,2023-07-09,2023-07-15,6389,84,1146536,557.2,7.3,"0 - 126,593","0 - 127K","0 - 8,753","0 - 9K","0 - 5,021","0 - 5K","0 - 221","0 - 221"
"Bay Area","Contra Costa",29,2023-07-16,2023-07-22,7935,131,1146536,692.1,11.4,"0 - 126,593","0 - 127K","0 - 8,753","0 - 9K","0 - 5,021","0 - 5K","0 - 221","0 - 221"
"Bay Area","Contra Costa",30,2023-07-23,2023-07-29,9597,181,1146536,837,15.8,"0 - 126,593","0 - 127K","0 - 8,753","0 - 9K","0 - 5,021","0 - 5K","0 - 221","0 - 221"
"Bay Area","Contra Costa",31,2023-07-30,2023-08-05,12549,225,1146536,1094.5,19.6,"0 - 126,593","0 - 127K","0 - 8,753","0 - 9K","0 - 5,021","0 - 5K","0 - 221","0 - 221"
"Bay Area","Contra Costa",32,2023-08-06,2023-08-12,15490,276,1146536,1351,24.1,"0 - 126,593","0 - 127K","0 - 8,753","0 - 9K","0 - 5,021","0 - 5K","0 - 221","0 - 221"
"Bay Area","Contra Costa",33,2023-08-13,2023-08-19,19316,366,1146536,1684.7,31.9,"0 - 126,593","0 - 127K","0 - 8,753","0 - 9K","0 - 5,021","0 - 5K","0 - 221","0 - 221"
"Bay Area","Contra Costa",34,2023-08-20,2023-08-26,24847,458,1146536,2167.1,39.9,"0 - 126,593","0 - 127K","0 - 8,753","0 - 9K","0 - 5,021","0 - 5K","0 - 221","0 - 221"
"Bay Area","Contra Costa",35,2023-08-27,2023-09-02,33472,560,1146536,2919.4,48.8,"0 - 126,593","0 - 127K","0 - 8,753","0 - 9K","0 - 5,021","0 - 5K","0 - 221","0 - 221"
"Bay Area","Contra Costa",36,2023-09-03,2023-09-09,41909,698,1146536,3655.3,60.9,"0 - 126,593","0 - 127K","0 - 8,753","0 - 9K","0 - 5,021","0 - 5K","0 - 221","0 - 221"
"Bay Area","Contra Costa",37,2023-09-10,2023-09-16,49890,955,1146536,4351.4,83.3,"0 - 126,593","0 - 127K","0 - 8,753","0 - 9K","0 - 5,021","0 - 5K","0 - 221","0 - 221"
"Bay Area","Contra Costa",38,2023-09-17,2023-09-23,58822,1219,1146536,5130.4,106.3,"0 - 126,593","0 - 127K","0 - 8,753","0 - 9K","0 - 5,021","0 - 5K","0 - 221","0 - 221"
"Bay Area","Contra Costa",39,2023-09-24,2023-09-30,66210,1485,1146536,5774.8,129.5,"0 - 126,593","0 - 127K","0 - 8,753","0 - 9K","0 - 5,021","0 - 5K","0 - 221","0 - 221"
"Bay Area","Contra Costa",40,2023-10-01,2023-10-07,73600,1773,1146536,6419.3,154.6,"0 - 126,593","0 - 127K","0 - 8,753","0 - 9K","0 - 5,021","0 - 5K","0 - 221","0 - 221"
"Bay Area","Contra Costa",41,2023-10-08,2023-10-14,80938,2021,1146536,7059.4,176.3,"0 - 126,593","0 - 127K","0 - 8,753","0 - 9K","0 - 5,021","0 - 5K","0 - 221","0 - 221"
"Bay Area","Contra Costa",42,2023-10-15,2023-10-21,88560,2243,1146536,7724.1,195.6,"0 - 126,593","0 - 127K","0 - 8,753","0 - 9K","0 - 5,021","0 - 5K","0 - 221","0 - 221"
"Bay Area","Contra Costa",43,2023-10-22,2023-10-28,94636,2466,1146536,8254.1,215.1,"0 - 126,593","0 - 127K","0 - 8,753","0 - 9K","0 - 5,021","0 - 5K","0 - 221","0 - 221"
"Bay Area","Contra Costa",44,2023-10-29,2023-11-04,98650,2716,1146536,8604.2,236.9,"0 - 126,593","0 - 127K","0 - 8,753","0 - 9K","0 - 5,021","0 - 5K","221 - 442","221 - 442"
"Bay Area","Contra Costa",45,2023-11-05,2023-11-11,101523,2882,1146536,8854.8,251.4,"0 - 126,593","0 - 127K","8,753 - 17,506","9K - 18K","0 - 5,021","0 - 5K","221 - 442","221 - 442"
"Bay Area","Contra Costa",46,2023-11-12,2023-11-18,102542,3012,1146536,8943.6,262.7,"0 - 126,593","0 - 127K","8,753 - 17,506","9K - 18K","0 - 5,021","0 - 5K","221 - 442","221 - 442"
"Bay Area","Contra Costa",47,2023-11-19,2023-11-25,102671,3127,1146536,8954.9,272.7,"0 - 126,593","0 - 127K","8,753 - 17,506","9K - 18K","0 - 5,021","0 - 5K","221 - 442","221 - 442"
"Bay Area","Contra Costa",48,2023-11-26,2023-12-02,102867,3168,1146536,8972,276.3,"0 - 126,593","0 - 127K","8,753 - 17,506","9K - 18K","0 - 5,021","0 - 5K","221 - 442","221 - 442"
"Bay Area","Contra Costa",49,2023-12-03,2023-12-09,102867,3185,1146536,8972,277.8,"0 - 126,593","0 - 127K","8,753 - 17,506","9K - 18K","0 - 5,021","0 - 5K","221 - 442","221 - 442"
"Bay Area","Contra Costa",50,2023-12-10,2023-12-16,103042,3189,1146536,8987.2,278.1,"0 - 126,593","0 - 127K","8,753 - 17,506","9K - 18K","0 - 5,021","0 - 5K","221 - 442","221 - 442"
"Bay Area","Contra Costa",51,2023-12-17,2023-12-23,103042,3190,1146536,8987.2,278.2,"0 - 126,593","0 - 127K","8,753 - 17,506","9K - 18K","0 - 5,021","0 - 5K","221 - 442","221 - 442"
"Bay Area","Contra Costa",52,2023-12-24,2023-12-30,103042,3195,1146536,8987.2,278.7,"0 - 126,593","0 - 127K","8,753 - 17,506","9K - 18K","0 - 5,021","0 - 5K","221 - 442","221 - 442"
"Bay Area","Marin",22,2023-05-28,2023-06-03,71,0,254744,27.9,0,"0 - 126,593","0 - 127K","0 - 8,753","0 - 9K","0 - 5,021","0 - 5K","0 - 221","0 - 221"
"Bay Area","Marin",23,2023-06-04,2023-06-10,134,0,254744,52.6,0,"0 - 126,593","0 - 127K","0 - 8,753","0 - 9K","0 - 5,021","0 - 5K","0 - 221","0 - 221"
"Bay Area","Marin",24,2023-06-11,2023-06-17,200,1,254744,78.5,0.4,"0 - 126,593","0 - 127K","0 - 8,753","0 - 9K","0 - 5,021","0 - 5K","0 - 221","0 - 221"
"Bay Area","Marin",25,2023-06-18,2023-06-24,371,3,254744,145.6,1.2,"0 - 126,593","0 - 127K","0 - 8,753","0 - 9K","0 - 5,021","0 - 5K","0 - 221","0 - 221"
"Bay Area","Marin",26,2023-06-25,2023-07-01,672,5,254744,263.8,2,"0 - 126,593","0 - 127K","0 - 8,753","0 - 9K","0 - 5,021","0 - 5K","0 - 221","0 - 221"
"Bay Area","Marin",27,2023-07-02,2023-07-08,1043,10,254744,409.4,3.9,"0 - 126,593","0 - 127K","0 - 8,753","0 - 9K","0 - 5,021","0 - 5K","0 - 221","0 - 221"
"Bay Area","Marin",28,2023-07-09,2023-07-15,1522,21,254744,597.5,8.2,"0 - 126,593","0 - 127K","0 - 8,753","0 - 9K","0 - 5,021","0 - 5K","0 - 221","0 - 221"
"Bay Area","Marin",29,2023-07-16,2023-07-22,1890,37,254744,741.9,14.5,"0 - 126,593","0 - 127K","0 - 8,753","0 - 9K","0 - 5,021","0 - 5K","0 - 221","0 - 221"
"Bay Area","Marin",30,2023-07-23,2023-07-29,2312,45,254744,907.6,17.7,"0 - 126,593","0 - 127K","0 - 8,753","0 - 9K","0 - 5,021","0 - 5K","0 - 221","0 - 221"
"Bay Area","Marin",31,2023-07-30,2023-08-05,2982,59,254744,1170.6,23.2,"0 - 126,593","0 - 127K","0 - 8,753","0 - 9K","0 - 5,021","0 - 5K","0 - 221","0 - 221"
"Bay Area","Marin",32,2023-08-06,2023-08-12,3649,73,254744,1432.4,28.7,"0 - 126,593","0 - 127K","0 - 8,753","0 - 9K","0 - 5,021","0 - 5K","0 - 221","0 - 221"
"Bay Area","Marin",33,2023-08-13,2023-08-19,4548,97,254744,1785.3,38.1,"0 - 126,593","0 - 127K","0 - 8,753","0 - 9K","0 - 5,021","0 - 5K","0 - 221","0 - 221"
"Bay Area","Marin",34,2023-08-20,2023-08-26,5931,120,254744,2328.2,47.1,"0 - 126,593","0 - 127K","0 - 8,753","0 - 9K","0 - 5,021","0 - 5K","0 - 221","0 - 221"
"Bay Area","Marin",35,2023-08-27,2023-09-02,8045,141,254744,3158.1,55.3,"0 - 126,593","0 - 127K","0 - 8,753","0 - 9K","0 - 5,021","0 - 5K","0 - 221","0 - 221"
"Bay Area","Marin",36,2023-09-03,2023-09-09,10006,184,254744,3927.9,72.2,"0 - 126,593","0 - 127K","0 - 8,753","0 - 9K","0 - 5,021","0 - 5K","0 - 221","0 - 221"
"Bay Area","Marin",37,2023-09-10,2023-09-16,11893,264,254744,4668.6,103.6,"0 - 126,593","0 - 127K","0 - 8,753","0 - 9K","0 - 5,021","0 - 5K","0 - 221","0 - 221"
"Bay Area","Marin",38,2023-09-17,2023-09-23,14026,340,254744,5505.9,133.5,"0 - 126,593","0 - 127K","0 - 8,753","0 - 9K","0 - 5,021","0 - 5K","0 - 221","0 - 221"
"Bay Area","Marin",39,2023-09-24,2023-09-30,15729,417,254744,6174.4,163.7,"0 - 126,593","0 - 127K","0 - 8,753","0 - 9K","0 - 5,021","0 - 5K","0 - 221","0 - 221"
"Bay Area","Marin",40,2023-10-01,2023-10-07,17436,489,254744,6844.5,192,"0 - 126,593","0 - 127K","0 - 8,753","0 - 9K","0 - 5,021","0 - 5K","0 - 221","0 - 221"
"Bay Area","Marin",41,2023-10-08,2023-10-14,19142,577,254744,7514.2,226.5,"0 - 126,593","0 - 127K","0 - 8,753","0 - 9K","0 - 5,021","0 - 5K","221 - 442","221 - 442"
"Bay Area","Marin",42,2023-10-15,2023-10-21,20948,639,254744,8223.2,250.8,"0 - 126,593","0 - 127K","0 - 8,753","0 - 9K","0 - 5,021","0 - 5K","221 - 442","221 - 442"
"Bay Area","Marin",43,2023-10-22,2023-10-28,22379,720,254744,8784.9,282.6,"0 - 126,593","0 - 127K","8,753 - 17,506","9K - 18K","0 - 5,021","0 - 5K","221 - 442","221 - 442"
"Bay Area","Marin",44,2023-10-29,2023-11-04,23290,786,254744,9142.5,308.5,"0 - 126,593","0 - 127K","8,753 - 17,506","9K - 18K","0 - 5,021","0 - 5K","221 - 442","221 - 442"
"Bay Area","Marin",45,2023-11-05,2023-11-11,23972,838,254744,9410.2,329,"0 - 126,593","0 - 127K","8,753 - 17,506","9K - 18K","0 - 5,021","0 - 5K","221 - 442","221 - 442"
"Bay Area","Marin",46,2023-11-12,2023-11-18,24211,880,254744,9504.1,345.4,"0 - 126,593","0 - 127K","8,753 - 17,506","9K - 18K","0 - 5,021","0 - 5K","221 - 442","221 - 442"
"Bay Area","Marin",47,2023-11-19,2023-11-25,24237,905,254744,9514.3,355.3,"0 - 126,593","0 - 127K","8,753 - 17,506","9K - 18K","0 - 5,021","0 - 5K","221 - 442","221 - 442"
"Bay Area","Marin",48,2023-11-26,2023-12-02,24275,920,254744,9529.2,361.1,"0 - 126,593","0 - 127K","8,753 - 17,506","9K - 18K","0 - 5,021","0 - 5K","221 - 442","221 - 442"
"Bay Area","Marin",49,2023-12-03,2023-12-09,24275,922,254744,9529.2,361.9,"0 - 126,593","0 - 127K","8,753 - 17,506","9K - 18K","0 - 5,021","0 - 5K","221 - 442","221 - 442"
"Bay Area","Marin",50,2023-12-10,2023-12-16,24318,924,254744,9546.1,362.7,"0 - 126,593","0 - 127K","8,753 - 17,506","9K - 18K","0 - 5,021","0 - 5K","221 - 442","221 - 442"
"Bay Area","Marin",51,2023-12-17,2023-12-23,24318,924,254744,9546.1,362.7,"0 - 126,593","0 - 127K","8,753 - 17,506","9K - 18K","0 - 5,021","0 - 5K","221 - 442","221 - 442"
"Bay Area","Marin",52,2023-12-24,2023-12-30,24318,926,254744,9546.1,363.5,"0 - 126,593","0 - 127K","8,753 - 17,506","9K - 18K","0 - 5,021","0 - 5K","221 - 442","221 - 442"
"Bay Area","Monterey",22,2023-05-28,2023-06-03,124,0,436476,28.4,0,"0 - 126,593","0 - 127K","0 - 8,753","0 - 9K","0 - 5,021","0 - 5K","0 - 221","0 - 221"
"Bay Area","Monterey",23,2023-06-04,2023-06-10,258,0,436476,59.1,0,"0 - 126,593","0 - 127K","0 - 8,753","0 - 9K","0 - 5,021","0 - 5K","0 - 221","0 - 221"
"Bay Area","Monterey",24,2023-06-11,2023-06-17,356,3,436476,81.6,0.7,"0 - 126,593","0 - 127K","0 - 8,753","0 - 9K","0 - 5,021","0 - 5K","0 - 221","0 - 221"
"Bay Area","Monterey",25,2023-06-18,2023-06-24,675,7,436476,154.6,1.6,"0 - 126,593","0 - 127K","0 - 8,753","0 - 9K","0 - 5,021","0 - 5K","0 - 221","0 - 221"
"Bay Area","Monterey",26,2023-06-25,2023-07-01,1247,7,436476,285.7,1.6,"0 - 126,593","0 - 127K","0 - 8,753","0 - 9K","0 - 5,021","0 - 5K","0 - 221","0 - 221"
"Bay Area","Monterey",27,2023-07-02,2023-07-08,1891,14,436476,433.2,3.2,"0 - 126,593","0 - 127K","0 - 8,753","0 - 9K","0 - 5,021","0 - 5K","0 - 221","0 - 221"
"Bay Area","Monterey",28,2023-07-09,2023-07-15,2731,25,436476,625.7,5.7,"0 - 126,593","0 - 127K","0 - 8,753","0 - 9K","0 - 5,021","0 - 5K","0 - 221","0 - 221"
"Bay Area","Monterey",29,2023-07-16,2023-07-22,3379,45,436476,774.2,10.3,"0 - 126,593","0 - 127K","0 - 8,753","0 - 9K","0 - 5,021","0 - 5K","0 - 221","0 - 221"
"Bay Area","Monterey",30,2023-07-23,2023-07-29,4113,69,436476,942.3,15.8,"0 - 126,593","0 - 127K","0 - 8,753","0 - 9K","0 - 5,021","0 - 5K","0 - 221","0 - 221"
"Bay Area","Monterey",31,2023-07-30,2023-08-05,5292,84,436476,1212.4,19.2,"0 - 126,593","0 - 127K","0 - 8,753","0 - 9K","0 - 5,021","0 - 5K","0 - 221","0 - 221"
"Bay Area","Monterey",32,2023-08-06,2023-08-12,6540,102,436476,1498.4,23.4,"0 - 126,593","0 - 127K","0 - 8,753","0 - 9K","0 - 5,021","0 - 5K","0 - 221","0 - 221"
"Bay Area","Monterey",33,2023-08-13,2023-08-19,8157,142,436476,1868.8,32.5,"0 - 126,593","0 - 127K","0 - 8,753","0 - 9K","0 - 5,021","0 - 5K","0 - 221","0 - 221"
"Bay Area","Monterey",34,2023-08-20,2023-08-26,10642,178,436476,2438.2,40.8,"0 - 126,593","0 - 127K","0 - 8,753","0 - 9K","0 - 5,021","0 - 5K","0 - 221","0 - 221"
"Bay Area","Monterey",35,2023-08-27,2023-09-02,14279,213,436476,3271.4,48.8,"0 - 126,593","0 - 127K","0 - 8,753","0 - 9K","0 - 5,021","0 - 5K","0 - 221","0 - 221"
"Bay Area","Monterey",36,2023-09-03,2023-09-09,17955,286,436476,4113.6,65.5,"0 - 126,593","0 - 127K","0 - 8,753","0 - 9K","0 - 5,021","0 - 5K","0 - 221","0 - 221"
"Bay Area","Monterey",37,2023-09-10,2023-09-16,21302,375,436476,4880.5,85.9,"0 - 126,593","0 - 127K","0 - 8,753","0 - 9K","0 - 5,021","0 - 5K","0 - 221","0 - 221"
"Bay Area","Monterey",38,2023-09-17,2023-09-23,25243,500,436476,5783.4,114.6,"0 - 126,593","0 - 127K","0 - 8,753","0 - 9K","0 - 5,021","0 - 5K","0 - 221","0 - 221"
"Bay Area","Monterey",39,2023-09-24,2023-09-30,28412,606,436476,6509.4,138.8,"0 - 126,593","0 - 127K","0 - 8,753","0 - 9K","0 - 5,021","0 - 5K","0 - 221","0 - 221"
"Bay Area","Monterey",40,2023-10-01,2023-10-07,31536,721,436476,7225.1,165.2,"0 - 126,593","0 - 127K","0 - 8,753","0 - 9K","0 - 5,021","0 - 5K","0 - 221","0 - 221"
"Bay Area","Monterey",41,2023-10-08,2023-10-14,34723,816,436476,7955.3,187,"0 - 126,593","0 - 127K","0 - 8,753","0 - 9K","0 - 5,021","0 - 5K","0 - 221","0 - 221"
"Bay Area","Monterey",42,2023-10-15,2023-10-21,37838,917,436476,8669,210.1,"0 - 126,593","0 - 127K","0 - 8,753","0 - 9K","0 - 5,021","0 - 5K","0 - 221","0 - 221"
"Bay Area","Monterey",43,2023-10-22,2023-10-28,40487,1006,436476,9275.9,230.5,"0 - 126,593","0 - 127K","8,753 - 17,506","9K - 18K","0 - 5,021","0 - 5K","221 - 442","221 - 442"
"Bay Area","Monterey",44,2023-10-29,2023-11-04,42244,1098,436476,9678.4,251.6,"0 - 126,593","0 - 127K","8,753 - 17,506","9K - 18K","0 - 5,021","0 - 5K","221 - 442","221 - 442"
"Bay Area","Monterey",45,2023-11-05,2023-11-11,43528,1171,436476,9972.6,268.3,"0 - 126,593","0 - 127K","8,753 - 17,506","9K - 18K","0 - 5,021","0 - 5K","221 - 442","221 - 442"
"Bay Area","Monterey",46,2023-11-12,2023-11-18,43954,1236,436476,10070.2,283.2,"0 - 126,593","0 - 127K","8,753 - 17,506","9K - 18K","0 - 5,021","0 - 5K","221 - 442","221 - 442"
"Bay Area","Monterey",47,2023-11-19,2023-11-25,44004,1281,436476,10081.7,293.5,"0 - 126,593","0 - 127K","8,753 - 17,506","9K - 18K","0 - 5,021","0 - 5K","221 - 442","221 - 442"
"Bay Area","Monterey",48,2023-11-26,2023-12-02,44071,1297,436476,10097,297.2,"0 - 126,593","0 - 127K","8,753 - 17,506","9K - 18K","0 - 5,021","0 - 5K","221 - 442","221 - 442"
"Bay Area","Monterey",49,2023-12-03,2023-12-09,44071,1303,436476,10097,298.5,"0 - 126,593","0 - 127K","8,753 - 17,506","9K - 18K","0 - 5,021","0 - 5K","221 - 442","221 - 442"
"Bay Area","Monterey",50,2023-12-10,2023-12-16,44136,1306,436476,10111.9,299.2,"0 - 126,593","0 - 127K","8,753 - 17,506","9K - 18K","0 - 5,021","0 - 5K","221 - 442","221 - 442"
"Bay Area","Monterey",51,2023-12-17,2023-12-23,44136,1307,436476,10111.9,299.4,"0 - 126,593","0 - 127K","8,753 - 17,506","9K - 18K","0 - 5,021","0 - 5K","221 - 442","221 - 442"
"Bay Area","Monterey",52,2023-12-24,2023-12-30,44136,1307,436476,10111.9,299.4,"0 - 126,593","0 - 127K","8,753 - 17,506","9K - 18K","0 - 5,021","0 - 5K","221 - 442","221 - 442"
"Bay Area","Napa",22,2023-05-28,2023-06-03,29,0,134484,21.6,0,"0 - 126,593","0 - 127K","0 - 8,753","0 - 9K","0 - 5,021","0 - 5K","0 - 221","0 - 221"
"Bay Area","Napa",23,2023-06-04,2023-06-10,74,0,134484,55,0,"0 - 126,593","0 - 127K","0 - 8,753","0 - 9K","0 - 5,021","0 - 5K","0 - 221","0 - 221"
"Bay Area","Napa",24,2023-06-11,2023-06-17,111,0,134484,82.5,0,"0 - 126,593","0 - 127K","0 - 8,753","0 - 9K","0 - 5,021","0 - 5K","0 - 221","0 - 221"
"Bay Area","Napa",25,2023-06-18,2023-06-24,209,0,134484,155.4,0,"0 - 126,593","0 - 127K","0 - 8,753","0 - 9K","0 - 5,021","0 - 5K","0 - 221","0 - 221"
"Bay Area","Napa",26,2023-06-25,2023-07-01,353,2,134484,262.5,1.5,"0 - 126,593","0 - 127K","0 - 8,753","0 - 9K","0 - 5,021","0 - 5K","0 - 221","0 - 221"
"Bay Area","Napa",27,2023-07-02,2023-07-08,533,4,134484,396.3,3,"0 - 126,593","0 - 127K","0 - 8,753","0 - 9K","0 - 5,021","0 - 5K","0 - 221","0 - 221"
"Bay Area","Napa",28,2023-07-09,2023-07-15,778,6,134484,578.5,4.5,"0 - 126,593","0 - 127K","0 - 8,753","0 - 9K","0 - 5,021","0 - 5K","0 - 221","0 - 221"
"Bay Area","Napa",29,2023-07-16,2023-07-22,969,12,134484,720.5,8.9,"0 - 126,593","0 - 127K","0 - 8,753","0 - 9K","0 - 5,021","0 - 5K","0 - 221","0 - 221"
"Bay Area","Napa",30,2023-07-23,2023-07-29,1175,22,134484,873.7,16.4,"0 - 126,593","0 - 127K","0 - 8,753","0 - 9K","0 - 5,021","0 - 5K","0 - 221","0 - 221"
"Bay Area","Napa",31,2023-07-30,2023-08-05,1544,26,134484,1148.1,19.3,"0 - 126,593","0 - 127K","0 - 8,753","0 - 9K","0 - 5,021","0 - 5K","0 - 221","0 - 221"
"Bay Area","Napa",32,2023-08-06,2023-08-12,1943,30,134484,1444.8,22.3,"0 - 126,593","0 - 127K","0 - 8,753","0 - 9K","0 - 5,021","0 - 5K","0 - 221","0 - 221"
"Bay Area","Napa",33,2023-08-13,2023-08-19,2408,38,134484,1790.5,28.3,"0 - 126,593","0 - 127K","0 - 8,753","0 - 9K","0 - 5,021","0 - 5K","0 - 221","0 - 221"
"Bay Area","Napa",34,2023-08-20,2023-08-26,3054,52,134484,2270.9,38.7,"0 - 126,593","0 - 127K","0 - 8,753","0 - 9K","0 - 5,021","0 - 5K","0 - 221","0 - 221"
"Bay Area","Napa",35,2023-08-27,2023-09-02,4084,65,134484,3036.8,48.3,"0 - 126,593","0 - 127K","0 - 8,753","0 - 9K","0 - 5,021","0 - 5K","0 - 221","0 - 221"
"Bay Area","Napa",36,2023-09-03,2023-09-09,5089,87,134484,3784.1,64.7,"0 - 126,593","0 - 127K","0 - 8,753","0 - 9K","0 - 5,021","0 - 5K","0 - 221","0 - 221"
"Bay Area","Napa",37,2023-09-10,2023-09-16,6113,108,134484,4545.5,80.3,"0 - 126,593","0 - 127K","0 - 8,753","0 - 9K","0 - 5,021","0 - 5K","0 - 221","0 - 221"
"Bay Area","Napa",38,2023-09-17,2023-09-23,7175,135,134484,5335.2,100.4,"0 - 126,593","0 - 127K","0 - 8,753","0 - 9K","0 - 5,021","0 - 5K","0 - 221","0 - 221"
"Bay Area","Napa",39,2023-09-24,2023-09-30,8150,177,134484,6060.2,131.6,"0 - 126,593","0 - 127K","0 - 8,753","0 - 9K","0 - 5,021","0 - 5K","0 - 221","0 - 221"
"Bay Area","Napa",40,2023-10-01,2023-10-07,9081,212,134484,6752.5,157.6,"0 - 126,593","0 - 127K","0 - 8,753","0 - 9K","0 - 5,021","0 - 5K","0 - 221","0 - 221"
"Bay Area","Napa",41,2023-10-08,2023-10-14,9983,247,134484,7423.2,183.7,"0 - 126,593","0 - 127K","0 - 8,753","0 - 9K","0 - 5,021","0 - 5K","0 - 221","0 - 221"
"Bay Area","Napa",42,2023-10-15,2023-10-21,10875,272,134484,8086.5,202.3,"0 - 126,593","0 - 127K","0 - 8,753","0 - 9K","0 - 5,021","0 - 5K","0 - 221","0 - 221"
"Bay Area","Napa",43,2023-10-22,2023-10-28,11634,309,134484,8650.8,229.8,"0 - 126,593","0 - 127K","0 - 8,753","0 - 9K","0 - 5,021","0 - 5K","221 - 442","221 - 442"
"Bay Area","Napa",44,2023-10-29,2023-11-04,12103,343,134484,8999.6,255,"0 - 126,593","0 - 127K","8,753 - 17,506","9K - 18K","0 - 5,021","0 - 5K","221 - 442","221 - 442"
"Bay Area","Napa",45,2023-11-05,2023-11-11,12491,365,134484,9288.1,271.4,"0 - 126,593","0 - 127K","8,753 - 17,506","9K - 18K","0 - 5,021","0 - 5K","221 - 442","221 - 442"
"Bay Area","Napa",46,2023-11-12,2023-11-18,12610,383,134484,9376.6,284.8,"0 - 126,593","0 - 127K","8,753 - 17,506","9K - 18K","0 - 5,021","0 - 5K","221 - 442","221 - 442"
"Bay Area","Napa",47,2023-11-19,2023-11-25,12621,393,134484,9384.8,292.2,"0 - 126,593","0 - 127K","8,753 - 17,506","9K - 18K","0 - 5,021","0 - 5K","221 - 442","221 - 442"
"Bay Area","Napa",48,2023-11-26,2023-12-02,12645,397,134484,9402.6,295.2,"0 - 126,593","0 - 127K","8,753 - 17,506","9K - 18K","0 - 5,021","0 - 5K","221 - 442","221 - 442"
"Bay Area","Napa",49,2023-12-03,2023-12-09,12645,400,134484,9402.6,297.4,"0 - 126,593","0 - 127K","8,753 - 17,506","9K - 18K","0 - 5,021","0 - 5K","221 - 442","221 - 442"
"Bay Area","Napa",50,2023-12-10,2023-12-16,12673,401,134484,9423.4,298.2,"0 - 126,593","0 - 127K","8,753 - 17,506","9K - 18K","0 - 5,021","0 - 5K","221 - 442","221 - 442"
"Bay Area","Napa",51,2023-12-17,2023-12-23,12673,401,134484,9423.4,298.2,"0 - 126,593","0 - 127K","8,753 - 17,506","9K - 18K","0 - 5,021","0 - 5K","221 - 442","221 - 442"
"Bay Area","Napa",52,2023-12-24,2023-12-30,12673,402,134484,9423.4,298.9,"0 - 126,593","0 - 127K","8,753 - 17,506","9K - 18K","0 - 5,021","0 - 5K","221 - 442","221 - 442"
"Bay Area","San Benito",22,2023-05-28,2023-06-03,14,0,65082,21.5,0,"0 - 126,593","0 - 127K","0 - 8,753","0 - 9K","0 - 5,021","0 - 5K","0 - 221","0 - 221"
"Bay Area","San Benito",23,2023-06-04,2023-06-10,29,0,65082,44.6,0,"0 - 126,593","0 - 127K","0 - 8,753","0 - 9K","0 - 5,021","0 - 5K","0 - 221","0 - 221"
"Bay Area","San Benito",24,2023-06-11,2023-06-17,49,0,65082,75.3,0,"0 - 126,593","0 - 127K","0 - 8,753","0 - 9K","0 - 5,021","0 - 5K","0 - 221","0 - 221"
"Bay Area","San Benito",25,2023-06-18,2023-06-24,84,0,65082,129.1,0,"0 - 126,593","0 - 127K","0 - 8,753","0 - 9K","0 - 5,021","0 - 5K","0 - 221","0 - 221"
"Bay Area","San Benito",26,2023-06-25,2023-07-01,130,0,65082,199.7,0,"0 - 126,593","0 - 127K","0 - 8,753","0 - 9K","0 - 5,021","0 - 5K","0 - 221","0 - 221"
"Bay Area","San Benito",27,2023-07-02,2023-07-08,211,1,65082,324.2,1.5,"0 - 126,593","0 - 127K","0 - 8,753","0 - 9K","0 - 5,021","0 - 5K","0 - 221","0 - 221"
"Bay Area","San Benito",28,2023-07-09,2023-07-15,305,3,65082,468.6,4.6,"0 - 126,593","0 - 127K","0 - 8,753","0 - 9K","0 - 5,021","0 - 5K","0 - 221","0 - 221"
"Bay Area","San Benito",29,2023-07-16,2023-07-22,387,7,65082,594.6,10.8,"0 - 126,593","0 - 127K","0 - 8,753","0 - 9K","0 - 5,021","0 - 5K","0 - 221","0 - 221"
"Bay Area","San Benito",30,2023-07-23,2023-07-29,478,10,65082,734.5,15.4,"0 - 126,593","0 - 127K","0 - 8,753","0 - 9K","0 - 5,021","0 - 5K","0 - 221","0 - 221"
"Bay Area","San Benito",31,2023-07-30,2023-08-05,631,15,65082,969.5,23,"0 - 126,593","0 - 127K","0 - 8,753","0 - 9K","0 - 5,021","0 - 5K","0 - 221","0 - 221"
"Bay Area","San Benito",32,2023-08-06,2023-08-12,789,17,65082,1212.3,26.1,"0 - 126,593","0 - 127K","0 - 8,753","0 - 9K","0 - 5,021","0 - 5K","0 - 221","0 - 221"
"Bay Area","San Benito",33,2023-08-13,2023-08-19,987,19,65082,1516.5,29.2,"0 - 126,593","0 - 127K","0 - 8,753","0 - 9K","0 - 5,021","0 - 5K","0 - 221","0 - 221"
"Bay Area","San Benito",34,2023-08-20,2023-08-26,1274,23,65082,1957.5,35.3,"0 - 126,593","0 - 127K","0 - 8,753","0 - 9K","0 - 5,021","0 - 5K","0 - 221","0 - 221"
"Bay Area","San Benito",35,2023-08-27,2023-09-02,1706,30,65082,2621.3,46.1,"0 - 126,593","0 - 127K","0 - 8,753","0 - 9K","0 - 5,021","0 - 5K","0 - 221","0 - 221"
"Bay Area","San Benito",36,2023-09-03,2023-09-09,2091,37,65082,3212.9,56.9,"0 - 126,593","0 - 127K","0 - 8,753","0 - 9K","0 - 5,021","0 - 5K","0 - 221","0 - 221"
"Bay Area","San Benito",37,2023-09-10,2023-09-16,2501,50,65082,3842.8,76.8,"0 - 126,593","0 - 127K","0 - 8,753","0 - 9K","0 - 5,021","0 - 5K","0 - 221","0 - 221"
"Bay Area","San Benito",38,2023-09-17,2023-09-23,2964,63,65082,4554.3,96.8,"0 - 126,593","0 - 127K","0 - 8,753","0 - 9K","0 - 5,021","0 - 5K","0 - 221","0 - 221"
"Bay Area","San Benito",39,2023-09-24,2023-09-30,3384,74,65082,5199.6,113.7,"0 - 126,593","0 - 127K","0 - 8,753","0 - 9K","0 - 5,021","0 - 5K","0 - 221","0 - 221"
"Bay Area","San Benito",40,2023-10-01,2023-10-07,3773,84,65082,5797.3,129.1,"0 - 126,593","0 - 127K","0 - 8,753","0 - 9K","0 - 5,021","0 - 5K","0 - 221","0 - 221"
"Bay Area","San Benito",41,2023-10-08,2023-10-14,4148,96,65082,6373.5,147.5,"0 - 126,593","0 - 127K","0 - 8,753","0 - 9K","0 - 5,021","0 - 5K","0 - 221","0 - 221"
"Bay Area","San Benito",42,2023-10-15,2023-10-21,4520,109,65082,6945.1,167.5,"0 - 126,593","0 - 127K","0 - 8,753","0 - 9K","0 - 5,021","0 - 5K","0 - 221","0 - 221"
"Bay Area","San Benito",43,2023-10-22,2023-10-28,4846,117,65082,7446,179.8,"0 - 126,593","0 - 127K","0 - 8,753","0 - 9K","0 - 5,021","0 - 5K","0 - 221","0 - 221"
"Bay Area","San Benito",44,2023-10-29,2023-11-04,5071,133,65082,7791.7,204.4,"0 - 126,593","0 - 127K","0 - 8,753","0 - 9K","0 - 5,021","0 - 5K","0 - 221","0 - 221"
"Bay Area","San Benito",45,2023-11-05,2023-11-11,5217,145,65082,8016,222.8,"0 - 126,593","0 - 127K","0 - 8,753","0 - 9K","0 - 5,021","0 - 5K","221 - 442","221 - 442"
"Bay Area","San Benito",46,2023-11-12,2023-11-18,5272,151,65082,8100.6,232,"0 - 126,593","0 - 127K","0 - 8,753","0 - 9K","0 - 5,021","0 - 5K","221 - 442","221 - 442"
"Bay Area","San Benito",47,2023-11-19,2023-11-25,5280,156,65082,8112.8,239.7,"0 - 126,593","0 - 127K","0 - 8,753","0 - 9K","0 - 5,021","0 - 5K","221 - 442","221 - 442"
"Bay Area","San Benito",48,2023-11-26,2023-12-02,5285,158,65082,8120.5,242.8,"0 - 126,593","0 - 127K","0 - 8,753","0 - 9K","0 - 5,021","0 - 5K","221 - 442","221 - 442"
"Bay Area","San Benito",49,2023-12-03,2023-12-09,5285,158,65082,8120.5,242.8,"0 - 126,593","0 - 127K","0 - 8,753","0 - 9K","0 - 5,021","0 - 5K","221 - 442","221 - 442"
"Bay Area","San Benito",50,2023-12-10,2023-12-16,5291,159,65082,8129.7,244.3,"0 - 126,593","0 - 127K","0 - 8,753","0 - 9K","0 - 5,021","0 - 5K","221 - 442","221 - 442"
"Bay Area","San Benito",51,2023-12-17,2023-12-23,5291,160,65082,8129.7,245.8,"0 - 126,593","0 - 127K","0 - 8,753","0 - 9K","0 - 5,021","0 - 5K","221 - 442","221 - 442"
"Bay Area","San Benito",52,2023-12-24,2023-12-30,5291,160,65082,8129.7,245.8,"0 - 126,593","0 - 127K","0 - 8,753","0 - 9K","0 - 5,021","0 - 5K","221 - 442","221 - 442"
"Bay Area","San Francisco",22,2023-05-28,2023-06-03,279,0,848019,32.9,0,"0 - 126,593","0 - 127K","0 - 8,753","0 - 9K","0 - 5,021","0 - 5K","0 - 221","0 - 221"
"Bay Area","San Francisco",23,2023-06-04,2023-06-10,519,0,848019,61.2,0,"0 - 126,593","0 - 127K","0 - 8,753","0 - 9K","0 - 5,021","0 - 5K","0 - 221","0 - 221"
"Bay Area","San Francisco",24,2023-06-11,2023-06-17,729,12,848019,86,1.4,"0 - 126,593","0 - 127K","0 - 8,753","0 - 9K","0 - 5,021","0 - 5K","0 - 221","0 - 221"
"Bay Area","San Francisco",25,2023-06-18,2023-06-24,1412,18,848019,166.5,2.1,"0 - 126,593","0 - 127K","0 - 8,753","0 - 9K","0 - 5,021","0 - 5K","0 - 221","0 - 221"
"Bay Area","San Francisco",26,2023-06-25,2023-07-01,2467,24,848019,290.9,2.8,"0 - 126,593","0 - 127K","0 - 8,753","0 - 9K","0 - 5,021","0 - 5K","0 - 221","0 - 221"
"Bay Area","San Francisco",27,2023-07-02,2023-07-08,3789,45,848019,446.8,5.3,"0 - 126,593","0 - 127K","0 - 8,753","0 - 9K","0 - 5,021","0 - 5K","0 - 221","0 - 221"
"Bay Area","San Francisco",28,2023-07-09,2023-07-15,5378,81,848019,634.2,9.6,"0 - 126,593","0 - 127K","0 - 8,753","0 - 9K","0 - 5,021","0 - 5K","0 - 221","0 - 221"
"Bay Area","San Francisco",29,2023-07-16,2023-07-22,6718,119,848019,792.2,14,"0 - 126,593","0 - 127K","0 - 8,753","0 - 9K","0 - 5,021","0 - 5K","0 - 221","0 - 221"
"Bay Area","San Francisco",30,2023-07-23,2023-07-29,8085,161,848019,953.4,19,"0 - 126,593","0 - 127K","0 - 8,753","0 - 9K","0 - 5,021","0 - 5K","0 - 221","0 - 221"
"Bay Area","San Francisco",31,2023-07-30,2023-08-05,10510,202,848019,1239.4,23.8,"0 - 126,593","0 - 127K","0 - 8,753","0 - 9K","0 - 5,021","0 - 5K","0 - 221","0 - 221"
"Bay Area","San Francisco",32,2023-08-06,2023-08-12,12870,250,848019,1517.7,29.5,"0 - 126,593","0 - 127K","0 - 8,753","0 - 9K","0 - 5,021","0 - 5K","0 - 221","0 - 221"
"Bay Area","San Francisco",33,2023-08-13,2023-08-19,15946,319,848019,1880.4,37.6,"0 - 126,593","0 - 127K","0 - 8,753","0 - 9K","0 - 5,021","0 - 5K","0 - 221","0 - 221"
"Bay Area","San Francisco",34,2023-08-20,2023-08-26,20654,393,848019,2435.6,46.3,"0 - 126,593","0 - 127K","0 - 8,753","0 - 9K","0 - 5,021","0 - 5K","0 - 221","0 - 221"
"Bay Area","San Francisco",35,2023-08-27,2023-09-02,27752,466,848019,3272.6,55,"0 - 126,593","0 - 127K","0 - 8,753","0 - 9K","0 - 5,021","0 - 5K","0 - 221","0 - 221"
"Bay Area","San Francisco",36,2023-09-03,2023-09-09,34814,594,848019,4105.3,70,"0 - 126,593","0 - 127K","0 - 8,753","0 - 9K","0 - 5,021","0 - 5K","0 - 221","0 - 221"
"Bay Area","San Francisco",37,2023-09-10,2023-09-16,41214,758,848019,4860,89.4,"0 - 126,593","0 - 127K","0 - 8,753","0 - 9K","0 - 5,021","0 - 5K","0 - 221","0 - 221"
"Bay Area","San Francisco",38,2023-09-17,2023-09-23,48721,953,848019,5745.3,112.4,"0 - 126,593","0 - 127K","0 - 8,753","0 - 9K","0 - 5,021","0 - 5K","0 - 221","0 - 221"
"Bay Area","San Francisco",39,2023-09-24,2023-09-30,54882,1119,848019,6471.8,132,"0 - 126,593","0 - 127K","0 - 8,753","0 - 9K","0 - 5,021","0 - 5K","0 - 221","0 - 221"
"Bay Area","San Francisco",40,2023-10-01,2023-10-07,61040,1317,848019,7198,155.3,"0 - 126,593","0 - 127K","0 - 8,753","0 - 9K","0 - 5,021","0 - 5K","0 - 221","0 - 221"
"Bay Area","San Francisco",41,2023-10-08,2023-10-14,67047,1496,848019,7906.3,176.4,"0 - 126,593","0 - 127K","0 - 8,753","0 - 9K","0 - 5,021","0 - 5K","0 - 221","0 - 221"
"Bay Area","San Francisco",42,2023-10-15,2023-10-21,73083,1650,848019,8618.1,194.6,"0 - 126,593","0 - 127K","0 - 8,753","0 - 9K","0 - 5,021","0 - 5K","0 - 221","0 - 221"
"Bay Area","San Francisco",43,2023-10-22,2023-10-28,78059,1834,848019,9204.9,216.3,"0 - 126,593","0 - 127K","8,753 - 17,506","9K - 18K","0 - 5,021","0 - 5K","0 - 221","0 - 221"
"Bay Area","San Francisco",44,2023-10-29,2023-11-04,81395,1993,848019,9598.3,235,"0 - 126,593","0 - 127K","8,753 - 17,506","9K - 18K","0 - 5,021","0 - 5K","221 - 442","221 - 442"
"Bay Area","San Francisco",45,2023-11-05,2023-11-11,83815,2142,848019,9883.6,252.6,"0 - 126,593","0 - 127K","8,753 - 17,506","9K - 18K","0 - 5,021","0 - 5K","221 - 442","221 - 442"
"Bay Area","San Francisco",46,2023-11-12,2023-11-18,84717,2242,848019,9990,264.4,"0 - 126,593","0 - 127K","8,753 - 17,506","9K - 18K","0 - 5,021","0 - 5K","221 - 442","221 - 442"
"Bay Area","San Francisco",47,2023-11-19,2023-11-25,84828,2312,848019,10003.1,272.6,"0 - 126,593","0 - 127K","8,753 - 17,506","9K - 18K","0 - 5,021","0 - 5K","221 - 442","221 - 442"
"Bay Area","San Francisco",48,2023-11-26,2023-12-02,84980,2358,848019,10021,278.1,"0 - 126,593","0 - 127K","8,753 - 17,506","9K - 18K","0 - 5,021","0 - 5K","221 - 442","221 - 442"
"Bay Area","San Francisco",49,2023-12-03,2023-12-09,84980,2369,848019,10021,279.4,"0 - 126,593","0 - 127K","8,753 - 17,506","9K - 18K","0 - 5,021","0 - 5K","221 - 442","221 - 442"
"Bay Area","San Francisco",50,2023-12-10,2023-12-16,85116,2373,848019,10037,279.8,"0 - 126,593","0 - 127K","8,753 - 17,506","9K - 18K","0 - 5,021","0 - 5K","221 - 442","221 - 442"
"Bay Area","San Francisco",51,2023-12-17,2023-12-23,85116,2375,848019,10037,280.1,"0 - 126,593","0 - 127K","8,753 - 17,506","9K - 18K","0 - 5,021","0 - 5K","221 - 442","221 - 442"
"Bay Area","San Francisco",52,2023-12-24,2023-12-30,85116,2379,848019,10037,280.5,"0 - 126,593","0 - 127K","8,753 - 17,506","9K - 18K","0 - 5,021","0 - 5K","221 - 442","221 - 442"
"Bay Area","San Mateo",22,2023-05-28,2023-06-03,206,0,749075,27.5,0,"0 - 126,593","0 - 127K","0 - 8,753","0 - 9K","0 - 5,021","0 - 5K","0 - 221","0 - 221"
"Bay Area","San Mateo",23,2023-06-04,2023-06-10,404,0,749075,53.9,0,"0 - 126,593","0 - 127K","0 - 8,753","0 - 9K","0 - 5,021","0 - 5K","0 - 221","0 - 221"
"Bay Area","San Mateo",24,2023-06-11,2023-06-17,561,3,749075,74.9,0.4,"0 - 126,593","0 - 127K","0 - 8,753","0 - 9K","0 - 5,021","0 - 5K","0 - 221","0 - 221"
"Bay Area","San Mateo",25,2023-06-18,2023-06-24,1065,9,749075,142.2,1.2,"0 - 126,593","0 - 127K","0 - 8,753","0 - 9K","0 - 5,021","0 - 5K","0 - 221","0 - 221"
"Bay Area","San Mateo",26,2023-06-25,2023-07-01,1928,13,749075,257.4,1.7,"0 - 126,593","0 - 127K","0 - 8,753","0 - 9K","0 - 5,021","0 - 5K","0 - 221","0 - 221"
"Bay Area","San Mateo",27,2023-07-02,2023-07-08,2907,24,749075,388.1,3.2,"0 - 126,593","0 - 127K","0 - 8,753","0 - 9K","0 - 5,021","0 - 5K","0 - 221","0 - 221"
"Bay Area","San Mateo",28,2023-07-09,2023-07-15,4233,42,749075,565.1,5.6,"0 - 126,593","0 - 127K","0 - 8,753","0 - 9K","0 - 5,021","0 - 5K","0 - 221","0 - 221"
"Bay Area","San Mateo",29,2023-07-16,2023-07-22,5219,74,749075,696.7,9.9,"0 - 126,593","0 - 127K","0 - 8,753","0 - 9K","0 - 5,021","0 - 5K","0 - 221","0 - 221"
"Bay Area","San Mateo",30,2023-07-23,2023-07-29,6286,112,749075,839.2,15,"0 - 126,593","0 - 127K","0 - 8,753","0 - 9K","0 - 5,021","0 - 5K","0 - 221","0 - 221"
"Bay Area","San Mateo",31,2023-07-30,2023-08-05,8207,139,749075,1095.6,18.6,"0 - 126,593","0 - 127K","0 - 8,753","0 - 9K","0 - 5,021","0 - 5K","0 - 221","0 - 221"
"Bay Area","San Mateo",32,2023-08-06,2023-08-12,10126,178,749075,1351.8,23.8,"0 - 126,593","0 - 127K","0 - 8,753","0 - 9K","0 - 5,021","0 - 5K","0 - 221","0 - 221"
"Bay Area","San Mateo",33,2023-08-13,2023-08-19,12593,227,749075,1681.1,30.3,"0 - 126,593","0 - 127K","0 - 8,753","0 - 9K","0 - 5,021","0 - 5K","0 - 221","0 - 221"
"Bay Area","San Mateo",34,2023-08-20,2023-08-26,16224,290,749075,2165.9,38.7,"0 - 126,593","0 - 127K","0 - 8,753","0 - 9K","0 - 5,021","0 - 5K","0 - 221","0 - 221"
"Bay Area","San Mateo",35,2023-08-27,2023-09-02,21856,370,749075,2917.7,49.4,"0 - 126,593","0 - 127K","0 - 8,753","0 - 9K","0 - 5,021","0 - 5K","0 - 221","0 - 221"
"Bay Area","San Mateo",36,2023-09-03,2023-09-09,27424,476,749075,3661,63.5,"0 - 126,593","0 - 127K","0 - 8,753","0 - 9K","0 - 5,021","0 - 5K","0 - 221","0 - 221"
"Bay Area","San Mateo",37,2023-09-10,2023-09-16,32706,641,749075,4366.2,85.6,"0 - 126,593","0 - 127K","0 - 8,753","0 - 9K","0 - 5,021","0 - 5K","0 - 221","0 - 221"
"Bay Area","San Mateo",38,2023-09-17,2023-09-23,38730,816,749075,5170.4,108.9,"0 - 126,593","0 - 127K","0 - 8,753","0 - 9K","0 - 5,021","0 - 5K","0 - 221","0 - 221"
"Bay Area","San Mateo",39,2023-09-24,2023-09-30,43565,979,749075,5815.8,130.7,"0 - 126,593","0 - 127K","0 - 8,753","0 - 9K","0 - 5,021","0 - 5K","0 - 221","0 - 221"
"Bay Area","San Mateo",40,2023-10-01,2023-10-07,48543,1199,749075,6480.4,160.1,"0 - 126,593","0 - 127K","0 - 8,753","0 - 9K","0 - 5,021","0 - 5K","0 - 221","0 - 221"
"Bay Area","San Mateo",41,2023-10-08,2023-10-14,53397,1352,749075,7128.4,180.5,"0 - 126,593","0 - 127K","0 - 8,753","0 - 9K","0 - 5,021","0 - 5K","0 - 221","0 - 221"
"Bay Area","San Mateo",42,2023-10-15,2023-10-21,58401,1491,749075,7796.4,199,"0 - 126,593","0 - 127K","0 - 8,753","0 - 9K","0 - 5,021","0 - 5K","0 - 221","0 - 221"
"Bay Area","San Mateo",43,2023-10-22,2023-10-28,62362,1637,749075,8325.2,218.5,"0 - 126,593","0 - 127K","0 - 8,753","0 - 9K","0 - 5,021","0 - 5K","0 - 221","0 - 221"
"Bay Area","San Mateo",44,2023-10-29,2023-11-04,65050,1783,749075,8684,238,"0 - 126,593","0 - 127K","0 - 8,753","0 - 9K","0 - 5,021","0 - 5K","221 - 442","221 - 442"
"Bay Area","San Mateo",45,2023-11-05,2023-11-11,67011,1913,749075,8945.8,255.4,"0 - 126,593","0 - 127K","8,753 - 17,506","9K - 18K","0 - 5,021","0 - 5K","221 - 442","221 - 442"
"Bay Area","San Mateo",46,2023-11-12,2023-11-18,67661,2009,749075,9032.6,268.2,"0 - 126,593","0 - 127K","8,753 - 17,506","9K - 18K","0 - 5,021","0 - 5K","221 - 442","221 - 442"
"Bay Area","San Mateo",47,2023-11-19,2023-11-25,67745,2094,749075,9043.8,279.5,"0 - 126,593","0 - 127K","8,753 - 17,506","9K - 18K","0 - 5,021","0 - 5K","221 - 442","221 - 442"
"Bay Area","San Mateo",48,2023-11-26,2023-12-02,67880,2131,749075,9061.8,284.5,"0 - 126,593","0 - 127K","8,753 - 17,506","9K - 18K","0 - 5,021","0 - 5K","221 - 442","221 - 442"
"Bay Area","San Mateo",49,2023-12-03,2023-12-09,67880,2143,749075,9061.8,286.1,"0 - 126,593","0 - 127K","8,753 - 17,506","9K - 18K","0 - 5,021","0 - 5K","221 - 442","221 - 442"
"Bay Area","San Mateo",50,2023-12-10,2023-12-16,67986,2148,749075,9076,286.8,"0 - 126,593","0 - 127K","8,753 - 17,506","9K - 18K","0 - 5,021","0 - 5K","221 - 442","221 - 442"
"Bay Area","San Mateo",51,2023-12-17,2023-12-23,67986,2149,749075,9076,286.9,"0 - 126,593","0 - 127K","8,753 - 17,506","9K - 18K","0 - 5,021","0 - 5K","221 - 442","221 - 442"
"Bay Area","San Mateo",52,2023-12-24,2023-12-30,67986,2152,749075,9076,287.3,"0 - 126,593","0 - 127K","8,753 - 17,506","9K - 18K","0 - 5,021","0 - 5K","221 - 442","221 - 442"
"Bay Area","Santa Clara",22,2023-05-28,2023-06-03,536,0,1911749,28,0,"0 - 126,593","0 - 127K","0 - 8,753","0 - 9K","0 - 5,021","0 - 5K","0 - 221","0 - 221"
"Bay Area","Santa Clara",23,2023-06-04,2023-06-10,1012,0,1911749,52.9,0,"0 - 126,593","0 - 127K","0 - 8,753","0 - 9K","0 - 5,021","0 - 5K","0 - 221","0 - 221"
"Bay Area","Santa Clara",24,2023-06-11,2023-06-17,1447,16,1911749,75.7,0.8,"0 - 126,593","0 - 127K","0 - 8,753","0 - 9K","0 - 5,021","0 - 5K","0 - 221","0 - 221"
"Bay Area","Santa Clara",25,2023-06-18,2023-06-24,2761,30,1911749,144.4,1.6,"0 - 126,593","0 - 127K","0 - 8,753","0 - 9K","0 - 5,021","0 - 5K","0 - 221","0 - 221"
"Bay Area","Santa Clara",26,2023-06-25,2023-07-01,4848,43,1911749,253.6,2.2,"0 - 126,593","0 - 127K","0 - 8,753","0 - 9K","0 - 5,021","0 - 5K","0 - 221","0 - 221"
"Bay Area","Santa Clara",27,2023-07-02,2023-07-08,7386,72,1911749,386.3,3.8,"0 - 126,593","0 - 127K","0 - 8,753","0 - 9K","0 - 5,021","0 - 5K","0 - 221","0 - 221"
"Bay Area","Santa Clara",28,2023-07-09,2023-07-15,10675,119,1911749,558.4,6.2,"0 - 126,593","0 - 127K","0 - 8,753","0 - 9K","0 - 5,021","0 - 5K","0 - 221","0 - 221"
"Bay Area","Santa Clara",29,2023-07-16,2023-07-22,13370,205,1911749,699.4,10.7,"0 - 126,593","0 - 127K","0 - 8,753","0 - 9K","0 - 5,021","0 - 5K","0 - 221","0 - 221"
"Bay Area","Santa Clara",30,2023-07-23,2023-07-29,16219,310,1911749,848.4,16.2,"0 - 126,593","0 - 127K","0 - 8,753","0 - 9K","0 - 5,021","0 - 5K","0 - 221","0 - 221"
"Bay Area","Santa Clara",31,2023-07-30,2023-08-05,21139,403,1911749,1105.7,21.1,"0 - 126,593","0 - 127K","0 - 8,753","0 - 9K","0 - 5,021","0 - 5K","0 - 221","0 - 221"
"Bay Area","Santa Clara",32,2023-08-06,2023-08-12,26090,479,1911749,1364.7,25.1,"0 - 126,593","0 - 127K","0 - 8,753","0 - 9K","0 - 5,021","0 - 5K","0 - 221","0 - 221"
"Bay Area","Santa Clara",33,2023-08-13,2023-08-19,32370,608,1911749,1693.2,31.8,"0 - 126,593","0 - 127K","0 - 8,753","0 - 9K","0 - 5,021","0 - 5K","0 - 221","0 - 221"
"Bay Area","Santa Clara",34,2023-08-20,2023-08-26,41715,735,1911749,2182,38.4,"0 - 126,593","0 - 127K","0 - 8,753","0 - 9K","0 - 5,021","0 - 5K","0 - 221","0 - 221"
"Bay Area","Santa Clara",35,2023-08-27,2023-09-02,56214,898,1911749,2940.4,47,"0 - 126,593","0 - 127K","0 - 8,753","0 - 9K","0 - 5,021","0 - 5K","0 - 221","0 - 221"
"Bay Area","Santa Clara",36,2023-09-03,2023-09-09,70352,1140,1911749,3680,59.6,"0 - 126,593","0 - 127K","0 - 8,753","0 - 9K","0 - 5,021","0 - 5K","0 - 221","0 - 221"
"Bay Area","Santa Clara",37,2023-09-10,2023-09-16,83512,1517,1911749,4368.4,79.4,"0 - 126,593","0 - 127K","0 - 8,753","0 - 9K","0 - 5,021","0 - 5K","0 - 221","0 - 221"
"Bay Area","Santa Clara",38,2023-09-17,2023-09-23,98467,1936,1911749,5150.6,101.3,"0 - 126,593","0 - 127K","0 - 8,753","0 - 9K","0 - 5,021","0 - 5K","0 - 221","0 - 221"
"Bay Area","Santa Clara",39,2023-09-24,2023-09-30,110921,2317,1911749,5802.1,121.2,"0 - 126,593","0 - 127K","0 - 8,753","0 - 9K","0 - 5,021","0 - 5K","0 - 221","0 - 221"
"Bay Area","Santa Clara",40,2023-10-01,2023-10-07,123441,2752,1911749,6457,144,"0 - 126,593","0 - 127K","0 - 8,753","0 - 9K","0 - 5,021","0 - 5K","0 - 221","0 - 221"
"Bay Area","Santa Clara",41,2023-10-08,2023-10-14,135873,3129,1911749,7107.3,163.7,"126,593 - 253,187","127K - 253K","0 - 8,753","0 - 9K","0 - 5,021","0 - 5K","0 - 221","0 - 221"
"Bay Area","Santa Clara",42,2023-10-15,2023-10-21,148550,3455,1911749,7770.4,180.7,"126,593 - 253,187","127K - 253K","0 - 8,753","0 - 9K","0 - 5,021","0 - 5K","0 - 221","0 - 221"
"Bay Area","Santa Clara",43,2023-10-22,2023-10-28,158786,3827,1911749,8305.8,200.2,"126,593 - 253,187","127K - 253K","0 - 8,753","0 - 9K","0 - 5,021","0 - 5K","0 - 221","0 - 221"
"Bay Area","Santa Clara",44,2023-10-29,2023-11-04,165649,4220,1911749,8664.8,220.7,"126,593 - 253,187","127K - 253K","0 - 8,753","0 - 9K","0 - 5,021","0 - 5K","0 - 221","0 - 221"
"Bay Area","Santa Clara",45,2023-11-05,2023-11-11,170503,4514,1911749,8918.7,236.1,"126,593 - 253,187","127K - 253K","8,753 - 17,506","9K - 18K","0 - 5,021","0 - 5K","221 - 442","221 - 442"
"Bay Area","Santa Clara",46,2023-11-12,2023-11-18,172236,4734,1911749,9009.3,247.6,"126,593 - 253,187","127K - 253K","8,753 - 17,506","9K - 18K","0 - 5,021","0 - 5K","221 - 442","221 - 442"
"Bay Area","Santa Clara",47,2023-11-19,2023-11-25,172464,4881,1911749,9021.3,255.3,"126,593 - 253,187","127K - 253K","8,753 - 17,506","9K - 18K","0 - 5,021","0 - 5K","221 - 442","221 - 442"
"Bay Area","Santa Clara",48,2023-11-26,2023-12-02,172781,4946,1911749,9037.8,258.7,"126,593 - 253,187","127K - 253K","8,753 - 17,506","9K - 18K","0 - 5,021","0 - 5K","221 - 442","221 - 442"
"Bay Area","Santa Clara",49,2023-12-03,2023-12-09,172781,4961,1911749,9037.8,259.5,"126,593 - 253,187","127K - 253K","8,753 - 17,506","9K - 18K","0 - 5,021","0 - 5K","221 - 442","221 - 442"
"Bay Area","Santa Clara",50,2023-12-10,2023-12-16,173074,4971,1911749,9053.2,260,"126,593 - 253,187","127K - 253K","8,753 - 17,506","9K - 18K","0 - 5,021","0 - 5K","221 - 442","221 - 442"
"Bay Area","Santa Clara",51,2023-12-17,2023-12-23,173074,4971,1911749,9053.2,260,"126,593 - 253,187","127K - 253K","8,753 - 17,506","9K - 18K","0 - 5,021","0 - 5K","221 - 442","221 - 442"
"Bay Area","Santa Clara",52,2023-12-24,2023-12-30,173074,4983,1911749,9053.2,260.7,"126,593 - 253,187","127K - 253K","8,753 - 17,506","9K - 18K","0 - 5,021","0 - 5K","221 - 442","221 - 442"
"Bay Area","Santa Cruz",22,2023-05-28,2023-06-03,76,0,263101,28.9,0,"0 - 126,593","0 - 127K","0 - 8,753","0 - 9K","0 - 5,021","0 - 5K","0 - 221","0 - 221"
"Bay Area","Santa Cruz",23,2023-06-04,2023-06-10,156,0,263101,59.3,0,"0 - 126,593","0 - 127K","0 - 8,753","0 - 9K","0 - 5,021","0 - 5K","0 - 221","0 - 221"
"Bay Area","Santa Cruz",24,2023-06-11,2023-06-17,222,1,263101,84.4,0.4,"0 - 126,593","0 - 127K","0 - 8,753","0 - 9K","0 - 5,021","0 - 5K","0 - 221","0 - 221"
"Bay Area","Santa Cruz",25,2023-06-18,2023-06-24,414,4,263101,157.4,1.5,"0 - 126,593","0 - 127K","0 - 8,753","0 - 9K","0 - 5,021","0 - 5K","0 - 221","0 - 221"
"Bay Area","Santa Cruz",26,2023-06-25,2023-07-01,764,5,263101,290.4,1.9,"0 - 126,593","0 - 127K","0 - 8,753","0 - 9K","0 - 5,021","0 - 5K","0 - 221","0 - 221"
"Bay Area","Santa Cruz",27,2023-07-02,2023-07-08,1152,8,263101,437.9,3,"0 - 126,593","0 - 127K","0 - 8,753","0 - 9K","0 - 5,021","0 - 5K","0 - 221","0 - 221"
"Bay Area","Santa Cruz",28,2023-07-09,2023-07-15,1692,18,263101,643.1,6.8,"0 - 126,593","0 - 127K","0 - 8,753","0 - 9K","0 - 5,021","0 - 5K","0 - 221","0 - 221"
"Bay Area","Santa Cruz",29,2023-07-16,2023-07-22,2115,28,263101,803.9,10.6,"0 - 126,593","0 - 127K","0 - 8,753","0 - 9K","0 - 5,021","0 - 5K","0 - 221","0 - 221"
"Bay Area","Santa Cruz",30,2023-07-23,2023-07-29,2550,37,263101,969.2,14.1,"0 - 126,593","0 - 127K","0 - 8,753","0 - 9K","0 - 5,021","0 - 5K","0 - 221","0 - 221"
"Bay Area","Santa Cruz",31,2023-07-30,2023-08-05,3344,56,263101,1271,21.3,"0 - 126,593","0 - 127K","0 - 8,753","0 - 9K","0 - 5,021","0 - 5K","0 - 221","0 - 221"
"Bay Area","Santa Cruz",32,2023-08-06,2023-08-12,4095,69,263101,1556.4,26.2,"0 - 126,593","0 - 127K","0 - 8,753","0 - 9K","0 - 5,021","0 - 5K","0 - 221","0 - 221"
"Bay Area","Santa Cruz",33,2023-08-13,2023-08-19,5055,89,263101,1921.3,33.8,"0 - 126,593","0 - 127K","0 - 8,753","0 - 9K","0 - 5,021","0 - 5K","0 - 221","0 - 221"
"Bay Area","Santa Cruz",34,2023-08-20,2023-08-26,6444,123,263101,2449.2,46.8,"0 - 126,593","0 - 127K","0 - 8,753","0 - 9K","0 - 5,021","0 - 5K","0 - 221","0 - 221"
"Bay Area","Santa Cruz",35,2023-08-27,2023-09-02,8694,150,263101,3304.4,57,"0 - 126,593","0 - 127K","0 - 8,753","0 - 9K","0 - 5,021","0 - 5K","0 - 221","0 - 221"
"Bay Area","Santa Cruz",36,2023-09-03,2023-09-09,10810,203,263101,4108.7,77.2,"0 - 126,593","0 - 127K","0 - 8,753","0 - 9K","0 - 5,021","0 - 5K","0 - 221","0 - 221"
"Bay Area","Santa Cruz",37,2023-09-10,2023-09-16,12785,279,263101,4859.4,106,"0 - 126,593","0 - 127K","0 - 8,753","0 - 9K","0 - 5,021","0 - 5K","0 - 221","0 - 221"
"Bay Area","Santa Cruz",38,2023-09-17,2023-09-23,15055,344,263101,5722.1,130.7,"0 - 126,593","0 - 127K","0 - 8,753","0 - 9K","0 - 5,021","0 - 5K","0 - 221","0 - 221"
"Bay Area","Santa Cruz",39,2023-09-24,2023-09-30,16924,419,263101,6432.5,159.3,"0 - 126,593","0 - 127K","0 - 8,753","0 - 9K","0 - 5,021","0 - 5K","0 - 221","0 - 221"
"Bay Area","Santa Cruz",40,2023-10-01,2023-10-07,18861,487,263101,7168.7,185.1,"0 - 126,593","0 - 127K","0 - 8,753","0 - 9K","0 - 5,021","0 - 5K","0 - 221","0 - 221"
"Bay Area","Santa Cruz",41,2023-10-08,2023-10-14,20719,547,263101,7874.9,207.9,"0 - 126,593","0 - 127K","0 - 8,753","0 - 9K","0 - 5,021","0 - 5K","0 - 221","0 - 221"
"Bay Area","Santa Cruz",42,2023-10-15,2023-10-21,22626,609,263101,8599.7,231.5,"0 - 126,593","0 - 127K","0 - 8,753","0 - 9K","0 - 5,021","0 - 5K","221 - 442","221 - 442"
"Bay Area","Santa Cruz",43,2023-10-22,2023-10-28,24168,664,263101,9185.8,252.4,"0 - 126,593","0 - 127K","8,753 - 17,506","9K - 18K","0 - 5,021","0 - 5K","221 - 442","221 - 442"
"Bay Area","Santa Cruz",44,2023-10-29,2023-11-04,25187,728,263101,9573.1,276.7,"0 - 126,593","0 - 127K","8,753 - 17,506","9K - 18K","0 - 5,021","0 - 5K","221 - 442","221 - 442"
"Bay Area","Santa Cruz",45,2023-11-05,2023-11-11,25970,782,263101,9870.7,297.2,"0 - 126,593","0 - 127K","8,753 - 17,506","9K - 18K","0 - 5,021","0 - 5K","221 - 442","221 - 442"
"Bay Area","Santa Cruz",46,2023-11-12,2023-11-18,26200,810,263101,9958.2,307.9,"0 - 126,593","0 - 127K","8,753 - 17,506","9K - 18K","0 - 5,021","0 - 5K","221 - 442","221 - 442"
"Bay Area","Santa Cruz",47,2023-11-19,2023-11-25,26233,831,263101,9970.7,315.8,"0 - 126,593","0 - 127K","8,753 - 17,506","9K - 18K","0 - 5,021","0 - 5K","221 - 442","221 - 442"
"Bay Area","Santa Cruz",48,2023-11-26,2023-12-02,26280,838,263101,9988.6,318.5,"0 - 126,593","0 - 127K","8,753 - 17,506","9K - 18K","0 - 5,021","0 - 5K","221 - 442","221 - 442"
"Bay Area","Santa Cruz",49,2023-12-03,2023-12-09,26280,839,263101,9988.6,318.9,"0 - 126,593","0 - 127K","8,753 - 17,506","9K - 18K","0 - 5,021","0 - 5K","221 - 442","221 - 442"
"Bay Area","Santa Cruz",50,2023-12-10,2023-12-16,26333,841,263101,10008.7,319.6,"0 - 126,593","0 - 127K","8,753 - 17,506","9K - 18K","0 - 5,021","0 - 5K","221 - 442","221 - 442"
"Bay Area","Santa Cruz",51,2023-12-17,2023-12-23,26333,841,263101,10008.7,319.6,"0 - 126,593","0 - 127K","8,753 - 17,506","9K - 18K","0 - 5,021","0 - 5K","221 - 442","221 - 442"
"Bay Area","Santa Cruz",52,2023-12-24,2023-12-30,26333,841,263101,10008.7,319.6,"0 - 126,593","0 - 127K","8,753 - 17,506","9K - 18K","0 - 5,021","0 - 5K","221 - 442","221 - 442"
"Bay Area","Solano",22,2023-05-28,2023-06-03,285,0,446745,63.8,0,"0 - 126,593","0 - 127K","0 - 8,753","0 - 9K","0 - 5,021","0 - 5K","0 - 221","0 - 221"
"Bay Area","Solano",23,2023-06-04,2023-06-10,542,0,446745,121.3,0,"0 - 126,593","0 - 127K","0 - 8,753","0 - 9K","0 - 5,021","0 - 5K","0 - 221","0 - 221"
"Bay Area","Solano",24,2023-06-11,2023-06-17,762,4,446745,170.6,0.9,"0 - 126,593","0 - 127K","0 - 8,753","0 - 9K","0 - 5,021","0 - 5K","0 - 221","0 - 221"
"Bay Area","Solano",25,2023-06-18,2023-06-24,1413,12,446745,316.3,2.7,"0 - 126,593","0 - 127K","0 - 8,753","0 - 9K","0 - 5,021","0 - 5K","0 - 221","0 - 221"
"Bay Area","Solano",26,2023-06-25,2023-07-01,2472,19,446745,553.3,4.3,"0 - 126,593","0 - 127K","0 - 8,753","0 - 9K","0 - 5,021","0 - 5K","0 - 221","0 - 221"
"Bay Area","Solano",27,2023-07-02,2023-07-08,3821,40,446745,855.3,9,"0 - 126,593","0 - 127K","0 - 8,753","0 - 9K","0 - 5,021","0 - 5K","0 - 221","0 - 221"
"Bay Area","Solano",28,2023-07-09,2023-07-15,5578,77,446745,1248.6,17.2,"0 - 126,593","0 - 127K","0 - 8,753","0 - 9K","0 - 5,021","0 - 5K","0 - 221","0 - 221"
"Bay Area","Solano",29,2023-07-16,2023-07-22,6899,119,446745,1544.3,26.6,"0 - 126,593","0 - 127K","0 - 8,753","0 - 9K","0 - 5,021","0 - 5K","0 - 221","0 - 221"
"Bay Area","Solano",30,2023-07-23,2023-07-29,8326,177,446745,1863.7,39.6,"0 - 126,593","0 - 127K","0 - 8,753","0 - 9K","0 - 5,021","0 - 5K","0 - 221","0 - 221"
"Bay Area","Solano",31,2023-07-30,2023-08-05,10932,225,446745,2447,50.4,"0 - 126,593","0 - 127K","0 - 8,753","0 - 9K","0 - 5,021","0 - 5K","0 - 221","0 - 221"
"Bay Area","Solano",32,2023-08-06,2023-08-12,13454,274,446745,3011.6,61.3,"0 - 126,593","0 - 127K","0 - 8,753","0 - 9K","0 - 5,021","0 - 5K","0 - 221","0 - 221"
"Bay Area","Solano",33,2023-08-13,2023-08-19,16589,333,446745,3713.3,74.5,"0 - 126,593","0 - 127K","0 - 8,753","0 - 9K","0 - 5,021","0 - 5K","0 - 221","0 - 221"
"Bay Area","Solano",34,2023-08-20,2023-08-26,21296,408,446745,4766.9,91.3,"0 - 126,593","0 - 127K","0 - 8,753","0 - 9K","0 - 5,021","0 - 5K","0 - 221","0 - 221"
"Bay Area","Solano",35,2023-08-27,2023-09-02,28553,488,446745,6391.3,109.2,"0 - 126,593","0 - 127K","0 - 8,753","0 - 9K","0 - 5,021","0 - 5K","0 - 221","0 - 221"
"Bay Area","Solano",36,2023-09-03,2023-09-09,35734,619,446745,7998.7,138.6,"0 - 126,593","0 - 127K","0 - 8,753","0 - 9K","0 - 5,021","0 - 5K","0 - 221","0 - 221"
"Bay Area","Solano",37,2023-09-10,2023-09-16,42119,808,446745,9428,180.9,"0 - 126,593","0 - 127K","8,753 - 17,506","9K - 18K","0 - 5,021","0 - 5K","0 - 221","0 - 221"
"Bay Area","Solano",38,2023-09-17,2023-09-23,49485,1002,446745,11076.8,224.3,"0 - 126,593","0 - 127K","8,753 - 17,506","9K - 18K","0 - 5,021","0 - 5K","221 - 442","221 - 442"
"Bay Area","Solano",39,2023-09-24,2023-09-30,55300,1202,446745,12378.4,269.1,"0 - 126,593","0 - 127K","8,753 - 17,506","9K - 18K","0 - 5,021","0 - 5K","221 - 442","221 - 442"
"Bay Area","Solano",40,2023-10-01,2023-10-07,61234,1394,446745,13706.7,312,"0 - 126,593","0 - 127K","8,753 - 17,506","9K - 18K","0 - 5,021","0 - 5K","221 - 442","221 - 442"
"Bay Area","Solano",41,2023-10-08,2023-10-14,67097,1569,446745,15019.1,351.2,"0 - 126,593","0 - 127K","8,753 - 17,506","9K - 18K","0 - 5,021","0 - 5K","221 - 442","221 - 442"
"Bay Area","Solano",42,2023-10-15,2023-10-21,73087,1721,446745,16359.9,385.2,"0 - 126,593","0 - 127K","8,753 - 17,506","9K - 18K","0 - 5,021","0 - 5K","221 - 442","221 - 442"
"Bay Area","Solano",43,2023-10-22,2023-10-28,77816,1905,446745,17418.4,426.4,"0 - 126,593","0 - 127K","8,753 - 17,506","9K - 18K","0 - 5,021","0 - 5K","221 - 442","221 - 442"
"Bay Area","Solano",44,2023-10-29,2023-11-04,81077,2081,446745,18148.4,465.8,"0 - 126,593","0 - 127K","17,506 - 26,260","18K - 26K","0 - 5,021","0 - 5K","442 - 663","442 - 663"
"Bay Area","Solano",45,2023-11-05,2023-11-11,83206,2231,446745,18624.9,499.4,"0 - 126,593","0 - 127K","17,506 - 26,260","18K - 26K","0 - 5,021","0 - 5K","442 - 663","442 - 663"
"Bay Area","Solano",46,2023-11-12,2023-11-18,83951,2349,446745,18791.7,525.8,"0 - 126,593","0 - 127K","17,506 - 26,260","18K - 26K","0 - 5,021","0 - 5K","442 - 663","442 - 663"
"Bay Area","Solano",47,2023-11-19,2023-11-25,84055,2424,446745,18815,542.6,"0 - 126,593","0 - 127K","17,506 - 26,260","18K - 26K","0 - 5,021","0 - 5K","442 - 663","442 - 663"
"Bay Area","Solano",48,2023-11-26,2023-12-02,84185,2457,446745,18844.1,550,"0 - 126,593","0 - 127K","17,506 - 26,260","18K - 26K","0 - 5,021","0 - 5K","442 - 663","442 - 663"
"Bay Area","Solano",49,2023-12-03,2023-12-09,84185,2468,446745,18844.1,552.4,"0 - 126,593","0 - 127K","17,506 - 26,260","18K - 26K","0 - 5,021","0 - 5K","442 - 663","442 - 663"
"Bay Area","Solano",50,2023-12-10,2023-12-16,84328,2473,446745,18876.1,553.6,"0 - 126,593","0 - 127K","17,506 - 26,260","18K - 26K","0 - 5,021","0 - 5K","442 - 663","442 - 663"
"Bay Area","Solano",51,2023-12-17,2023-12-23,84328,2473,446745,18876.1,553.6,"0 - 126,593","0 - 127K","17,506 - 26,260","18K - 26K","0 - 5,021","0 - 5K","442 - 663","442 - 663"
"Bay Area","Solano",52,2023-12-24,2023-12-30,84328,2477,446745,18876.1,554.5,"0 - 126,593","0 - 127K","17,506 - 26,260","18K - 26K","0 - 5,021","0 - 5K","442 - 663","442 - 663"
"Bay Area","Sonoma",22,2023-05-28,2023-06-03,122,0,479826,25.4,0,"0 - 126,593","0 - 127K","0 - 8,753","0 - 9K","0 - 5,021","0 - 5K","0 - 221","0 - 221"
"Bay Area","Sonoma",23,2023-06-04,2023-06-10,258,0,479826,53.8,0,"0 - 126,593","0 - 127K","0 - 8,753","0 - 9K","0 - 5,021","0 - 5K","0 - 221","0 - 221"
"Bay Area","Sonoma",24,2023-06-11,2023-06-17,382,7,479826,79.6,1.5,"0 - 126,593","0 - 127K","0 - 8,753","0 - 9K","0 - 5,021","0 - 5K","0 - 221","0 - 221"
"Bay Area","Sonoma",25,2023-06-18,2023-06-24,753,9,479826,156.9,1.9,"0 - 126,593","0 - 127K","0 - 8,753","0 - 9K","0 - 5,021","0 - 5K","0 - 221","0 - 221"
"Bay Area","Sonoma",26,2023-06-25,2023-07-01,1295,11,479826,269.9,2.3,"0 - 126,593","0 - 127K","0 - 8,753","0 - 9K","0 - 5,021","0 - 5K","0 - 221","0 - 221"
"Bay Area","Sonoma",27,2023-07-02,2023-07-08,2003,27,479826,417.4,5.6,"0 - 126,593","0 - 127K","0 - 8,753","0 - 9K","0 - 5,021","0 - 5K","0 - 221","0 - 221"
"Bay Area","Sonoma",28,2023-07-09,2023-07-15,2930,43,479826,610.6,9,"0 - 126,593","0 - 127K","0 - 8,753","0 - 9K","0 - 5,021","0 - 5K","0 - 221","0 - 221"
"Bay Area","Sonoma",29,2023-07-16,2023-07-22,3668,70,479826,764.4,14.6,"0 - 126,593","0 - 127K","0 - 8,753","0 - 9K","0 - 5,021","0 - 5K","0 - 221","0 - 221"
"Bay Area","Sonoma",30,2023-07-23,2023-07-29,4374,106,479826,911.6,22.1,"0 - 126,593","0 - 127K","0 - 8,753","0 - 9K","0 - 5,021","0 - 5K","0 - 221","0 - 221"
"Bay Area","Sonoma",31,2023-07-30,2023-08-05,5759,135,479826,1200.2,28.1,"0 - 126,593","0 - 127K","0 - 8,753","0 - 9K","0 - 5,021","0 - 5K","0 - 221","0 - 221"
"Bay Area","Sonoma",32,2023-08-06,2023-08-12,7061,169,479826,1471.6,35.2,"0 - 126,593","0 - 127K","0 - 8,753","0 - 9K","0 - 5,021","0 - 5K","0 - 221","0 - 221"
"Bay Area","Sonoma",33,2023-08-13,2023-08-19,8718,225,479826,1816.9,46.9,"0 - 126,593","0 - 127K","0 - 8,753","0 - 9K","0 - 5,021","0 - 5K","0 - 221","0 - 221"
"Bay Area","Sonoma",34,2023-08-20,2023-08-26,11260,257,479826,2346.7,53.6,"0 - 126,593","0 - 127K","0 - 8,753","0 - 9K","0 - 5,021","0 - 5K","0 - 221","0 - 221"
"Bay Area","Sonoma",35,2023-08-27,2023-09-02,15071,317,479826,3140.9,66.1,"0 - 126,593","0 - 127K","0 - 8,753","0 - 9K","0 - 5,021","0 - 5K","0 - 221","0 - 221"
"Bay Area","Sonoma",36,2023-09-03,2023-09-09,18866,392,479826,3931.8,81.7,"0 - 126,593","0 - 127K","0 - 8,753","0 - 9K","0 - 5,021","0 - 5K","0 - 221","0 - 221"
"Bay Area","Sonoma",37,2023-09-10,2023-09-16,22426,496,479826,4673.8,103.4,"0 - 126,593","0 - 127K","0 - 8,753","0 - 9K","0 - 5,021","0 - 5K","0 - 221","0 - 221"
"Bay Area","Sonoma",38,2023-09-17,2023-09-23,26442,639,479826,5510.7,133.2,"0 - 126,593","0 - 127K","0 - 8,753","0 - 9K","0 - 5,021","0 - 5K","0 - 221","0 - 221"
"Bay Area","Sonoma",39,2023-09-24,2023-09-30,29778,751,479826,6206,156.5,"0 - 126,593","0 - 127K","0 - 8,753","0 - 9K","0 - 5,021","0 - 5K","0 - 221","0 - 221"
"Bay Area","Sonoma",40,2023-10-01,2023-10-07,33065,901,479826,6891,187.8,"0 - 126,593","0 - 127K","0 - 8,753","0 - 9K","0 - 5,021","0 - 5K","0 - 221","0 - 221"
"Bay Area","Sonoma",41,2023-10-08,2023-10-14,36390,1017,479826,7584,212,"0 - 126,593","0 - 127K","0 - 8,753","0 - 9K","0 - 5,021","0 - 5K","0 - 221","0 - 221"
"Bay Area","Sonoma",42,2023-10-15,2023-10-21,39798,1139,479826,8294.3,237.4,"0 - 126,593","0 - 127K","0 - 8,753","0 - 9K","0 - 5,021","0 - 5K","221 - 442","221 - 442"
"Bay Area","Sonoma",43,2023-10-22,2023-10-28,42453,1256,479826,8847.6,261.8,"0 - 126,593","0 - 127K","8,753 - 17,506","9K - 18K","0 - 5,021","0 - 5K","221 - 442","221 - 442"
"Bay Area","Sonoma",44,2023-10-29,2023-11-04,44356,1376,479826,9244.2,286.8,"0 - 126,593","0 - 127K","8,753 - 17,506","9K - 18K","0 - 5,021","0 - 5K","221 - 442","221 - 442"
"Bay Area","Sonoma",45,2023-11-05,2023-11-11,45675,1466,479826,9519.1,305.5,"0 - 126,593","0 - 127K","8,753 - 17,506","9K - 18K","0 - 5,021","0 - 5K","221 - 442","221 - 442"
"Bay Area","Sonoma",46,2023-11-12,2023-11-18,46108,1523,479826,9609.3,317.4,"0 - 126,593","0 - 127K","8,753 - 17,506","9K - 18K","0 - 5,021","0 - 5K","221 - 442","221 - 442"
"Bay Area","Sonoma",47,2023-11-19,2023-11-25,46160,1582,479826,9620.2,329.7,"0 - 126,593","0 - 127K","8,753 - 17,506","9K - 18K","0 - 5,021","0 - 5K","221 - 442","221 - 442"
"Bay Area","Sonoma",48,2023-11-26,2023-12-02,46239,1599,479826,9636.6,333.2,"0 - 126,593","0 - 127K","8,753 - 17,506","9K - 18K","0 - 5,021","0 - 5K","221 - 442","221 - 442"
"Bay Area","Sonoma",49,2023-12-03,2023-12-09,46239,1607,479826,9636.6,334.9,"0 - 126,593","0 - 127K","8,753 - 17,506","9K - 18K","0 - 5,021","0 - 5K","221 - 442","221 - 442"
"Bay Area","Sonoma",50,2023-12-10,2023-12-16,46322,1611,479826,9653.9,335.7,"0 - 126,593","0 - 127K","8,753 - 17,506","9K - 18K","0 - 5,021","0 - 5K","221 - 442","221 - 442"
"Bay Area","Sonoma",51,2023-12-17,2023-12-23,46322,1612,479826,9653.9,336,"0 - 126,593","0 - 127K","8,753 - 17,506","9K - 18K","0 - 5,021","0 - 5K","221 - 442","221 - 442"
"Bay Area","Sonoma",52,2023-12-24,2023-12-30,46322,1614,479826,9653.9,336.4,"0 - 126,593","0 - 127K","8,753 - 17,506","9K - 18K","0 - 5,021","0 - 5K","221 - 442","221 - 442"
"Central California","Calaveras",22,2023-05-28,2023-06-03,11,0,44605,24.7,0,"0 - 126,593","0 - 127K","0 - 8,753","0 - 9K","0 - 5,021","0 - 5K","0 - 221","0 - 221"
"Central California","Calaveras",23,2023-06-04,2023-06-10,24,0,44605,53.8,0,"0 - 126,593","0 - 127K","0 - 8,753","0 - 9K","0 - 5,021","0 - 5K","0 - 221","0 - 221"
"Central California","Calaveras",24,2023-06-11,2023-06-17,34,0,44605,76.2,0,"0 - 126,593","0 - 127K","0 - 8,753","0 - 9K","0 - 5,021","0 - 5K","0 - 221","0 - 221"
"Central California","Calaveras",25,2023-06-18,2023-06-24,79,0,44605,177.1,0,"0 - 126,593","0 - 127K","0 - 8,753","0 - 9K","0 - 5,021","0 - 5K","0 - 221","0 - 221"
"Central California","Calaveras",26,2023-06-25,2023-07-01,128,0,44605,287,0,"0 - 126,593","0 - 127K","0 - 8,753","0 - 9K","0 - 5,021","0 - 5K","0 - 221","0 - 221"
"Central California","Calaveras",27,2023-07-02,2023-07-08,192,1,44605,430.4,2.2,"0 - 126,593","0 - 127K","0 - 8,753","0 - 9K","0 - 5,021","0 - 5K","0 - 221","0 - 221"
"Central California","Calaveras",28,2023-07-09,2023-07-15,279,1,44605,625.5,2.2,"0 - 126,593","0 - 127K","0 - 8,753","0 - 9K","0 - 5,021","0 - 5K","0 - 221","0 - 221"
"Central California","Calaveras",29,2023-07-16,2023-07-22,362,2,44605,811.6,4.5,"0 - 126,593","0 - 127K","0 - 8,753","0 - 9K","0 - 5,021","0 - 5K","0 - 221","0 - 221"
"Central California","Calaveras",30,2023-07-23,2023-07-29,435,6,44605,975.2,13.5,"0 - 126,593","0 - 127K","0 - 8,753","0 - 9K","0 - 5,021","0 - 5K","0 - 221","0 - 221"
"Central California","Calaveras",31,2023-07-30,2023-08-05,584,8,44605,1309.3,17.9,"0 - 126,593","0 - 127K","0 - 8,753","0 - 9K","0 - 5,021","0 - 5K","0 - 221","0 - 221"
"Central California","Calaveras",32,2023-08-06,2023-08-12,710,12,44605,1591.7,26.9,"0 - 126,593","0 - 127K","0 - 8,753","0 - 9K","0 - 5,021","0 - 5K","0 - 221","0 - 221"
"Central California","Calaveras",33,2023-08-13,2023-08-19,888,15,44605,1990.8,33.6,"0 - 126,593","0 - 127K","0 - 8,753","0 - 9K","0 - 5,021","0 - 5K","0 - 221","0 - 221"
"Central California","Calaveras",34,2023-08-20,2023-08-26,1150,20,44605,2578.2,44.8,"0 - 126,593","0 - 127K","0 - 8,753","0 - 9K","0 - 5,021","0 - 5K","0 - 221","0 - 221"
"Central California","Calaveras",35,2023-08-27,2023-09-02,1525,24,44605,3418.9,53.8,"0 - 126,593","0 - 127K","0 - 8,753","0 - 9K","0 - 5,021","0 - 5K","0 - 221","0 - 221"
"Central California","Calaveras",36,2023-09-03,2023-09-09,1899,44,44605,4257.4,98.6,"0 - 126,593","0 - 127K","0 - 8,753","0 - 9K","0 - 5,021","0 - 5K","0 - 221","0 - 221"
"Central California","Calaveras",37,2023-09-10,2023-09-16,2271,53,44605,5091.4,118.8,"0 - 126,593","0 - 127K","0 - 8,753","0 - 9K","0 - 5,021","0 - 5K","0 - 221","0 - 221"
"Central California","Calaveras",38,2023-09-17,2023-09-23,2675,65,44605,5997.1,145.7,"0 - 126,593","0 - 127K","0 - 8,753","0 - 9K","0 - 5,021","0 - 5K","0 - 221","0 - 221"
"Central California","Calaveras",39,2023-09-24,2023-09-30,2984,79,44605,6689.8,177.1,"0 - 126,593","0 - 127K","0 - 8,753","0 - 9K","0 - 5,021","0 - 5K","0 - 221","0 - 221"
"Central California","Calaveras",40,2023-10-01,2023-10-07,3321,102,44605,7445.4,228.7,"0 - 126,593","0 - 127K","0 - 8,753","0 - 9K","0 - 5,021","0 - 5K","221 - 442","221 - 442"
"Central California","Calaveras",41,2023-10-08,2023-10-14,3634,121,44605,8147.1,271.3,"0 - 126,593","0 - 127K","0 - 8,753","0 - 9K","0 - 5,021","0 - 5K","221 - 442","221 - 442"
"Central California","Calaveras",42,2023-10-15,2023-10-21,4000,142,44605,8967.6,318.3,"0 - 126,593","0 - 127K","8,753 - 17,506","9K - 18K","0 - 5,021","0 - 5K","221 - 442","221 - 442"
"Central California","Calaveras",43,2023-10-22,2023-10-28,4293,155,44605,9624.5,347.5,"0 - 126,593","0 - 127K","8,753 - 17,506","9K - 18K","0 - 5,021","0 - 5K","221 - 442","221 - 442"
"Central California","Calaveras",44,2023-10-29,2023-11-04,4490,165,44605,10066.1,369.9,"0 - 126,593","0 - 127K","8,753 - 17,506","9K - 18K","0 - 5,021","0 - 5K","221 - 442","221 - 442"
"Central California","Calaveras",45,2023-11-05,2023-11-11,4606,184,44605,10326.2,412.5,"0 - 126,593","0 - 127K","8,753 - 17,506","9K - 18K","0 - 5,021","0 - 5K","221 - 442","221 - 442"
"Central California","Calaveras",46,2023-11-12,2023-11-18,4647,191,44605,10418.1,428.2,"0 - 126,593","0 - 127K","8,753 - 17,506","9K - 18K","0 - 5,021","0 - 5K","221 - 442","221 - 442"
"Central California","Calaveras",47,2023-11-19,2023-11-25,4655,196,44605,10436,439.4,"0 - 126,593","0 - 127K","8,753 - 17,506","9K - 18K","0 - 5,021","0 - 5K","221 - 442","221 - 442"
"Central California","Calaveras",48,2023-11-26,2023-12-02,4666,200,44605,10460.7,448.4,"0 - 126,593","0 - 127K","8,753 - 17,506","9K - 18K","0 - 5,021","0 - 5K","442 - 663","442 - 663"
"Central California","Calaveras",49,2023-12-03,2023-12-09,4666,200,44605,10460.7,448.4,"0 - 126,593","0 - 127K","8,753 - 17,506","9K - 18K","0 - 5,021","0 - 5K","442 - 663","442 - 663"
"Central California","Calaveras",50,2023-12-10,2023-12-16,4676,200,44605,10483.1,448.4,"0 - 126,593","0 - 127K","8,753 - 17,506","9K - 18K","0 - 5,021","0 - 5K","442 - 663","442 - 663"
"Central California","Calaveras",51,2023-12-17,2023-12-23,4676,200,44605,10483.1,448.4,"0 - 126,593","0 - 127K","8,753 - 17,506","9K - 18K","0 - 5,021","0 - 5K","442 - 663","442 - 663"
"Central California","Calaveras",52,2023-12-24,2023-12-30,4676,200,44605,10483.1,448.4,"0 - 126,593","0 - 127K","8,753 - 17,506","9K - 18K","0 - 5,021","0 - 5K","442 - 663","442 - 663"
"Central California","Fresno",22,2023-05-28,2023-06-03,254,0,1012424,25.1,0,"0 - 126,593","0 - 127K","0 - 8,753","0 - 9K","0 - 5,021","0 - 5K","0 - 221","0 - 221"
"Central California","Fresno",23,2023-06-04,2023-06-10,474,0,1012424,46.8,0,"0 - 126,593","0 - 127K","0 - 8,753","0 - 9K","0 - 5,021","0 - 5K","0 - 221","0 - 221"
"Central California","Fresno",24,2023-06-11,2023-06-17,681,8,1012424,67.3,0.8,"0 - 126,593","0 - 127K","0 - 8,753","0 - 9K","0 - 5,021","0 - 5K","0 - 221","0 - 221"
"Central California","Fresno",25,2023-06-18,2023-06-24,1305,11,1012424,128.9,1.1,"0 - 126,593","0 - 127K","0 - 8,753","0 - 9K","0 - 5,021","0 - 5K","0 - 221","0 - 221"
"Central California","Fresno",26,2023-06-25,2023-07-01,2337,13,1012424,230.8,1.3,"0 - 126,593","0 - 127K","0 - 8,753","0 - 9K","0 - 5,021","0 - 5K","0 - 221","0 - 221"
"Central California","Fresno",27,2023-07-02,2023-07-08,3598,31,1012424,355.4,3.1,"0 - 126,593","0 - 127K","0 - 8,753","0 - 9K","0 - 5,021","0 - 5K","0 - 221","0 - 221"
"Central California","Fresno",28,2023-07-09,2023-07-15,5288,49,1012424,522.3,4.8,"0 - 126,593","0 - 127K","0 - 8,753","0 - 9K","0 - 5,021","0 - 5K","0 - 221","0 - 221"
"Central California","Fresno",29,2023-07-16,2023-07-22,6598,75,1012424,651.7,7.4,"0 - 126,593","0 - 127K","0 - 8,753","0 - 9K","0 - 5,021","0 - 5K","0 - 221","0 - 221"
"Central California","Fresno",30,2023-07-23,2023-07-29,7967,125,1012424,786.9,12.3,"0 - 126,593","0 - 127K","0 - 8,753","0 - 9K","0 - 5,021","0 - 5K","0 - 221","0 - 221"
"Central California","Fresno",31,2023-07-30,2023-08-05,10351,165,1012424,1022.4,16.3,"0 - 126,593","0 - 127K","0 - 8,753","0 - 9K","0 - 5,021","0 - 5K","0 - 221","0 - 221"
"Central California","Fresno",32,2023-08-06,2023-08-12,12801,210,1012424,1264.4,20.7,"0 - 126,593","0 - 127K","0 - 8,753","0 - 9K","0 - 5,021","0 - 5K","0 - 221","0 - 221"
"Central California","Fresno",33,2023-08-13,2023-08-19,15962,258,1012424,1576.6,25.5,"0 - 126,593","0 - 127K","0 - 8,753","0 - 9K","0 - 5,021","0 - 5K","0 - 221","0 - 221"
"Central California","Fresno",34,2023-08-20,2023-08-26,20497,307,1012424,2024.5,30.3,"0 - 126,593","0 - 127K","0 - 8,753","0 - 9K","0 - 5,021","0 - 5K","0 - 221","0 - 221"
"Central California","Fresno",35,2023-08-27,2023-09-02,27836,380,1012424,2749.4,37.5,"0 - 126,593","0 - 127K","0 - 8,753","0 - 9K","0 - 5,021","0 - 5K","0 - 221","0 - 221"
"Central California","Fresno",36,2023-09-03,2023-09-09,34943,495,1012424,3451.4,48.9,"0 - 126,593","0 - 127K","0 - 8,753","0 - 9K","0 - 5,021","0 - 5K","0 - 221","0 - 221"
"Central California","Fresno",37,2023-09-10,2023-09-16,41487,681,1012424,4097.8,67.3,"0 - 126,593","0 - 127K","0 - 8,753","0 - 9K","0 - 5,021","0 - 5K","0 - 221","0 - 221"
"Central California","Fresno",38,2023-09-17,2023-09-23,48998,871,1012424,4839.7,86,"0 - 126,593","0 - 127K","0 - 8,753","0 - 9K","0 - 5,021","0 - 5K","0 - 221","0 - 221"
"Central California","Fresno",39,2023-09-24,2023-09-30,55194,1034,1012424,5451.7,102.1,"0 - 126,593","0 - 127K","0 - 8,753","0 - 9K","0 - 5,021","0 - 5K","0 - 221","0 - 221"
"Central California","Fresno",40,2023-10-01,2023-10-07,61372,1233,1012424,6061.9,121.8,"0 - 126,593","0 - 127K","0 - 8,753","0 - 9K","0 - 5,021","0 - 5K","0 - 221","0 - 221"
"Central California","Fresno",41,2023-10-08,2023-10-14,67524,1387,1012424,6669.5,137,"0 - 126,593","0 - 127K","0 - 8,753","0 - 9K","0 - 5,021","0 - 5K","0 - 221","0 - 221"
"Central California","Fresno",42,2023-10-15,2023-10-21,73631,1571,1012424,7272.7,155.2,"0 - 126,593","0 - 127K","0 - 8,753","0 - 9K","0 - 5,021","0 - 5K","0 - 221","0 - 221"
"Central California","Fresno",43,2023-10-22,2023-10-28,78772,1713,1012424,7780.5,169.2,"0 - 126,593","0 - 127K","0 - 8,753","0 - 9K","0 - 5,021","0 - 5K","0 - 221","0 - 221"
"Central California","Fresno",44,2023-10-29,2023-11-04,82250,1860,1012424,8124.1,183.7,"0 - 126,593","0 - 127K","0 - 8,753","0 - 9K","0 - 5,021","0 - 5K","0 - 221","0 - 221"
"Central California","Fresno",45,2023-11-05,2023-11-11,84780,2015,1012424,8374,199,"0 - 126,593","0 - 127K","0 - 8,753","0 - 9K","0 - 5,021","0 - 5K","0 - 221","0 - 221"
"Central California","Fresno",46,2023-11-12,2023-11-18,85568,2101,1012424,8451.8,207.5,"0 - 126,593","0 - 127K","0 - 8,753","0 - 9K","0 - 5,021","0 - 5K","0 - 221","0 - 221"
"Central California","Fresno",47,2023-11-19,2023-11-25,85667,2164,1012424,8461.6,213.7,"0 - 126,593","0 - 127K","0 - 8,753","0 - 9K","0 - 5,021","0 - 5K","0 - 221","0 - 221"
"Central California","Fresno",48,2023-11-26,2023-12-02,85811,2196,1012424,8475.8,216.9,"0 - 126,593","0 - 127K","0 - 8,753","0 - 9K","0 - 5,021","0 - 5K","0 - 221","0 - 221"
"Central California","Fresno",49,2023-12-03,2023-12-09,85811,2205,1012424,8475.8,217.8,"0 - 126,593","0 - 127K","0 - 8,753","0 - 9K","0 - 5,021","0 - 5K","0 - 221","0 - 221"
"Central California","Fresno",50,2023-12-10,2023-12-16,85959,2212,1012424,8490.4,218.5,"0 - 126,593","0 - 127K","0 - 8,753","0 - 9K","0 - 5,021","0 - 5K","0 - 221","0 - 221"
"Central California","Fresno",51,2023-12-17,2023-12-23,85959,2213,1012424,8490.4,218.6,"0 - 126,593","0 - 127K","0 - 8,753","0 - 9K","0 - 5,021","0 - 5K","0 - 221","0 - 221"
"Central California","Fresno",52,2023-12-24,2023-12-30,85959,2217,1012424,8490.4,219,"0 - 126,593","0 - 127K","0 - 8,753","0 - 9K","0 - 5,021","0 - 5K","0 - 221","0 - 221"
"Central California","Kern",22,2023-05-28,2023-06-03,689,0,903372,76.3,0,"0 - 126,593","0 - 127K","0 - 8,753","0 - 9K","0 - 5,021","0 - 5K","0 - 221","0 - 221"
"Central California","Kern",23,2023-06-04,2023-06-10,1422,0,903372,157.4,0,"0 - 126,593","0 - 127K","0 - 8,753","0 - 9K","0 - 5,021","0 - 5K","0 - 221","0 - 221"
"Central California","Kern",24,2023-06-11,2023-06-17,2040,14,903372,225.8,1.5,"0 - 126,593","0 - 127K","0 - 8,753","0 - 9K","0 - 5,021","0 - 5K","0 - 221","0 - 221"
"Central California","Kern",25,2023-06-18,2023-06-24,3934,31,903372,435.5,3.4,"0 - 126,593","0 - 127K","0 - 8,753","0 - 9K","0 - 5,021","0 - 5K","0 - 221","0 - 221"
"Central California","Kern",26,2023-06-25,2023-07-01,6910,45,903372,764.9,5,"0 - 126,593","0 - 127K","0 - 8,753","0 - 9K","0 - 5,021","0 - 5K","0 - 221","0 - 221"
"Central California","Kern",27,2023-07-02,2023-07-08,10371,88,903372,1148,9.7,"0 - 126,593","0 - 127K","0 - 8,753","0 - 9K","0 - 5,021","0 - 5K","0 - 221","0 - 221"
"Central California","Kern",28,2023-07-09,2023-07-15,15099,162,903372,1671.4,17.9,"0 - 126,593","0 - 127K","0 - 8,753","0 - 9K","0 - 5,021","0 - 5K","0 - 221","0 - 221"
"Central California","Kern",29,2023-07-16,2023-07-22,18734,229,903372,2073.8,25.3,"0 - 126,593","0 - 127K","0 - 8,753","0 - 9K","0 - 5,021","0 - 5K","0 - 221","0 - 221"
"Central California","Kern",30,2023-07-23,2023-07-29,22701,343,903372,2512.9,38,"0 - 126,593","0 - 127K","0 - 8,753","0 - 9K","0 - 5,021","0 - 5K","0 - 221","0 - 221"
"Central California","Kern",31,2023-07-30,2023-08-05,29478,422,903372,3263.1,46.7,"0 - 126,593","0 - 127K","0 - 8,753","0 - 9K","0 - 5,021","0 - 5K","0 - 221","0 - 221"
"Central California","Kern",32,2023-08-06,2023-08-12,36193,513,903372,4006.4,56.8,"0 - 126,593","0 - 127K","0 - 8,753","0 - 9K","0 - 5,021","0 - 5K","0 - 221","0 - 221"
"Central California","Kern",33,2023-08-13,2023-08-19,44445,657,903372,4919.9,72.7,"0 - 126,593","0 - 127K","0 - 8,753","0 - 9K","0 - 5,021","0 - 5K","0 - 221","0 - 221"
"Central California","Kern",34,2023-08-20,2023-08-26,57003,814,903372,6310,90.1,"0 - 126,593","0 - 127K","0 - 8,753","0 - 9K","0 - 5,021","0 - 5K","0 - 221","0 - 221"
"Central California","Kern",35,2023-08-27,2023-09-02,75934,981,903372,8405.6,108.6,"0 - 126,593","0 - 127K","0 - 8,753","0 - 9K","0 - 5,021","0 - 5K","0 - 221","0 - 221"
"Central California","Kern",36,2023-09-03,2023-09-09,94498,1286,903372,10460.6,142.4,"0 - 126,593","0 - 127K","8,753 - 17,506","9K - 18K","0 - 5,021","0 - 5K","0 - 221","0 - 221"
"Central California","Kern",37,2023-09-10,2023-09-16,111311,1710,903372,12321.7,189.3,"0 - 126,593","0 - 127K","8,753 - 17,506","9K - 18K","0 - 5,021","0 - 5K","0 - 221","0 - 221"
"Central California","Kern",38,2023-09-17,2023-09-23,130259,2153,903372,14419.2,238.3,"126,593 - 253,187","127K - 253K","8,753 - 17,506","9K - 18K","0 - 5,021","0 - 5K","221 - 442","221 - 442"
"Central California","Kern",39,2023-09-24,2023-09-30,145779,2577,903372,16137.2,285.3,"126,593 - 253,187","127K - 253K","8,753 - 17,506","9K - 18K","0 - 5,021","0 - 5K","221 - 442","221 - 442"
"Central California","Kern",40,2023-10-01,2023-10-07,160858,3025,903372,17806.4,334.9,"126,593 - 253,187","127K - 253K","17,506 - 26,260","18K - 26K","0 - 5,021","0 - 5K","221 - 442","221 - 442"
"Central California","Kern",41,2023-10-08,2023-10-14,175622,3396,903372,19440.7,375.9,"126,593 - 253,187","127K - 253K","17,506 - 26,260","18K - 26K","0 - 5,021","0 - 5K","221 - 442","221 - 442"
"Central California","Kern",42,2023-10-15,2023-10-21,190632,3707,903372,21102.3,410.4,"126,593 - 253,187","127K - 253K","17,506 - 26,260","18K - 26K","0 - 5,021","0 - 5K","221 - 442","221 - 442"
"Central California","Kern",43,2023-10-22,2023-10-28,202177,4015,903372,22380.3,444.4,"126,593 - 253,187","127K - 253K","17,506 - 26,260","18K - 26K","0 - 5,021","0 - 5K","442 - 663","442 - 663"
"Central California","Kern",44,2023-10-29,2023-11-04,210064,4345,903372,23253.3,481,"126,593 - 253,187","127K - 253K","17,506 - 26,260","18K - 26K","0 - 5,021","0 - 5K","442 - 663","442 - 663"
"Central California","Kern",45,2023-11-05,2023-11-11,215616,4619,903372,23867.9,511.3,"126,593 - 253,187","127K - 253K","17,506 - 26,260","18K - 26K","0 - 5,021","0 - 5K","442 - 663","442 - 663"
"Central California","Kern",46,2023-11-12,2023-11-18,217587,4801,903372,24086.1,531.5,"126,593 - 253,187","127K - 253K","17,506 - 26,260","18K - 26K","0 - 5,021","0 - 5K","442 - 663","442 - 663"
"Central California","Kern",47,2023-11-19,2023-11-25,217859,4938,903372,24116.2,546.6,"126,593 - 253,187","127K - 253K","17,506 - 26,260","18K - 26K","0 - 5,021","0 - 5K","442 - 663","442 - 663"
"Central California","Kern",48,2023-11-26,2023-12-02,218215,4997,903372,24155.6,553.1,"126,593 - 253,187","127K - 253K","17,506 - 26,260","18K - 26K","0 - 5,021","0 - 5K","442 - 663","442 - 663"
"Central California","Kern",49,2023-12-03,2023-12-09,218215,5010,903372,24155.6,554.6,"126,593 - 253,187","127K - 253K","17,506 - 26,260","18K - 26K","0 - 5,021","0 - 5K","442 - 663","442 - 663"
"Central California","Kern",50,2023-12-10,2023-12-16,218554,5021,903372,24193.1,555.8,"126,593 - 253,187","127K - 253K","17,506 - 26,260","18K - 26K","0 - 5,021","0 - 5K","442 - 663","442 - 663"
"Central California","Kern",51,2023-12-17,2023-12-23,218554,5022,903372,24193.1,555.9,"126,593 - 253,187","127K - 253K","17,506 - 26,260","18K - 26K","5,021 - 10,043","5K - 10K","442 - 663","442 - 663"
"Central California","Kern",52,2023-12-24,2023-12-30,218554,5028,903372,24193.1,556.6,"126,593 - 253,187","127K - 253K","17,506 - 26,260","18K - 26K","5,021 - 10,043","5K - 10K","442 - 663","442 - 663"
"Central California","Kings",22,2023-05-28,2023-06-03,107,0,152405,70.2,0,"0 - 126,593","0 - 127K","0 - 8,753","0 - 9K","0 - 5,021","0 - 5K","0 - 221","0 - 221"
"Central California","Kings",23,2023-06-04,2023-06-10,215,0,152405,141.1,0,"0 - 126,593","0 - 127K","0 - 8,753","0 - 9K","0 - 5,021","0 - 5K","0 - 221","0 - 221"
"Central California","Kings",24,2023-06-11,2023-06-17,330,2,152405,216.5,1.3,"0 - 126,593","0 - 127K","0 - 8,753","0 - 9K","0 - 5,021","0 - 5K","0 - 221","0 - 221"
"Central California","Kings",25,2023-06-18,2023-06-24,628,6,152405,412.1,3.9,"0 - 126,593","0 - 127K","0 - 8,753","0 - 9K","0 - 5,021","0 - 5K","0 - 221","0 - 221"
"Central California","Kings",26,2023-06-25,2023-07-01,1097,8,152405,719.8,5.2,"0 - 126,593","0 - 127K","0 - 8,753","0 - 9K","0 - 5,021","0 - 5K","0 - 221","0 - 221"
"Central California","Kings",27,2023-07-02,2023-07-08,1651,15,152405,1083.3,9.8,"0 - 126,593","0 - 127K","0 - 8,753","0 - 9K","0 - 5,021","0 - 5K","0 - 221","0 - 221"
"Central California","Kings",28,2023-07-09,2023-07-15,2397,25,152405,1572.8,16.4,"0 - 126,593","0 - 127K","0 - 8,753","0 - 9K","0 - 5,021","0 - 5K","0 - 221","0 - 221"
"Central California","Kings",29,2023-07-16,2023-07-22,2969,32,152405,1948.1,21,"0 - 126,593","0 - 127K","0 - 8,753","0 - 9K","0 - 5,021","0 - 5K","0 - 221","0 - 221"
"Central California","Kings",30,2023-07-23,2023-07-29,3578,51,152405,2347.7,33.5,"0 - 126,593","0 - 127K","0 - 8,753","0 - 9K","0 - 5,021","0 - 5K","0 - 221","0 - 221"
"Central California","Kings",31,2023-07-30,2023-08-05,4604,60,152405,3020.9,39.4,"0 - 126,593","0 - 127K","0 - 8,753","0 - 9K","0 - 5,021","0 - 5K","0 - 221","0 - 221"
"Central California","Kings",32,2023-08-06,2023-08-12,5592,72,152405,3669.2,47.2,"0 - 126,593","0 - 127K","0 - 8,753","0 - 9K","0 - 5,021","0 - 5K","0 - 221","0 - 221"
"Central California","Kings",33,2023-08-13,2023-08-19,6903,93,152405,4529.4,61,"0 - 126,593","0 - 127K","0 - 8,753","0 - 9K","0 - 5,021","0 - 5K","0 - 221","0 - 221"
"Central California","Kings",34,2023-08-20,2023-08-26,8897,115,152405,5837.7,75.5,"0 - 126,593","0 - 127K","0 - 8,753","0 - 9K","0 - 5,021","0 - 5K","0 - 221","0 - 221"
"Central California","Kings",35,2023-08-27,2023-09-02,11953,138,152405,7842.9,90.5,"0 - 126,593","0 - 127K","0 - 8,753","0 - 9K","0 - 5,021","0 - 5K","0 - 221","0 - 221"
"Central California","Kings",36,2023-09-03,2023-09-09,14918,177,152405,9788.4,116.1,"0 - 126,593","0 - 127K","8,753 - 17,506","9K - 18K","0 - 5,021","0 - 5K","0 - 221","0 - 221"
"Central California","Kings",37,2023-09-10,2023-09-16,17636,244,152405,11571.8,160.1,"0 - 126,593","0 - 127K","8,753 - 17,506","9K - 18K","0 - 5,021","0 - 5K","0 - 221","0 - 221"
"Central California","Kings",38,2023-09-17,2023-09-23,20557,322,152405,13488.4,211.3,"0 - 126,593","0 - 127K","8,753 - 17,506","9K - 18K","0 - 5,021","0 - 5K","0 - 221","0 - 221"
"Central California","Kings",39,2023-09-24,2023-09-30,23011,386,152405,15098.6,253.3,"0 - 126,593","0 - 127K","8,753 - 17,506","9K - 18K","0 - 5,021","0 - 5K","221 - 442","221 - 442"
"Central California","Kings",40,2023-10-01,2023-10-07,25432,453,152405,16687.1,297.2,"0 - 126,593","0 - 127K","8,753 - 17,506","9K - 18K","0 - 5,021","0 - 5K","221 - 442","221 - 442"
"Central California","Kings",41,2023-10-08,2023-10-14,27826,510,152405,18257.9,334.6,"0 - 126,593","0 - 127K","17,506 - 26,260","18K - 26K","0 - 5,021","0 - 5K","221 - 442","221 - 442"
"Central California","Kings",42,2023-10-15,2023-10-21,30140,576,152405,19776.3,377.9,"0 - 126,593","0 - 127K","17,506 - 26,260","18K - 26K","0 - 5,021","0 - 5K","221 - 442","221 - 442"
"Central California","Kings",43,2023-10-22,2023-10-28,32059,637,152405,21035.4,418,"0 - 126,593","0 - 127K","17,506 - 26,260","18K - 26K","0 - 5,021","0 - 5K","221 - 442","221 - 442"
"Central California","Kings",44,2023-10-29,2023-11-04,33371,693,152405,21896.3,454.7,"0 - 126,593","0 - 127K","17,506 - 26,260","18K - 26K","0 - 5,021","0 - 5K","442 - 663","442 - 663"
"Central California","Kings",45,2023-11-05,2023-11-11,34326,728,152405,22522.9,477.7,"0 - 126,593","0 - 127K","17,506 - 26,260","18K - 26K","0 - 5,021","0 - 5K","442 - 663","442 - 663"
"Central California","Kings",46,2023-11-12,2023-11-18,34640,754,152405,22728.9,494.7,"0 - 126,593","0 - 127K","17,506 - 26,260","18K - 26K","0 - 5,021","0 - 5K","442 - 663","442 - 663"
"Central California","Kings",47,2023-11-19,2023-11-25,34685,783,152405,22758.4,513.8,"0 - 126,593","0 - 127K","17,506 - 26,260","18K - 26K","0 - 5,021","0 - 5K","442 - 663","442 - 663"
"Central California","Kings",48,2023-11-26,2023-12-02,34755,793,152405,22804.4,520.3,"0 - 126,593","0 - 127K","17,506 - 26,260","18K - 26K","0 - 5,021","0 - 5K","442 - 663","442 - 663"
"Central California","Kings",49,2023-12-03,2023-12-09,34755,798,152405,22804.4,523.6,"0 - 126,593","0 - 127K","17,506 - 26,260","18K - 26K","0 - 5,021","0 - 5K","442 - 663","442 - 663"
"Central California","Kings",50,2023-12-10,2023-12-16,34815,801,152405,22843.7,525.6,"0 - 126,593","0 - 127K","17,506 - 26,260","18K - 26K","0 - 5,021","0 - 5K","442 - 663","442 - 663"
"Central California","Kings",51,2023-12-17,2023-12-23,34815,801,152405,22843.7,525.6,"0 - 126,593","0 - 127K","17,506 - 26,260","18K - 26K","0 - 5,021","0 - 5K","442 - 663","442 - 663"
"Central California","Kings",52,2023-12-24,2023-12-30,34815,803,152405,22843.7,526.9,"0 - 126,593","0 - 127K","17,506 - 26,260","18K - 26K","0 - 5,021","0 - 5K","442 - 663","442 - 663"
"Central California","Madera",22,2023-05-28,2023-06-03,56,0,158457,35.3,0,"0 - 126,593","0 - 127K","0 - 8,753","0 - 9K","0 - 5,021","0 - 5K","0 - 221","0 - 221"
"Central California","Madera",23,2023-06-04,2023-06-10,112,0,158457,70.7,0,"0 - 126,593","0 - 127K","0 - 8,753","0 - 9K","0 - 5,021","0 - 5K","0 - 221","0 - 221"
"Central California","Madera",24,2023-06-11,2023-06-17,159,2,158457,100.3,1.3,"0 - 126,593","0 - 127K","0 - 8,753","0 - 9K","0 - 5,021","0 - 5K","0 - 221","0 - 221"
"Central California","Madera",25,2023-06-18,2023-06-24,277,3,158457,174.8,1.9,"0 - 126,593","0 - 127K","0 - 8,753","0 - 9K","0 - 5,021","0 - 5K","0 - 221","0 - 221"
"Central California","Madera",26,2023-06-25,2023-07-01,503,5,158457,317.4,3.2,"0 - 126,593","0 - 127K","0 - 8,753","0 - 9K","0 - 5,021","0 - 5K","0 - 221","0 - 221"
"Central California","Madera",27,2023-07-02,2023-07-08,734,8,158457,463.2,5,"0 - 126,593","0 - 127K","0 - 8,753","0 - 9K","0 - 5,021","0 - 5K","0 - 221","0 - 221"
"Central California","Madera",28,2023-07-09,2023-07-15,1046,14,158457,660.1,8.8,"0 - 126,593","0 - 127K","0 - 8,753","0 - 9K","0 - 5,021","0 - 5K","0 - 221","0 - 221"
"Central California","Madera",29,2023-07-16,2023-07-22,1289,22,158457,813.5,13.9,"0 - 126,593","0 - 127K","0 - 8,753","0 - 9K","0 - 5,021","0 - 5K","0 - 221","0 - 221"
"Central California","Madera",30,2023-07-23,2023-07-29,1545,29,158457,975,18.3,"0 - 126,593","0 - 127K","0 - 8,753","0 - 9K","0 - 5,021","0 - 5K","0 - 221","0 - 221"
"Central California","Madera",31,2023-07-30,2023-08-05,2005,38,158457,1265.3,24,"0 - 126,593","0 - 127K","0 - 8,753","0 - 9K","0 - 5,021","0 - 5K","0 - 221","0 - 221"
"Central California","Madera",32,2023-08-06,2023-08-12,2469,44,158457,1558.2,27.8,"0 - 126,593","0 - 127K","0 - 8,753","0 - 9K","0 - 5,021","0 - 5K","0 - 221","0 - 221"
"Central California","Madera",33,2023-08-13,2023-08-19,3097,61,158457,1954.5,38.5,"0 - 126,593","0 - 127K","0 - 8,753","0 - 9K","0 - 5,021","0 - 5K","0 - 221","0 - 221"
"Central California","Madera",34,2023-08-20,2023-08-26,3928,74,158457,2478.9,46.7,"0 - 126,593","0 - 127K","0 - 8,753","0 - 9K","0 - 5,021","0 - 5K","0 - 221","0 - 221"
"Central California","Madera",35,2023-08-27,2023-09-02,5364,92,158457,3385.1,58.1,"0 - 126,593","0 - 127K","0 - 8,753","0 - 9K","0 - 5,021","0 - 5K","0 - 221","0 - 221"
"Central California","Madera",36,2023-09-03,2023-09-09,6801,109,158457,4292,68.8,"0 - 126,593","0 - 127K","0 - 8,753","0 - 9K","0 - 5,021","0 - 5K","0 - 221","0 - 221"
"Central California","Madera",37,2023-09-10,2023-09-16,8075,153,158457,5096,96.6,"0 - 126,593","0 - 127K","0 - 8,753","0 - 9K","0 - 5,021","0 - 5K","0 - 221","0 - 221"
"Central California","Madera",38,2023-09-17,2023-09-23,9536,196,158457,6018,123.7,"0 - 126,593","0 - 127K","0 - 8,753","0 - 9K","0 - 5,021","0 - 5K","0 - 221","0 - 221"
"Central California","Madera",39,2023-09-24,2023-09-30,10744,229,158457,6780.4,144.5,"0 - 126,593","0 - 127K","0 - 8,753","0 - 9K","0 - 5,021","0 - 5K","0 - 221","0 - 221"
"Central California","Madera",40,2023-10-01,2023-10-07,12032,270,158457,7593.2,170.4,"0 - 126,593","0 - 127K","0 - 8,753","0 - 9K","0 - 5,021","0 - 5K","0 - 221","0 - 221"
"Central California","Madera",41,2023-10-08,2023-10-14,13249,303,158457,8361.3,191.2,"0 - 126,593","0 - 127K","0 - 8,753","0 - 9K","0 - 5,021","0 - 5K","0 - 221","0 - 221"
"Central California","Madera",42,2023-10-15,2023-10-21,14458,338,158457,9124.2,213.3,"0 - 126,593","0 - 127K","8,753 - 17,506","9K - 18K","0 - 5,021","0 - 5K","0 - 221","0 - 221"
"Central California","Madera",43,2023-10-22,2023-10-28,15552,367,158457,9814.7,231.6,"0 - 126,593","0 - 127K","8,753 - 17,506","9K - 18K","0 - 5,021","0 - 5K","221 - 442","221 - 442"
"Central California","Madera",44,2023-10-29,2023-11-04,16208,391,158457,10228.6,246.8,"0 - 126,593","0 - 127K","8,753 - 17,506","9K - 18K","0 - 5,021","0 - 5K","221 - 442","221 - 442"
"Central California","Madera",45,2023-11-05,2023-11-11,16696,416,158457,10536.6,262.5,"0 - 126,593","0 - 127K","8,753 - 17,506","9K - 18K","0 - 5,021","0 - 5K","221 - 442","221 - 442"
"Central California","Madera",46,2023-11-12,2023-11-18,16855,429,158457,10637,270.7,"0 - 126,593","0 - 127K","8,753 - 17,506","9K - 18K","0 - 5,021","0 - 5K","221 - 442","221 - 442"
"Central California","Madera",47,2023-11-19,2023-11-25,16876,437,158457,10650.2,275.8,"0 - 126,593","0 - 127K","8,753 - 17,506","9K - 18K","0 - 5,021","0 - 5K","221 - 442","221 - 442"
"Central California","Madera",48,2023-11-26,2023-12-02,16911,443,158457,10672.3,279.6,"0 - 126,593","0 - 127K","8,753 - 17,506","9K - 18K","0 - 5,021","0 - 5K","221 - 442","221 - 442"
"Central California","Madera",49,2023-12-03,2023-12-09,16911,445,158457,10672.3,280.8,"0 - 126,593","0 - 127K","8,753 - 17,506","9K - 18K","0 - 5,021","0 - 5K","221 - 442","221 - 442"
"Central California","Madera",50,2023-12-10,2023-12-16,16943,445,158457,10692.5,280.8,"0 - 126,593","0 - 127K","8,753 - 17,506","9K - 18K","0 - 5,021","0 - 5K","221 - 442","221 - 442"
"Central California","Madera",51,2023-12-17,2023-12-23,16943,445,158457,10692.5,280.8,"0 - 126,593","0 - 127K","8,753 - 17,506","9K - 18K","0 - 5,021","0 - 5K","221 - 442","221 - 442"
"Central California","Madera",52,2023-12-24,2023-12-30,16943,448,158457,10692.5,282.7,"0 - 126,593","0 - 127K","8,753 - 17,506","9K - 18K","0 - 5,021","0 - 5K","221 - 442","221 - 442"
"Central California","Mariposa",22,2023-05-28,2023-06-03,5,0,16860,29.7,0,"0 - 126,593","0 - 127K","0 - 8,753","0 - 9K","0 - 5,021","0 - 5K","0 - 221","0 - 221"
"Central California","Mariposa",23,2023-06-04,2023-06-10,12,0,16860,71.2,0,"0 - 126,593","0 - 127K","0 - 8,753","0 - 9K","0 - 5,021","0 - 5K","0 - 221","0 - 221"
"Central California","Mariposa",24,2023-06-11,2023-06-17,21,0,16860,124.6,0,"0 - 126,593","0 - 127K","0 - 8,753","0 - 9K","0 - 5,021","0 - 5K","0 - 221","0 - 221"
"Central California","Mariposa",25,2023-06-18,2023-06-24,31,0,16860,183.9,0,"0 - 126,593","0 - 127K","0 - 8,753","0 - 9K","0 - 5,021","0 - 5K","0 - 221","0 - 221"
"Central California","Mariposa",26,2023-06-25,2023-07-01,57,1,16860,338.1,5.9,"0 - 126,593","0 - 127K","0 - 8,753","0 - 9K","0 - 5,021","0 - 5K","0 - 221","0 - 221"
"Central California","Mariposa",27,2023-07-02,2023-07-08,93,1,16860,551.6,5.9,"0 - 126,593","0 - 127K","0 - 8,753","0 - 9K","0 - 5,021","0 - 5K","0 - 221","0 - 221"
"Central California","Mariposa",28,2023-07-09,2023-07-15,137,2,16860,812.6,11.9,"0 - 126,593","0 - 127K","0 - 8,753","0 - 9K","0 - 5,021","0 - 5K","0 - 221","0 - 221"
"Central California","Mariposa",29,2023-07-16,2023-07-22,168,3,16860,996.4,17.8,"0 - 126,593","0 - 127K","0 - 8,753","0 - 9K","0 - 5,021","0 - 5K","0 - 221","0 - 221"
"Central California","Mariposa",30,2023-07-23,2023-07-29,198,6,16860,1174.4,35.6,"0 - 126,593","0 - 127K","0 - 8,753","0 - 9K","0 - 5,021","0 - 5K","0 - 221","0 - 221"
"Central California","Mariposa",31,2023-07-30,2023-08-05,249,6,16860,1476.9,35.6,"0 - 126,593","0 - 127K","0 - 8,753","0 - 9K","0 - 5,021","0 - 5K","0 - 221","0 - 221"
"Central California","Mariposa",32,2023-08-06,2023-08-12,302,6,16860,1791.2,35.6,"0 - 126,593","0 - 127K","0 - 8,753","0 - 9K","0 - 5,021","0 - 5K","0 - 221","0 - 221"
"Central California","Mariposa",33,2023-08-13,2023-08-19,375,10,16860,2224.2,59.3,"0 - 126,593","0 - 127K","0 - 8,753","0 - 9K","0 - 5,021","0 - 5K","0 - 221","0 - 221"
"Central California","Mariposa",34,2023-08-20,2023-08-26,486,16,16860,2882.6,94.9,"0 - 126,593","0 - 127K","0 - 8,753","0 - 9K","0 - 5,021","0 - 5K","0 - 221","0 - 221"
"Central California","Mariposa",35,2023-08-27,2023-09-02,631,22,16860,3742.6,130.5,"0 - 126,593","0 - 127K","0 - 8,753","0 - 9K","0 - 5,021","0 - 5K","0 - 221","0 - 221"
"Central California","Mariposa",36,2023-09-03,2023-09-09,779,25,16860,4620.4,148.3,"0 - 126,593","0 - 127K","0 - 8,753","0 - 9K","0 - 5,021","0 - 5K","0 - 221","0 - 221"
"Central California","Mariposa",37,2023-09-10,2023-09-16,924,31,16860,5480.4,183.9,"0 - 126,593","0 - 127K","0 - 8,753","0 - 9K","0 - 5,021","0 - 5K","0 - 221","0 - 221"
"Central California","Mariposa",38,2023-09-17,2023-09-23,1095,34,16860,6494.7,201.7,"0 - 126,593","0 - 127K","0 - 8,753","0 - 9K","0 - 5,021","0 - 5K","0 - 221","0 - 221"
"Central California","Mariposa",39,2023-09-24,2023-09-30,1231,40,16860,7301.3,237.2,"0 - 126,593","0 - 127K","0 - 8,753","0 - 9K","0 - 5,021","0 - 5K","221 - 442","221 - 442"
"Central California","Mariposa",40,2023-10-01,2023-10-07,1379,49,16860,8179.1,290.6,"0 - 126,593","0 - 127K","0 - 8,753","0 - 9K","0 - 5,021","0 - 5K","221 - 442","221 - 442"
"Central California","Mariposa",41,2023-10-08,2023-10-14,1520,53,16860,9015.4,314.4,"0 - 126,593","0 - 127K","8,753 - 17,506","9K - 18K","0 - 5,021","0 - 5K","221 - 442","221 - 442"
"Central California","Mariposa",42,2023-10-15,2023-10-21,1663,60,16860,9863.6,355.9,"0 - 126,593","0 - 127K","8,753 - 17,506","9K - 18K","0 - 5,021","0 - 5K","221 - 442","221 - 442"
"Central California","Mariposa",43,2023-10-22,2023-10-28,1751,66,16860,10385.5,391.5,"0 - 126,593","0 - 127K","8,753 - 17,506","9K - 18K","0 - 5,021","0 - 5K","221 - 442","221 - 442"
"Central California","Mariposa",44,2023-10-29,2023-11-04,1813,69,16860,10753.3,409.3,"0 - 126,593","0 - 127K","8,753 - 17,506","9K - 18K","0 - 5,021","0 - 5K","221 - 442","221 - 442"
"Central California","Mariposa",45,2023-11-05,2023-11-11,1872,73,16860,11103.2,433,"0 - 126,593","0 - 127K","8,753 - 17,506","9K - 18K","0 - 5,021","0 - 5K","221 - 442","221 - 442"
"Central California","Mariposa",46,2023-11-12,2023-11-18,1892,75,16860,11221.8,444.8,"0 - 126,593","0 - 127K","8,753 - 17,506","9K - 18K","0 - 5,021","0 - 5K","442 - 663","442 - 663"
"Central California","Mariposa",47,2023-11-19,2023-11-25,1894,76,16860,11233.7,450.8,"0 - 126,593","0 - 127K","8,753 - 17,506","9K - 18K","0 - 5,021","0 - 5K","442 - 663","442 - 663"
"Central California","Mariposa",48,2023-11-26,2023-12-02,1897,77,16860,11251.5,456.7,"0 - 126,593","0 - 127K","8,753 - 17,506","9K - 18K","0 - 5,021","0 - 5K","442 - 663","442 - 663"
"Central California","Mariposa",49,2023-12-03,2023-12-09,1897,77,16860,11251.5,456.7,"0 - 126,593","0 - 127K","8,753 - 17,506","9K - 18K","0 - 5,021","0 - 5K","442 - 663","442 - 663"
"Central California","Mariposa",50,2023-12-10,2023-12-16,1900,77,16860,11269.3,456.7,"0 - 126,593","0 - 127K","8,753 - 17,506","9K - 18K","0 - 5,021","0 - 5K","442 - 663","442 - 663"
"Central California","Mariposa",51,2023-12-17,2023-12-23,1900,77,16860,11269.3,456.7,"0 - 126,593","0 - 127K","8,753 - 17,506","9K - 18K","0 - 5,021","0 - 5K","442 - 663","442 - 663"
"Central California","Mariposa",52,2023-12-24,2023-12-30,1900,77,16860,11269.3,456.7,"0 - 126,593","0 - 127K","8,753 - 17,506","9K - 18K","0 - 5,021","0 - 5K","442 - 663","442 - 663"
"Central California","Merced",22,2023-05-28,2023-06-03,206,0,285600,72.1,0,"0 - 126,593","0 - 127K","0 - 8,753","0 - 9K","0 - 5,021","0 - 5K","0 - 221","0 - 221"
"Central California","Merced",23,2023-06-04,2023-06-10,430,0,285600,150.6,0,"0 - 126,593","0 - 127K","0 - 8,753","0 - 9K","0 - 5,021","0 - 5K","0 - 221","0 - 221"
"Central California","Merced",24,2023-06-11,2023-06-17,575,4,285600,201.3,1.4,"0 - 126,593","0 - 127K","0 - 8,753","0 - 9K","0 - 5,021","0 - 5K","0 - 221","0 - 221"
"Central California","Merced",25,2023-06-18,2023-06-24,1085,8,285600,379.9,2.8,"0 - 126,593","0 - 127K","0 - 8,753","0 - 9K","0 - 5,021","0 - 5K","0 - 221","0 - 221"
"Central California","Merced",26,2023-06-25,2023-07-01,1988,10,285600,696.1,3.5,"0 - 126,593","0 - 127K","0 - 8,753","0 - 9K","0 - 5,021","0 - 5K","0 - 221","0 - 221"
"Central California","Merced",27,2023-07-02,2023-07-08,3014,20,285600,1055.3,7,"0 - 126,593","0 - 127K","0 - 8,753","0 - 9K","0 - 5,021","0 - 5K","0 - 221","0 - 221"
"Central California","Merced",28,2023-07-09,2023-07-15,4392,42,285600,1537.8,14.7,"0 - 126,593","0 - 127K","0 - 8,753","0 - 9K","0 - 5,021","0 - 5K","0 - 221","0 - 221"
"Central California","Merced",29,2023-07-16,2023-07-22,5462,73,285600,1912.5,25.6,"0 - 126,593","0 - 127K","0 - 8,753","0 - 9K","0 - 5,021","0 - 5K","0 - 221","0 - 221"
"Central California","Merced",30,2023-07-23,2023-07-29,6579,109,285600,2303.6,38.2,"0 - 126,593","0 - 127K","0 - 8,753","0 - 9K","0 - 5,021","0 - 5K","0 - 221","0 - 221"
"Central California","Merced",31,2023-07-30,2023-08-05,8590,130,285600,3007.7,45.5,"0 - 126,593","0 - 127K","0 - 8,753","0 - 9K","0 - 5,021","0 - 5K","0 - 221","0 - 221"
"Central California","Merced",32,2023-08-06,2023-08-12,10620,153,285600,3718.5,53.6,"0 - 126,593","0 - 127K","0 - 8,753","0 - 9K","0 - 5,021","0 - 5K","0 - 221","0 - 221"
"Central California","Merced",33,2023-08-13,2023-08-19,13101,204,285600,4587.2,71.4,"0 - 126,593","0 - 127K","0 - 8,753","0 - 9K","0 - 5,021","0 - 5K","0 - 221","0 - 221"
"Central California","Merced",34,2023-08-20,2023-08-26,16712,252,285600,5851.5,88.2,"0 - 126,593","0 - 127K","0 - 8,753","0 - 9K","0 - 5,021","0 - 5K","0 - 221","0 - 221"
"Central California","Merced",35,2023-08-27,2023-09-02,22400,297,285600,7843.1,104,"0 - 126,593","0 - 127K","0 - 8,753","0 - 9K","0 - 5,021","0 - 5K","0 - 221","0 - 221"
"Central California","Merced",36,2023-09-03,2023-09-09,27887,373,285600,9764.4,130.6,"0 - 126,593","0 - 127K","8,753 - 17,506","9K - 18K","0 - 5,021","0 - 5K","0 - 221","0 - 221"
"Central California","Merced",37,2023-09-10,2023-09-16,32891,477,285600,11516.5,167,"0 - 126,593","0 - 127K","8,753 - 17,506","9K - 18K","0 - 5,021","0 - 5K","0 - 221","0 - 221"
"Central California","Merced",38,2023-09-17,2023-09-23,38407,621,285600,13447.8,217.4,"0 - 126,593","0 - 127K","8,753 - 17,506","9K - 18K","0 - 5,021","0 - 5K","0 - 221","0 - 221"
"Central California","Merced",39,2023-09-24,2023-09-30,42906,744,285600,15023.1,260.5,"0 - 126,593","0 - 127K","8,753 - 17,506","9K - 18K","0 - 5,021","0 - 5K","221 - 442","221 - 442"
"Central California","Merced",40,2023-10-01,2023-10-07,47493,873,285600,16629.2,305.7,"0 - 126,593","0 - 127K","8,753 - 17,506","9K - 18K","0 - 5,021","0 - 5K","221 - 442","221 - 442"
"Central California","Merced",41,2023-10-08,2023-10-14,51863,990,285600,18159.3,346.6,"0 - 126,593","0 - 127K","17,506 - 26,260","18K - 26K","0 - 5,021","0 - 5K","221 - 442","221 - 442"
"Central California","Merced",42,2023-10-15,2023-10-21,56335,1097,285600,19725.1,384.1,"0 - 126,593","0 - 127K","17,506 - 26,260","18K - 26K","0 - 5,021","0 - 5K","221 - 442","221 - 442"
"Central California","Merced",43,2023-10-22,2023-10-28,59800,1193,285600,20938.4,417.7,"0 - 126,593","0 - 127K","17,506 - 26,260","18K - 26K","0 - 5,021","0 - 5K","221 - 442","221 - 442"
"Central California","Merced",44,2023-10-29,2023-11-04,62196,1297,285600,21777.3,454.1,"0 - 126,593","0 - 127K","17,506 - 26,260","18K - 26K","0 - 5,021","0 - 5K","442 - 663","442 - 663"
"Central California","Merced",45,2023-11-05,2023-11-11,63753,1390,285600,22322.5,486.7,"0 - 126,593","0 - 127K","17,506 - 26,260","18K - 26K","0 - 5,021","0 - 5K","442 - 663","442 - 663"
"Central California","Merced",46,2023-11-12,2023-11-18,64300,1469,285600,22514,514.4,"0 - 126,593","0 - 127K","17,506 - 26,260","18K - 26K","0 - 5,021","0 - 5K","442 - 663","442 - 663"
"Central California","Merced",47,2023-11-19,2023-11-25,64385,1520,285600,22543.8,532.2,"0 - 126,593","0 - 127K","17,506 - 26,260","18K - 26K","0 - 5,021","0 - 5K","442 - 663","442 - 663"
"Central California","Merced",48,2023-11-26,2023-12-02,64492,1528,285600,22581.2,535,"0 - 126,593","0 - 127K","17,506 - 26,260","18K - 26K","0 - 5,021","0 - 5K","442 - 663","442 - 663"
"Central California","Merced",49,2023-12-03,2023-12-09,64492,1530,285600,22581.2,535.7,"0 - 126,593","0 - 127K","17,506 - 26,260","18K - 26K","0 - 5,021","0 - 5K","442 - 663","442 - 663"
"Central California","Merced",50,2023-12-10,2023-12-16,64591,1532,285600,22615.9,536.4,"0 - 126,593","0 - 127K","17,506 - 26,260","18K - 26K","0 - 5,021","0 - 5K","442 - 663","442 - 663"
"Central California","Merced",51,2023-12-17,2023-12-23,64591,1533,285600,22615.9,536.8,"0 - 126,593","0 - 127K","17,506 - 26,260","18K - 26K","0 - 5,021","0 - 5K","442 - 663","442 - 663"
"Central California","Merced",52,2023-12-24,2023-12-30,64591,1536,285600,22615.9,537.8,"0 - 126,593","0 - 127K","17,506 - 26,260","18K - 26K","0 - 5,021","0 - 5K","442 - 663","442 - 663"
"Central California","San Joaquin",22,2023-05-28,2023-06-03,475,0,784528,60.5,0,"0 - 126,593","0 - 127K","0 - 8,753","0 - 9K","0 - 5,021","0 - 5K","0 - 221","0 - 221"
"Central California","San Joaquin",23,2023-06-04,2023-06-10,929,0,784528,118.4,0,"0 - 126,593","0 - 127K","0 - 8,753","0 - 9K","0 - 5,021","0 - 5K","0 - 221","0 - 221"
"Central California","San Joaquin",24,2023-06-11,2023-06-17,1338,18,784528,170.5,2.3,"0 - 126,593","0 - 127K","0 - 8,753","0 - 9K","0 - 5,021","0 - 5K","0 - 221","0 - 221"
"Central California","San Joaquin",25,2023-06-18,2023-06-24,2541,33,784528,323.9,4.2,"0 - 126,593","0 - 127K","0 - 8,753","0 - 9K","0 - 5,021","0 - 5K","0 - 221","0 - 221"
"Central California","San Joaquin",26,2023-06-25,2023-07-01,4574,49,784528,583,6.2,"0 - 126,593","0 - 127K","0 - 8,753","0 - 9K","0 - 5,021","0 - 5K","0 - 221","0 - 221"
"Central California","San Joaquin",27,2023-07-02,2023-07-08,6997,73,784528,891.9,9.3,"0 - 126,593","0 - 127K","0 - 8,753","0 - 9K","0 - 5,021","0 - 5K","0 - 221","0 - 221"
"Central California","San Joaquin",28,2023-07-09,2023-07-15,10107,126,784528,1288.3,16.1,"0 - 126,593","0 - 127K","0 - 8,753","0 - 9K","0 - 5,021","0 - 5K","0 - 221","0 - 221"
"Central California","San Joaquin",29,2023-07-16,2023-07-22,12559,177,784528,1600.8,22.6,"0 - 126,593","0 - 127K","0 - 8,753","0 - 9K","0 - 5,021","0 - 5K","0 - 221","0 - 221"
"Central California","San Joaquin",30,2023-07-23,2023-07-29,15236,245,784528,1942.1,31.2,"0 - 126,593","0 - 127K","0 - 8,753","0 - 9K","0 - 5,021","0 - 5K","0 - 221","0 - 221"
"Central California","San Joaquin",31,2023-07-30,2023-08-05,19653,307,784528,2505.1,39.1,"0 - 126,593","0 - 127K","0 - 8,753","0 - 9K","0 - 5,021","0 - 5K","0 - 221","0 - 221"
"Central California","San Joaquin",32,2023-08-06,2023-08-12,24053,388,784528,3065.9,49.5,"0 - 126,593","0 - 127K","0 - 8,753","0 - 9K","0 - 5,021","0 - 5K","0 - 221","0 - 221"
"Central California","San Joaquin",33,2023-08-13,2023-08-19,29736,502,784528,3790.3,64,"0 - 126,593","0 - 127K","0 - 8,753","0 - 9K","0 - 5,021","0 - 5K","0 - 221","0 - 221"
"Central California","San Joaquin",34,2023-08-20,2023-08-26,38107,609,784528,4857.3,77.6,"0 - 126,593","0 - 127K","0 - 8,753","0 - 9K","0 - 5,021","0 - 5K","0 - 221","0 - 221"
"Central California","San Joaquin",35,2023-08-27,2023-09-02,50910,741,784528,6489.3,94.5,"0 - 126,593","0 - 127K","0 - 8,753","0 - 9K","0 - 5,021","0 - 5K","0 - 221","0 - 221"
"Central California","San Joaquin",36,2023-09-03,2023-09-09,63523,933,784528,8097,118.9,"0 - 126,593","0 - 127K","0 - 8,753","0 - 9K","0 - 5,021","0 - 5K","0 - 221","0 - 221"
"Central California","San Joaquin",37,2023-09-10,2023-09-16,75062,1227,784528,9567.8,156.4,"0 - 126,593","0 - 127K","8,753 - 17,506","9K - 18K","0 - 5,021","0 - 5K","0 - 221","0 - 221"
"Central California","San Joaquin",38,2023-09-17,2023-09-23,88011,1572,784528,11218.3,200.4,"0 - 126,593","0 - 127K","8,753 - 17,506","9K - 18K","0 - 5,021","0 - 5K","0 - 221","0 - 221"
"Central California","San Joaquin",39,2023-09-24,2023-09-30,98638,1860,784528,12572.9,237.1,"0 - 126,593","0 - 127K","8,753 - 17,506","9K - 18K","0 - 5,021","0 - 5K","221 - 442","221 - 442"
"Central California","San Joaquin",40,2023-10-01,2023-10-07,109355,2222,784528,13939,283.2,"0 - 126,593","0 - 127K","8,753 - 17,506","9K - 18K","0 - 5,021","0 - 5K","221 - 442","221 - 442"
"Central California","San Joaquin",41,2023-10-08,2023-10-14,119866,2472,784528,15278.7,315.1,"0 - 126,593","0 - 127K","8,753 - 17,506","9K - 18K","0 - 5,021","0 - 5K","221 - 442","221 - 442"
"Central California","San Joaquin",42,2023-10-15,2023-10-21,130182,2750,784528,16593.7,350.5,"126,593 - 253,187","127K - 253K","8,753 - 17,506","9K - 18K","0 - 5,021","0 - 5K","221 - 442","221 - 442"
"Central California","San Joaquin",43,2023-10-22,2023-10-28,138617,3027,784528,17668.8,385.8,"126,593 - 253,187","127K - 253K","17,506 - 26,260","18K - 26K","0 - 5,021","0 - 5K","221 - 442","221 - 442"
"Central California","San Joaquin",44,2023-10-29,2023-11-04,144119,3282,784528,18370.2,418.3,"126,593 - 253,187","127K - 253K","17,506 - 26,260","18K - 26K","0 - 5,021","0 - 5K","221 - 442","221 - 442"
"Central California","San Joaquin",45,2023-11-05,2023-11-11,148182,3501,784528,18888,446.3,"126,593 - 253,187","127K - 253K","17,506 - 26,260","18K - 26K","0 - 5,021","0 - 5K","442 - 663","442 - 663"
"Central California","San Joaquin",46,2023-11-12,2023-11-18,149560,3657,784528,19063.7,466.1,"126,593 - 253,187","127K - 253K","17,506 - 26,260","18K - 26K","0 - 5,021","0 - 5K","442 - 663","442 - 663"
"Central California","San Joaquin",47,2023-11-19,2023-11-25,149738,3759,784528,19086.4,479.1,"126,593 - 253,187","127K - 253K","17,506 - 26,260","18K - 26K","0 - 5,021","0 - 5K","442 - 663","442 - 663"
"Central California","San Joaquin",48,2023-11-26,2023-12-02,149988,3808,784528,19118.2,485.4,"126,593 - 253,187","127K - 253K","17,506 - 26,260","18K - 26K","0 - 5,021","0 - 5K","442 - 663","442 - 663"
"Central California","San Joaquin",49,2023-12-03,2023-12-09,149988,3823,784528,19118.2,487.3,"126,593 - 253,187","127K - 253K","17,506 - 26,260","18K - 26K","0 - 5,021","0 - 5K","442 - 663","442 - 663"
"Central California","San Joaquin",50,2023-12-10,2023-12-16,150261,3828,784528,19153,487.9,"126,593 - 253,187","127K - 253K","17,506 - 26,260","18K - 26K","0 - 5,021","0 - 5K","442 - 663","442 - 663"
"Central California","San Joaquin",51,2023-12-17,2023-12-23,150261,3828,784528,19153,487.9,"126,593 - 253,187","127K - 253K","17,506 - 26,260","18K - 26K","0 - 5,021","0 - 5K","442 - 663","442 - 663"
"Central California","San Joaquin",52,2023-12-24,2023-12-30,150261,3835,784528,19153,488.8,"126,593 - 253,187","127K - 253K","17,506 - 26,260","18K - 26K","0 - 5,021","0 - 5K","442 - 663","442 - 663"
"Central California","Stanislaus",22,2023-05-28,2023-06-03,335,0,545704,61.4,0,"0 - 126,593","0 - 127K","0 - 8,753","0 - 9K","0 - 5,021","0 - 5K","0 - 221","0 - 221"
"Central California","Stanislaus",23,2023-06-04,2023-06-10,700,0,545704,128.3,0,"0 - 126,593","0 - 127K","0 - 8,753","0 - 9K","0 - 5,021","0 - 5K","0 - 221","0 - 221"
"Central California","Stanislaus",24,2023-06-11,2023-06-17,997,10,545704,182.7,1.8,"0 - 126,593","0 - 127K","0 - 8,753","0 - 9K","0 - 5,021","0 - 5K","0 - 221","0 - 221"
"Central California","Stanislaus",25,2023-06-18,2023-06-24,1881,15,545704,344.7,2.7,"0 - 126,593","0 - 127K","0 - 8,753","0 - 9K","0 - 5,021","0 - 5K","0 - 221","0 - 221"
"Central California","Stanislaus",26,2023-06-25,2023-07-01,3361,22,545704,615.9,4,"0 - 126,593","0 - 127K","0 - 8,753","0 - 9K","0 - 5,021","0 - 5K","0 - 221","0 - 221"
"Central California","Stanislaus",27,2023-07-02,2023-07-08,5089,43,545704,932.6,7.9,"0 - 126,593","0 - 127K","0 - 8,753","0 - 9K","0 - 5,021","0 - 5K","0 - 221","0 - 221"
"Central California","Stanislaus",28,2023-07-09,2023-07-15,7416,75,545704,1359,13.7,"0 - 126,593","0 - 127K","0 - 8,753","0 - 9K","0 - 5,021","0 - 5K","0 - 221","0 - 221"
"Central California","Stanislaus",29,2023-07-16,2023-07-22,9127,109,545704,1672.5,20,"0 - 126,593","0 - 127K","0 - 8,753","0 - 9K","0 - 5,021","0 - 5K","0 - 221","0 - 221"
"Central California","Stanislaus",30,2023-07-23,2023-07-29,10947,161,545704,2006,29.5,"0 - 126,593","0 - 127K","0 - 8,753","0 - 9K","0 - 5,021","0 - 5K","0 - 221","0 - 221"
"Central California","Stanislaus",31,2023-07-30,2023-08-05,14189,218,545704,2600.1,39.9,"0 - 126,593","0 - 127K","0 - 8,753","0 - 9K","0 - 5,021","0 - 5K","0 - 221","0 - 221"
"Central California","Stanislaus",32,2023-08-06,2023-08-12,17521,264,545704,3210.7,48.4,"0 - 126,593","0 - 127K","0 - 8,753","0 - 9K","0 - 5,021","0 - 5K","0 - 221","0 - 221"
"Central California","Stanislaus",33,2023-08-13,2023-08-19,21640,356,545704,3965.5,65.2,"0 - 126,593","0 - 127K","0 - 8,753","0 - 9K","0 - 5,021","0 - 5K","0 - 221","0 - 221"
"Central California","Stanislaus",34,2023-08-20,2023-08-26,27698,441,545704,5075.6,80.8,"0 - 126,593","0 - 127K","0 - 8,753","0 - 9K","0 - 5,021","0 - 5K","0 - 221","0 - 221"
"Central California","Stanislaus",35,2023-08-27,2023-09-02,37073,548,545704,6793.6,100.4,"0 - 126,593","0 - 127K","0 - 8,753","0 - 9K","0 - 5,021","0 - 5K","0 - 221","0 - 221"
"Central California","Stanislaus",36,2023-09-03,2023-09-09,46162,703,545704,8459.2,128.8,"0 - 126,593","0 - 127K","0 - 8,753","0 - 9K","0 - 5,021","0 - 5K","0 - 221","0 - 221"
"Central California","Stanislaus",37,2023-09-10,2023-09-16,54629,945,545704,10010.7,173.2,"0 - 126,593","0 - 127K","8,753 - 17,506","9K - 18K","0 - 5,021","0 - 5K","0 - 221","0 - 221"
"Central California","Stanislaus",38,2023-09-17,2023-09-23,64149,1200,545704,11755.3,219.9,"0 - 126,593","0 - 127K","8,753 - 17,506","9K - 18K","0 - 5,021","0 - 5K","0 - 221","0 - 221"
"Central California","Stanislaus",39,2023-09-24,2023-09-30,71820,1430,545704,13161,262,"0 - 126,593","0 - 127K","8,753 - 17,506","9K - 18K","0 - 5,021","0 - 5K","221 - 442","221 - 442"
"Central California","Stanislaus",40,2023-10-01,2023-10-07,79475,1683,545704,14563.8,308.4,"0 - 126,593","0 - 127K","8,753 - 17,506","9K - 18K","0 - 5,021","0 - 5K","221 - 442","221 - 442"
"Central California","Stanislaus",41,2023-10-08,2023-10-14,86938,1893,545704,15931.3,346.9,"0 - 126,593","0 - 127K","8,753 - 17,506","9K - 18K","0 - 5,021","0 - 5K","221 - 442","221 - 442"
"Central California","Stanislaus",42,2023-10-15,2023-10-21,94439,2088,545704,17305.9,382.6,"0 - 126,593","0 - 127K","8,753 - 17,506","9K - 18K","0 - 5,021","0 - 5K","221 - 442","221 - 442"
"Central California","Stanislaus",43,2023-10-22,2023-10-28,100498,2275,545704,18416.2,416.9,"0 - 126,593","0 - 127K","17,506 - 26,260","18K - 26K","0 - 5,021","0 - 5K","221 - 442","221 - 442"
"Central California","Stanislaus",44,2023-10-29,2023-11-04,104474,2482,545704,19144.8,454.8,"0 - 126,593","0 - 127K","17,506 - 26,260","18K - 26K","0 - 5,021","0 - 5K","442 - 663","442 - 663"
"Central California","Stanislaus",45,2023-11-05,2023-11-11,107359,2631,545704,19673.5,482.1,"0 - 126,593","0 - 127K","17,506 - 26,260","18K - 26K","0 - 5,021","0 - 5K","442 - 663","442 - 663"
"Central California","Stanislaus",46,2023-11-12,2023-11-18,108389,2728,545704,19862.2,499.9,"0 - 126,593","0 - 127K","17,506 - 26,260","18K - 26K","0 - 5,021","0 - 5K","442 - 663","442 - 663"
"Central California","Stanislaus",47,2023-11-19,2023-11-25,108526,2816,545704,19887.3,516,"0 - 126,593","0 - 127K","17,506 - 26,260","18K - 26K","0 - 5,021","0 - 5K","442 - 663","442 - 663"
"Central California","Stanislaus",48,2023-11-26,2023-12-02,108691,2858,545704,19917.6,523.7,"0 - 126,593","0 - 127K","17,506 - 26,260","18K - 26K","0 - 5,021","0 - 5K","442 - 663","442 - 663"
"Central California","Stanislaus",49,2023-12-03,2023-12-09,108691,2873,545704,19917.6,526.5,"0 - 126,593","0 - 127K","17,506 - 26,260","18K - 26K","0 - 5,021","0 - 5K","442 - 663","442 - 663"
"Central California","Stanislaus",50,2023-12-10,2023-12-16,108872,2877,545704,19950.7,527.2,"0 - 126,593","0 - 127K","17,506 - 26,260","18K - 26K","0 - 5,021","0 - 5K","442 - 663","442 - 663"
"Central California","Stanislaus",51,2023-12-17,2023-12-23,108872,2878,545704,19950.7,527.4,"0 - 126,593","0 - 127K","17,506 - 26,260","18K - 26K","0 - 5,021","0 - 5K","442 - 663","442 - 663"
"Central California","Stanislaus",52,2023-12-24,2023-12-30,108872,2882,545704,19950.7,528.1,"0 - 126,593","0 - 127K","17,506 - 26,260","18K - 26K","0 - 5,021","0 - 5K","442 - 663","442 - 663"
"Central California","Tulare",22,2023-05-28,2023-06-03,345,0,474792,72.7,0,"0 - 126,593","0 - 127K","0 - 8,753","0 - 9K","0 - 5,021","0 - 5K","0 - 221","0 - 221"
"Central California","Tulare",23,2023-06-04,2023-06-10,709,0,474792,149.3,0,"0 - 126,593","0 - 127K","0 - 8,753","0 - 9K","0 - 5,021","0 - 5K","0 - 221","0 - 221"
"Central California","Tulare",24,2023-06-11,2023-06-17,1046,2,474792,220.3,0.4,"0 - 126,593","0 - 127K","0 - 8,753","0 - 9K","0 - 5,021","0 - 5K","0 - 221","0 - 221"
"Central California","Tulare",25,2023-06-18,2023-06-24,1948,15,474792,410.3,3.2,"0 - 126,593","0 - 127K","0 - 8,753","0 - 9K","0 - 5,021","0 - 5K","0 - 221","0 - 221"
"Central California","Tulare",26,2023-06-25,2023-07-01,3547,21,474792,747.1,4.4,"0 - 126,593","0 - 127K","0 - 8,753","0 - 9K","0 - 5,021","0 - 5K","0 - 221","0 - 221"
"Central California","Tulare",27,2023-07-02,2023-07-08,5406,50,474792,1138.6,10.5,"0 - 126,593","0 - 127K","0 - 8,753","0 - 9K","0 - 5,021","0 - 5K","0 - 221","0 - 221"
"Central California","Tulare",28,2023-07-09,2023-07-15,7764,86,474792,1635.2,18.1,"0 - 126,593","0 - 127K","0 - 8,753","0 - 9K","0 - 5,021","0 - 5K","0 - 221","0 - 221"
"Central California","Tulare",29,2023-07-16,2023-07-22,9604,140,474792,2022.8,29.5,"0 - 126,593","0 - 127K","0 - 8,753","0 - 9K","0 - 5,021","0 - 5K","0 - 221","0 - 221"
"Central California","Tulare",30,2023-07-23,2023-07-29,11535,201,474792,2429.5,42.3,"0 - 126,593","0 - 127K","0 - 8,753","0 - 9K","0 - 5,021","0 - 5K","0 - 221","0 - 221"
"Central California","Tulare",31,2023-07-30,2023-08-05,14938,246,474792,3146.2,51.8,"0 - 126,593","0 - 127K","0 - 8,753","0 - 9K","0 - 5,021","0 - 5K","0 - 221","0 - 221"
"Central California","Tulare",32,2023-08-06,2023-08-12,18375,295,474792,3870.1,62.1,"0 - 126,593","0 - 127K","0 - 8,753","0 - 9K","0 - 5,021","0 - 5K","0 - 221","0 - 221"
"Central California","Tulare",33,2023-08-13,2023-08-19,22808,373,474792,4803.8,78.6,"0 - 126,593","0 - 127K","0 - 8,753","0 - 9K","0 - 5,021","0 - 5K","0 - 221","0 - 221"
"Central California","Tulare",34,2023-08-20,2023-08-26,29275,450,474792,6165.9,94.8,"0 - 126,593","0 - 127K","0 - 8,753","0 - 9K","0 - 5,021","0 - 5K","0 - 221","0 - 221"
"Central California","Tulare",35,2023-08-27,2023-09-02,38966,528,474792,8207,111.2,"0 - 126,593","0 - 127K","0 - 8,753","0 - 9K","0 - 5,021","0 - 5K","0 - 221","0 - 221"
"Central California","Tulare",36,2023-09-03,2023-09-09,48614,660,474792,10239,139,"0 - 126,593","0 - 127K","8,753 - 17,506","9K - 18K","0 - 5,021","0 - 5K","0 - 221","0 - 221"
"Central California","Tulare",37,2023-09-10,2023-09-16,57362,872,474792,12081.5,183.7,"0 - 126,593","0 - 127K","8,753 - 17,506","9K - 18K","0 - 5,021","0 - 5K","0 - 221","0 - 221"
"Central California","Tulare",38,2023-09-17,2023-09-23,67032,1099,474792,14118.2,231.5,"0 - 126,593","0 - 127K","8,753 - 17,506","9K - 18K","0 - 5,021","0 - 5K","221 - 442","221 - 442"
"Central California","Tulare",39,2023-09-24,2023-09-30,74938,1302,474792,15783.3,274.2,"0 - 126,593","0 - 127K","8,753 - 17,506","9K - 18K","0 - 5,021","0 - 5K","221 - 442","221 - 442"
"Central California","Tulare",40,2023-10-01,2023-10-07,82837,1527,474792,17447,321.6,"0 - 126,593","0 - 127K","8,753 - 17,506","9K - 18K","0 - 5,021","0 - 5K","221 - 442","221 - 442"
"Central California","Tulare",41,2023-10-08,2023-10-14,90375,1723,474792,19034.7,362.9,"0 - 126,593","0 - 127K","17,506 - 26,260","18K - 26K","0 - 5,021","0 - 5K","221 - 442","221 - 442"
"Central California","Tulare",42,2023-10-15,2023-10-21,97941,1905,474792,20628.2,401.2,"0 - 126,593","0 - 127K","17,506 - 26,260","18K - 26K","0 - 5,021","0 - 5K","221 - 442","221 - 442"
"Central California","Tulare",43,2023-10-22,2023-10-28,103969,2091,474792,21897.8,440.4,"0 - 126,593","0 - 127K","17,506 - 26,260","18K - 26K","0 - 5,021","0 - 5K","221 - 442","221 - 442"
"Central California","Tulare",44,2023-10-29,2023-11-04,108022,2263,474792,22751.4,476.6,"0 - 126,593","0 - 127K","17,506 - 26,260","18K - 26K","0 - 5,021","0 - 5K","442 - 663","442 - 663"
"Central California","Tulare",45,2023-11-05,2023-11-11,110948,2408,474792,23367.7,507.2,"0 - 126,593","0 - 127K","17,506 - 26,260","18K - 26K","0 - 5,021","0 - 5K","442 - 663","442 - 663"
"Central California","Tulare",46,2023-11-12,2023-11-18,111977,2523,474792,23584.4,531.4,"0 - 126,593","0 - 127K","17,506 - 26,260","18K - 26K","0 - 5,021","0 - 5K","442 - 663","442 - 663"
"Central California","Tulare",47,2023-11-19,2023-11-25,112120,2621,474792,23614.6,552,"0 - 126,593","0 - 127K","17,506 - 26,260","18K - 26K","0 - 5,021","0 - 5K","442 - 663","442 - 663"
"Central California","Tulare",48,2023-11-26,2023-12-02,112315,2645,474792,23655.6,557.1,"0 - 126,593","0 - 127K","17,506 - 26,260","18K - 26K","0 - 5,021","0 - 5K","442 - 663","442 - 663"
"Central California","Tulare",49,2023-12-03,2023-12-09,112315,2653,474792,23655.6,558.8,"0 - 126,593","0 - 127K","17,506 - 26,260","18K - 26K","0 - 5,021","0 - 5K","442 - 663","442 - 663"
"Central California","Tulare",50,2023-12-10,2023-12-16,112499,2655,474792,23694.4,559.2,"0 - 126,593","0 - 127K","17,506 - 26,260","18K - 26K","0 - 5,021","0 - 5K","442 - 663","442 - 663"
"Central California","Tulare",51,2023-12-17,2023-12-23,112499,2656,474792,23694.4,559.4,"0 - 126,593","0 - 127K","17,506 - 26,260","18K - 26K","0 - 5,021","0 - 5K","442 - 663","442 - 663"
"Central California","Tulare",52,2023-12-24,2023-12-30,112499,2664,474792,23694.4,561.1,"0 - 126,593","0 - 127K","17,506 - 26,260","18K - 26K","0 - 5,021","0 - 5K","442 - 663","442 - 663"
"Central California","Tuolumne",22,2023-05-28,2023-06-03,8,0,53387,15,0,"0 - 126,593","0 - 127K","0 - 8,753","0 - 9K","0 - 5,021","0 - 5K","0 - 221","0 - 221"
"Central California","Tuolumne",23,2023-06-04,2023-06-10,34,0,53387,63.7,0,"0 - 126,593","0 - 127K","0 - 8,753","0 - 9K","0 - 5,021","0 - 5K","0 - 221","0 - 221"
"Central California","Tuolumne",24,2023-06-11,2023-06-17,46,0,53387,86.2,0,"0 - 126,593","0 - 127K","0 - 8,753","0 - 9K","0 - 5,021","0 - 5K","0 - 221","0 - 221"
"Central California","Tuolumne",25,2023-06-18,2023-06-24,82,1,53387,153.6,1.9,"0 - 126,593","0 - 127K","0 - 8,753","0 - 9K","0 - 5,021","0 - 5K","0 - 221","0 - 221"
"Central California","Tuolumne",26,2023-06-25,2023-07-01,145,2,53387,271.6,3.7,"0 - 126,593","0 - 127K","0 - 8,753","0 - 9K","0 - 5,021","0 - 5K","0 - 221","0 - 221"
"Central California","Tuolumne",27,2023-07-02,2023-07-08,223,2,53387,417.7,3.7,"0 - 126,593","0 - 127K","0 - 8,753","0 - 9K","0 - 5,021","0 - 5K","0 - 221","0 - 221"
"Central California","Tuolumne",28,2023-07-09,2023-07-15,334,4,53387,625.6,7.5,"0 - 126,593","0 - 127K","0 - 8,753","0 - 9K","0 - 5,021","0 - 5K","0 - 221","0 - 221"
"Central California","Tuolumne",29,2023-07-16,2023-07-22,419,9,53387,784.8,16.9,"0 - 126,593","0 - 127K","0 - 8,753","0 - 9K","0 - 5,021","0 - 5K","0 - 221","0 - 221"
"Central California","Tuolumne",30,2023-07-23,2023-07-29,498,15,53387,932.8,28.1,"0 - 126,593","0 - 127K","0 - 8,753","0 - 9K","0 - 5,021","0 - 5K","0 - 221","0 - 221"
"Central California","Tuolumne",31,2023-07-30,2023-08-05,660,15,53387,1236.3,28.1,"0 - 126,593","0 - 127K","0 - 8,753","0 - 9K","0 - 5,021","0 - 5K","0 - 221","0 - 221"
"Central California","Tuolumne",32,2023-08-06,2023-08-12,840,21,53387,1573.4,39.3,"0 - 126,593","0 - 127K","0 - 8,753","0 - 9K","0 - 5,021","0 - 5K","0 - 221","0 - 221"
"Central California","Tuolumne",33,2023-08-13,2023-08-19,1032,25,53387,1933.1,46.8,"0 - 126,593","0 - 127K","0 - 8,753","0 - 9K","0 - 5,021","0 - 5K","0 - 221","0 - 221"
"Central California","Tuolumne",34,2023-08-20,2023-08-26,1336,30,53387,2502.5,56.2,"0 - 126,593","0 - 127K","0 - 8,753","0 - 9K","0 - 5,021","0 - 5K","0 - 221","0 - 221"
"Central California","Tuolumne",35,2023-08-27,2023-09-02,1812,37,53387,3394.1,69.3,"0 - 126,593","0 - 127K","0 - 8,753","0 - 9K","0 - 5,021","0 - 5K","0 - 221","0 - 221"
"Central California","Tuolumne",36,2023-09-03,2023-09-09,2222,48,53387,4162.1,89.9,"0 - 126,593","0 - 127K","0 - 8,753","0 - 9K","0 - 5,021","0 - 5K","0 - 221","0 - 221"
"Central California","Tuolumne",37,2023-09-10,2023-09-16,2649,67,53387,4961.9,125.5,"0 - 126,593","0 - 127K","0 - 8,753","0 - 9K","0 - 5,021","0 - 5K","0 - 221","0 - 221"
"Central California","Tuolumne",38,2023-09-17,2023-09-23,3115,78,53387,5834.8,146.1,"0 - 126,593","0 - 127K","0 - 8,753","0 - 9K","0 - 5,021","0 - 5K","0 - 221","0 - 221"
"Central California","Tuolumne",39,2023-09-24,2023-09-30,3524,100,53387,6600.9,187.3,"0 - 126,593","0 - 127K","0 - 8,753","0 - 9K","0 - 5,021","0 - 5K","0 - 221","0 - 221"
"Central California","Tuolumne",40,2023-10-01,2023-10-07,3878,121,53387,7263.9,226.6,"0 - 126,593","0 - 127K","0 - 8,753","0 - 9K","0 - 5,021","0 - 5K","221 - 442","221 - 442"
"Central California","Tuolumne",41,2023-10-08,2023-10-14,4260,134,53387,7979.5,251,"0 - 126,593","0 - 127K","0 - 8,753","0 - 9K","0 - 5,021","0 - 5K","221 - 442","221 - 442"
"Central California","Tuolumne",42,2023-10-15,2023-10-21,4683,143,53387,8771.8,267.9,"0 - 126,593","0 - 127K","8,753 - 17,506","9K - 18K","0 - 5,021","0 - 5K","221 - 442","221 - 442"
"Central California","Tuolumne",43,2023-10-22,2023-10-28,4982,160,53387,9331.9,299.7,"0 - 126,593","0 - 127K","8,753 - 17,506","9K - 18K","0 - 5,021","0 - 5K","221 - 442","221 - 442"
"Central California","Tuolumne",44,2023-10-29,2023-11-04,5198,166,53387,9736.5,310.9,"0 - 126,593","0 - 127K","8,753 - 17,506","9K - 18K","0 - 5,021","0 - 5K","221 - 442","221 - 442"
"Central California","Tuolumne",45,2023-11-05,2023-11-11,5365,178,53387,10049.3,333.4,"0 - 126,593","0 - 127K","8,753 - 17,506","9K - 18K","0 - 5,021","0 - 5K","221 - 442","221 - 442"
"Central California","Tuolumne",46,2023-11-12,2023-11-18,5425,185,53387,10161.6,346.5,"0 - 126,593","0 - 127K","8,753 - 17,506","9K - 18K","0 - 5,021","0 - 5K","221 - 442","221 - 442"
"Central California","Tuolumne",47,2023-11-19,2023-11-25,5434,195,53387,10178.5,365.3,"0 - 126,593","0 - 127K","8,753 - 17,506","9K - 18K","0 - 5,021","0 - 5K","221 - 442","221 - 442"
"Central California","Tuolumne",48,2023-11-26,2023-12-02,5444,203,53387,10197.2,380.2,"0 - 126,593","0 - 127K","8,753 - 17,506","9K - 18K","0 - 5,021","0 - 5K","221 - 442","221 - 442"
"Central California","Tuolumne",49,2023-12-03,2023-12-09,5444,206,53387,10197.2,385.9,"0 - 126,593","0 - 127K","8,753 - 17,506","9K - 18K","0 - 5,021","0 - 5K","221 - 442","221 - 442"
"Central California","Tuolumne",50,2023-12-10,2023-12-16,5447,206,53387,10202.9,385.9,"0 - 126,593","0 - 127K","8,753 - 17,506","9K - 18K","0 - 5,021","0 - 5K","221 - 442","221 - 442"
"Central California","Tuolumne",51,2023-12-17,2023-12-23,5447,206,53387,10202.9,385.9,"0 - 126,593","0 - 127K","8,753 - 17,506","9K - 18K","0 - 5,021","0 - 5K","221 - 442","221 - 442"
"Central California","Tuolumne",52,2023-12-24,2023-12-30,5447,207,53387,10202.9,387.7,"0 - 126,593","0 - 127K","8,753 - 17,506","9K - 18K","0 - 5,021","0 - 5K","221 - 442","221 - 442"
"Greater Sierra Sacramento","Alpine",22,2023-05-28,2023-06-03,0,0,1165,0,0,"0 - 126,593","0 - 127K","0 - 8,753","0 - 9K","0 - 5,021","0 - 5K","0 - 221","0 - 221"
"Greater Sierra Sacramento","Alpine",23,2023-06-04,2023-06-10,0,0,1165,0,0,"0 - 126,593","0 - 127K","0 - 8,753","0 - 9K","0 - 5,021","0 - 5K","0 - 221","0 - 221"
"Greater Sierra Sacramento","Alpine",24,2023-06-11,2023-06-17,0,0,1165,0,0,"0 - 126,593","0 - 127K","0 - 8,753","0 - 9K","0 - 5,021","0 - 5K","0 - 221","0 - 221"
"Greater Sierra Sacramento","Alpine",25,2023-06-18,2023-06-24,0,0,1165,0,0,"0 - 126,593","0 - 127K","0 - 8,753","0 - 9K","0 - 5,021","0 - 5K","0 - 221","0 - 221"
"Greater Sierra Sacramento","Alpine",26,2023-06-25,2023-07-01,2,0,1165,171.7,0,"0 - 126,593","0 - 127K","0 - 8,753","0 - 9K","0 - 5,021","0 - 5K","0 - 221","0 - 221"
"Greater Sierra Sacramento","Alpine",27,2023-07-02,2023-07-08,4,0,1165,343.3,0,"0 - 126,593","0 - 127K","0 - 8,753","0 - 9K","0 - 5,021","0 - 5K","0 - 221","0 - 221"
"Greater Sierra Sacramento","Alpine",28,2023-07-09,2023-07-15,8,0,1165,686.7,0,"0 - 126,593","0 - 127K","0 - 8,753","0 - 9K","0 - 5,021","0 - 5K","0 - 221","0 - 221"
"Greater Sierra Sacramento","Alpine",29,2023-07-16,2023-07-22,11,0,1165,944.2,0,"0 - 126,593","0 - 127K","0 - 8,753","0 - 9K","0 - 5,021","0 - 5K","0 - 221","0 - 221"
"Greater Sierra Sacramento","Alpine",30,2023-07-23,2023-07-29,11,0,1165,944.2,0,"0 - 126,593","0 - 127K","0 - 8,753","0 - 9K","0 - 5,021","0 - 5K","0 - 221","0 - 221"
"Greater Sierra Sacramento","Alpine",31,2023-07-30,2023-08-05,18,0,1165,1545.1,0,"0 - 126,593","0 - 127K","0 - 8,753","0 - 9K","0 - 5,021","0 - 5K","0 - 221","0 - 221"
"Greater Sierra Sacramento","Alpine",32,2023-08-06,2023-08-12,21,0,1165,1802.6,0,"0 - 126,593","0 - 127K","0 - 8,753","0 - 9K","0 - 5,021","0 - 5K","0 - 221","0 - 221"
"Greater Sierra Sacramento","Alpine",33,2023-08-13,2023-08-19,29,0,1165,2489.3,0,"0 - 126,593","0 - 127K","0 - 8,753","0 - 9K","0 - 5,021","0 - 5K","0 - 221","0 - 221"
"Greater Sierra Sacramento","Alpine",34,2023-08-20,2023-08-26,38,0,1165,3261.8,0,"0 - 126,593","0 - 127K","0 - 8,753","0 - 9K","0 - 5,021","0 - 5K","0 - 221","0 - 221"
"Greater Sierra Sacramento","Alpine",35,2023-08-27,2023-09-02,49,0,1165,4206,0,"0 - 126,593","0 - 127K","0 - 8,753","0 - 9K","0 - 5,021","0 - 5K","0 - 221","0 - 221"
"Greater Sierra Sacramento","Alpine",36,2023-09-03,2023-09-09,56,0,1165,4806.9,0,"0 - 126,593","0 - 127K","0 - 8,753","0 - 9K","0 - 5,021","0 - 5K","0 - 221","0 - 221"
"Greater Sierra Sacramento","Alpine",37,2023-09-10,2023-09-16,67,1,1165,5751.1,85.8,"0 - 126,593","0 - 127K","0 - 8,753","0 - 9K","0 - 5,021","0 - 5K","0 - 221","0 - 221"
"Greater Sierra Sacramento","Alpine",38,2023-09-17,2023-09-23,75,1,1165,6437.8,85.8,"0 - 126,593","0 - 127K","0 - 8,753","0 - 9K","0 - 5,021","0 - 5K","0 - 221","0 - 221"
"Greater Sierra Sacramento","Alpine",39,2023-09-24,2023-09-30,86,1,1165,7382,85.8,"0 - 126,593","0 - 127K","0 - 8,753","0 - 9K","0 - 5,021","0 - 5K","0 - 221","0 - 221"
"Greater Sierra Sacramento","Alpine",40,2023-10-01,2023-10-07,99,1,1165,8497.9,85.8,"0 - 126,593","0 - 127K","0 - 8,753","0 - 9K","0 - 5,021","0 - 5K","0 - 221","0 - 221"
"Greater Sierra Sacramento","Alpine",41,2023-10-08,2023-10-14,108,1,1165,9270.4,85.8,"0 - 126,593","0 - 127K","8,753 - 17,506","9K - 18K","0 - 5,021","0 - 5K","0 - 221","0 - 221"
"Greater Sierra Sacramento","Alpine",42,2023-10-15,2023-10-21,113,1,1165,9699.6,85.8,"0 - 126,593","0 - 127K","8,753 - 17,506","9K - 18K","0 - 5,021","0 - 5K","0 - 221","0 - 221"
"Greater Sierra Sacramento","Alpine",43,2023-10-22,2023-10-28,119,2,1165,10214.6,171.7,"0 - 126,593","0 - 127K","8,753 - 17,506","9K - 18K","0 - 5,021","0 - 5K","0 - 221","0 - 221"
"Greater Sierra Sacramento","Alpine",44,2023-10-29,2023-11-04,124,2,1165,10643.8,171.7,"0 - 126,593","0 - 127K","8,753 - 17,506","9K - 18K","0 - 5,021","0 - 5K","0 - 221","0 - 221"
"Greater Sierra Sacramento","Alpine",45,2023-11-05,2023-11-11,127,3,1165,10901.3,257.5,"0 - 126,593","0 - 127K","8,753 - 17,506","9K - 18K","0 - 5,021","0 - 5K","221 - 442","221 - 442"
"Greater Sierra Sacramento","Alpine",46,2023-11-12,2023-11-18,128,4,1165,10987.1,343.3,"0 - 126,593","0 - 127K","8,753 - 17,506","9K - 18K","0 - 5,021","0 - 5K","221 - 442","221 - 442"
"Greater Sierra Sacramento","Alpine",47,2023-11-19,2023-11-25,128,4,1165,10987.1,343.3,"0 - 126,593","0 - 127K","8,753 - 17,506","9K - 18K","0 - 5,021","0 - 5K","221 - 442","221 - 442"
"Greater Sierra Sacramento","Alpine",48,2023-11-26,2023-12-02,128,4,1165,10987.1,343.3,"0 - 126,593","0 - 127K","8,753 - 17,506","9K - 18K","0 - 5,021","0 - 5K","221 - 442","221 - 442"
"Greater Sierra Sacramento","Alpine",49,2023-12-03,2023-12-09,128,4,1165,10987.1,343.3,"0 - 126,593","0 - 127K","8,753 - 17,506","9K - 18K","0 - 5,021","0 - 5K","221 - 442","221 - 442"
"Greater Sierra Sacramento","Alpine",50,2023-12-10,2023-12-16,128,4,1165,10987.1,343.3,"0 - 126,593","0 - 127K","8,753 - 17,506","9K - 18K","0 - 5,021","0 - 5K","221 - 442","221 - 442"
"Greater Sierra Sacramento","Alpine",51,2023-12-17,2023-12-23,128,4,1165,10987.1,343.3,"0 - 126,593","0 - 127K","8,753 - 17,506","9K - 18K","0 - 5,021","0 - 5K","221 - 442","221 - 442"
"Greater Sierra Sacramento","Alpine",52,2023-12-24,2023-12-30,128,4,1165,10987.1,343.3,"0 - 126,593","0 - 127K","8,753 - 17,506","9K - 18K","0 - 5,021","0 - 5K","221 - 442","221 - 442"
"Greater Sierra Sacramento","Amador",22,2023-05-28,2023-06-03,6,0,40122,15,0,"0 - 126,593","0 - 127K","0 - 8,753","0 - 9K","0 - 5,021","0 - 5K","0 - 221","0 - 221"
"Greater Sierra Sacramento","Amador",23,2023-06-04,2023-06-10,13,0,40122,32.4,0,"0 - 126,593","0 - 127K","0 - 8,753","0 - 9K","0 - 5,021","0 - 5K","0 - 221","0 - 221"
"Greater Sierra Sacramento","Amador",24,2023-06-11,2023-06-17,20,2,40122,49.8,5,"0 - 126,593","0 - 127K","0 - 8,753","0 - 9K","0 - 5,021","0 - 5K","0 - 221","0 - 221"
"Greater Sierra Sacramento","Amador",25,2023-06-18,2023-06-24,45,2,40122,112.2,5,"0 - 126,593","0 - 127K","0 - 8,753","0 - 9K","0 - 5,021","0 - 5K","0 - 221","0 - 221"
"Greater Sierra Sacramento","Amador",26,2023-06-25,2023-07-01,87,2,40122,216.8,5,"0 - 126,593","0 - 127K","0 - 8,753","0 - 9K","0 - 5,021","0 - 5K","0 - 221","0 - 221"
"Greater Sierra Sacramento","Amador",27,2023-07-02,2023-07-08,133,4,40122,331.5,10,"0 - 126,593","0 - 127K","0 - 8,753","0 - 9K","0 - 5,021","0 - 5K","0 - 221","0 - 221"
"Greater Sierra Sacramento","Amador",28,2023-07-09,2023-07-15,205,6,40122,510.9,15,"0 - 126,593","0 - 127K","0 - 8,753","0 - 9K","0 - 5,021","0 - 5K","0 - 221","0 - 221"
"Greater Sierra Sacramento","Amador",29,2023-07-16,2023-07-22,260,8,40122,648,19.9,"0 - 126,593","0 - 127K","0 - 8,753","0 - 9K","0 - 5,021","0 - 5K","0 - 221","0 - 221"
"Greater Sierra Sacramento","Amador",30,2023-07-23,2023-07-29,314,11,40122,782.6,27.4,"0 - 126,593","0 - 127K","0 - 8,753","0 - 9K","0 - 5,021","0 - 5K","0 - 221","0 - 221"
"Greater Sierra Sacramento","Amador",31,2023-07-30,2023-08-05,415,14,40122,1034.3,34.9,"0 - 126,593","0 - 127K","0 - 8,753","0 - 9K","0 - 5,021","0 - 5K","0 - 221","0 - 221"
"Greater Sierra Sacramento","Amador",32,2023-08-06,2023-08-12,514,15,40122,1281.1,37.4,"0 - 126,593","0 - 127K","0 - 8,753","0 - 9K","0 - 5,021","0 - 5K","0 - 221","0 - 221"
"Greater Sierra Sacramento","Amador",33,2023-08-13,2023-08-19,652,21,40122,1625,52.3,"0 - 126,593","0 - 127K","0 - 8,753","0 - 9K","0 - 5,021","0 - 5K","0 - 221","0 - 221"
"Greater Sierra Sacramento","Amador",34,2023-08-20,2023-08-26,851,25,40122,2121,62.3,"0 - 126,593","0 - 127K","0 - 8,753","0 - 9K","0 - 5,021","0 - 5K","0 - 221","0 - 221"
"Greater Sierra Sacramento","Amador",35,2023-08-27,2023-09-02,1131,30,40122,2818.9,74.8,"0 - 126,593","0 - 127K","0 - 8,753","0 - 9K","0 - 5,021","0 - 5K","0 - 221","0 - 221"
"Greater Sierra Sacramento","Amador",36,2023-09-03,2023-09-09,1456,36,40122,3628.9,89.7,"0 - 126,593","0 - 127K","0 - 8,753","0 - 9K","0 - 5,021","0 - 5K","0 - 221","0 - 221"
"Greater Sierra Sacramento","Amador",37,2023-09-10,2023-09-16,1733,43,40122,4319.3,107.2,"0 - 126,593","0 - 127K","0 - 8,753","0 - 9K","0 - 5,021","0 - 5K","0 - 221","0 - 221"
"Greater Sierra Sacramento","Amador",38,2023-09-17,2023-09-23,2022,56,40122,5039.6,139.6,"0 - 126,593","0 - 127K","0 - 8,753","0 - 9K","0 - 5,021","0 - 5K","0 - 221","0 - 221"
"Greater Sierra Sacramento","Amador",39,2023-09-24,2023-09-30,2281,67,40122,5685.2,167,"0 - 126,593","0 - 127K","0 - 8,753","0 - 9K","0 - 5,021","0 - 5K","0 - 221","0 - 221"
"Greater Sierra Sacramento","Amador",40,2023-10-01,2023-10-07,2541,80,40122,6333.2,199.4,"0 - 126,593","0 - 127K","0 - 8,753","0 - 9K","0 - 5,021","0 - 5K","0 - 221","0 - 221"
"Greater Sierra Sacramento","Amador",41,2023-10-08,2023-10-14,2805,86,40122,6991.2,214.3,"0 - 126,593","0 - 127K","0 - 8,753","0 - 9K","0 - 5,021","0 - 5K","0 - 221","0 - 221"
"Greater Sierra Sacramento","Amador",42,2023-10-15,2023-10-21,3043,94,40122,7584.4,234.3,"0 - 126,593","0 - 127K","0 - 8,753","0 - 9K","0 - 5,021","0 - 5K","221 - 442","221 - 442"
"Greater Sierra Sacramento","Amador",43,2023-10-22,2023-10-28,3259,107,40122,8122.7,266.7,"0 - 126,593","0 - 127K","0 - 8,753","0 - 9K","0 - 5,021","0 - 5K","221 - 442","221 - 442"
"Greater Sierra Sacramento","Amador",44,2023-10-29,2023-11-04,3398,113,40122,8469.2,281.6,"0 - 126,593","0 - 127K","0 - 8,753","0 - 9K","0 - 5,021","0 - 5K","221 - 442","221 - 442"
"Greater Sierra Sacramento","Amador",45,2023-11-05,2023-11-11,3486,125,40122,8688.5,311.5,"0 - 126,593","0 - 127K","0 - 8,753","0 - 9K","0 - 5,021","0 - 5K","221 - 442","221 - 442"
"Greater Sierra Sacramento","Amador",46,2023-11-12,2023-11-18,3519,129,40122,8770.7,321.5,"0 - 126,593","0 - 127K","8,753 - 17,506","9K - 18K","0 - 5,021","0 - 5K","221 - 442","221 - 442"
"Greater Sierra Sacramento","Amador",47,2023-11-19,2023-11-25,3522,137,40122,8778.2,341.5,"0 - 126,593","0 - 127K","8,753 - 17,506","9K - 18K","0 - 5,021","0 - 5K","221 - 442","221 - 442"
"Greater Sierra Sacramento","Amador",48,2023-11-26,2023-12-02,3529,140,40122,8795.7,348.9,"0 - 126,593","0 - 127K","8,753 - 17,506","9K - 18K","0 - 5,021","0 - 5K","221 - 442","221 - 442"
"Greater Sierra Sacramento","Amador",49,2023-12-03,2023-12-09,3529,140,40122,8795.7,348.9,"0 - 126,593","0 - 127K","8,753 - 17,506","9K - 18K","0 - 5,021","0 - 5K","221 - 442","221 - 442"
"Greater Sierra Sacramento","Amador",50,2023-12-10,2023-12-16,3531,140,40122,8800.7,348.9,"0 - 126,593","0 - 127K","8,753 - 17,506","9K - 18K","0 - 5,021","0 - 5K","221 - 442","221 - 442"
"Greater Sierra Sacramento","Amador",51,2023-12-17,2023-12-23,3531,140,40122,8800.7,348.9,"0 - 126,593","0 - 127K","8,753 - 17,506","9K - 18K","0 - 5,021","0 - 5K","221 - 442","221 - 442"
"Greater Sierra Sacramento","Amador",52,2023-12-24,2023-12-30,3531,140,40122,8800.7,348.9,"0 - 126,593","0 - 127K","8,753 - 17,506","9K - 18K","0 - 5,021","0 - 5K","221 - 442","221 - 442"
"Greater Sierra Sacramento","Butte",22,2023-05-28,2023-06-03,67,0,205860,32.5,0,"0 - 126,593","0 - 127K","0 - 8,753","0 - 9K","0 - 5,021","0 - 5K","0 - 221","0 - 221"
"Greater Sierra Sacramento","Butte",23,2023-06-04,2023-06-10,130,0,205860,63.1,0,"0 - 126,593","0 - 127K","0 - 8,753","0 - 9K","0 - 5,021","0 - 5K","0 - 221","0 - 221"
"Greater Sierra Sacramento","Butte",24,2023-06-11,2023-06-17,175,1,205860,85,0.5,"0 - 126,593","0 - 127K","0 - 8,753","0 - 9K","0 - 5,021","0 - 5K","0 - 221","0 - 221"
"Greater Sierra Sacramento","Butte",25,2023-06-18,2023-06-24,326,6,205860,158.4,2.9,"0 - 126,593","0 - 127K","0 - 8,753","0 - 9K","0 - 5,021","0 - 5K","0 - 221","0 - 221"
"Greater Sierra Sacramento","Butte",26,2023-06-25,2023-07-01,597,8,205860,290,3.9,"0 - 126,593","0 - 127K","0 - 8,753","0 - 9K","0 - 5,021","0 - 5K","0 - 221","0 - 221"
"Greater Sierra Sacramento","Butte",27,2023-07-02,2023-07-08,920,14,205860,446.9,6.8,"0 - 126,593","0 - 127K","0 - 8,753","0 - 9K","0 - 5,021","0 - 5K","0 - 221","0 - 221"
"Greater Sierra Sacramento","Butte",28,2023-07-09,2023-07-15,1315,19,205860,638.8,9.2,"0 - 126,593","0 - 127K","0 - 8,753","0 - 9K","0 - 5,021","0 - 5K","0 - 221","0 - 221"
"Greater Sierra Sacramento","Butte",29,2023-07-16,2023-07-22,1620,31,205860,786.9,15.1,"0 - 126,593","0 - 127K","0 - 8,753","0 - 9K","0 - 5,021","0 - 5K","0 - 221","0 - 221"
"Greater Sierra Sacramento","Butte",30,2023-07-23,2023-07-29,1956,44,205860,950.2,21.4,"0 - 126,593","0 - 127K","0 - 8,753","0 - 9K","0 - 5,021","0 - 5K","0 - 221","0 - 221"
"Greater Sierra Sacramento","Butte",31,2023-07-30,2023-08-05,2562,50,205860,1244.5,24.3,"0 - 126,593","0 - 127K","0 - 8,753","0 - 9K","0 - 5,021","0 - 5K","0 - 221","0 - 221"
"Greater Sierra Sacramento","Butte",32,2023-08-06,2023-08-12,3129,66,205860,1520,32.1,"0 - 126,593","0 - 127K","0 - 8,753","0 - 9K","0 - 5,021","0 - 5K","0 - 221","0 - 221"
"Greater Sierra Sacramento","Butte",33,2023-08-13,2023-08-19,3881,92,205860,1885.3,44.7,"0 - 126,593","0 - 127K","0 - 8,753","0 - 9K","0 - 5,021","0 - 5K","0 - 221","0 - 221"
"Greater Sierra Sacramento","Butte",34,2023-08-20,2023-08-26,5015,113,205860,2436.1,54.9,"0 - 126,593","0 - 127K","0 - 8,753","0 - 9K","0 - 5,021","0 - 5K","0 - 221","0 - 221"
"Greater Sierra Sacramento","Butte",35,2023-08-27,2023-09-02,6732,134,205860,3270.2,65.1,"0 - 126,593","0 - 127K","0 - 8,753","0 - 9K","0 - 5,021","0 - 5K","0 - 221","0 - 221"
"Greater Sierra Sacramento","Butte",36,2023-09-03,2023-09-09,8488,172,205860,4123.2,83.6,"0 - 126,593","0 - 127K","0 - 8,753","0 - 9K","0 - 5,021","0 - 5K","0 - 221","0 - 221"
"Greater Sierra Sacramento","Butte",37,2023-09-10,2023-09-16,10062,225,205860,4887.8,109.3,"0 - 126,593","0 - 127K","0 - 8,753","0 - 9K","0 - 5,021","0 - 5K","0 - 221","0 - 221"
"Greater Sierra Sacramento","Butte",38,2023-09-17,2023-09-23,11900,277,205860,5780.6,134.6,"0 - 126,593","0 - 127K","0 - 8,753","0 - 9K","0 - 5,021","0 - 5K","0 - 221","0 - 221"
"Greater Sierra Sacramento","Butte",39,2023-09-24,2023-09-30,13453,335,205860,6535,162.7,"0 - 126,593","0 - 127K","0 - 8,753","0 - 9K","0 - 5,021","0 - 5K","0 - 221","0 - 221"
"Greater Sierra Sacramento","Butte",40,2023-10-01,2023-10-07,14941,394,205860,7257.8,191.4,"0 - 126,593","0 - 127K","0 - 8,753","0 - 9K","0 - 5,021","0 - 5K","0 - 221","0 - 221"
"Greater Sierra Sacramento","Butte",41,2023-10-08,2023-10-14,16409,436,205860,7971,211.8,"0 - 126,593","0 - 127K","0 - 8,753","0 - 9K","0 - 5,021","0 - 5K","0 - 221","0 - 221"
"Greater Sierra Sacramento","Butte",42,2023-10-15,2023-10-21,17942,484,205860,8715.6,235.1,"0 - 126,593","0 - 127K","0 - 8,753","0 - 9K","0 - 5,021","0 - 5K","221 - 442","221 - 442"
"Greater Sierra Sacramento","Butte",43,2023-10-22,2023-10-28,19170,528,205860,9312.2,256.5,"0 - 126,593","0 - 127K","8,753 - 17,506","9K - 18K","0 - 5,021","0 - 5K","221 - 442","221 - 442"
"Greater Sierra Sacramento","Butte",44,2023-10-29,2023-11-04,19971,584,205860,9701.3,283.7,"0 - 126,593","0 - 127K","8,753 - 17,506","9K - 18K","0 - 5,021","0 - 5K","221 - 442","221 - 442"
"Greater Sierra Sacramento","Butte",45,2023-11-05,2023-11-11,20550,619,205860,9982.5,300.7,"0 - 126,593","0 - 127K","8,753 - 17,506","9K - 18K","0 - 5,021","0 - 5K","221 - 442","221 - 442"
"Greater Sierra Sacramento","Butte",46,2023-11-12,2023-11-18,20748,648,205860,10078.7,314.8,"0 - 126,593","0 - 127K","8,753 - 17,506","9K - 18K","0 - 5,021","0 - 5K","221 - 442","221 - 442"
"Greater Sierra Sacramento","Butte",47,2023-11-19,2023-11-25,20774,670,205860,10091.3,325.5,"0 - 126,593","0 - 127K","8,753 - 17,506","9K - 18K","0 - 5,021","0 - 5K","221 - 442","221 - 442"
"Greater Sierra Sacramento","Butte",48,2023-11-26,2023-12-02,20801,679,205860,10104.4,329.8,"0 - 126,593","0 - 127K","8,753 - 17,506","9K - 18K","0 - 5,021","0 - 5K","221 - 442","221 - 442"
"Greater Sierra Sacramento","Butte",49,2023-12-03,2023-12-09,20801,682,205860,10104.4,331.3,"0 - 126,593","0 - 127K","8,753 - 17,506","9K - 18K","0 - 5,021","0 - 5K","221 - 442","221 - 442"
"Greater Sierra Sacramento","Butte",50,2023-12-10,2023-12-16,20841,682,205860,10123.9,331.3,"0 - 126,593","0 - 127K","8,753 - 17,506","9K - 18K","0 - 5,021","0 - 5K","221 - 442","221 - 442"
"Greater Sierra Sacramento","Butte",51,2023-12-17,2023-12-23,20841,682,205860,10123.9,331.3,"0 - 126,593","0 - 127K","8,753 - 17,506","9K - 18K","0 - 5,021","0 - 5K","221 - 442","221 - 442"
"Greater Sierra Sacramento","Butte",52,2023-12-24,2023-12-30,20841,684,205860,10123.9,332.3,"0 - 126,593","0 - 127K","8,753 - 17,506","9K - 18K","0 - 5,021","0 - 5K","221 - 442","221 - 442"
"Greater Sierra Sacramento","Colusa",22,2023-05-28,2023-06-03,12,0,21905,54.8,0,"0 - 126,593","0 - 127K","0 - 8,753","0 - 9K","0 - 5,021","0 - 5K","0 - 221","0 - 221"
"Greater Sierra Sacramento","Colusa",23,2023-06-04,2023-06-10,29,0,21905,132.4,0,"0 - 126,593","0 - 127K","0 - 8,753","0 - 9K","0 - 5,021","0 - 5K","0 - 221","0 - 221"
"Greater Sierra Sacramento","Colusa",24,2023-06-11,2023-06-17,45,0,21905,205.4,0,"0 - 126,593","0 - 127K","0 - 8,753","0 - 9K","0 - 5,021","0 - 5K","0 - 221","0 - 221"
"Greater Sierra Sacramento","Colusa",25,2023-06-18,2023-06-24,82,0,21905,374.3,0,"0 - 126,593","0 - 127K","0 - 8,753","0 - 9K","0 - 5,021","0 - 5K","0 - 221","0 - 221"
"Greater Sierra Sacramento","Colusa",26,2023-06-25,2023-07-01,140,0,21905,639.1,0,"0 - 126,593","0 - 127K","0 - 8,753","0 - 9K","0 - 5,021","0 - 5K","0 - 221","0 - 221"
"Greater Sierra Sacramento","Colusa",27,2023-07-02,2023-07-08,213,3,21905,972.4,13.7,"0 - 126,593","0 - 127K","0 - 8,753","0 - 9K","0 - 5,021","0 - 5K","0 - 221","0 - 221"
"Greater Sierra Sacramento","Colusa",28,2023-07-09,2023-07-15,327,3,21905,1492.8,13.7,"0 - 126,593","0 - 127K","0 - 8,753","0 - 9K","0 - 5,021","0 - 5K","0 - 221","0 - 221"
"Greater Sierra Sacramento","Colusa",29,2023-07-16,2023-07-22,411,4,21905,1876.3,18.3,"0 - 126,593","0 - 127K","0 - 8,753","0 - 9K","0 - 5,021","0 - 5K","0 - 221","0 - 221"
"Greater Sierra Sacramento","Colusa",30,2023-07-23,2023-07-29,477,9,21905,2177.6,41.1,"0 - 126,593","0 - 127K","0 - 8,753","0 - 9K","0 - 5,021","0 - 5K","0 - 221","0 - 221"
"Greater Sierra Sacramento","Colusa",31,2023-07-30,2023-08-05,611,11,21905,2789.3,50.2,"0 - 126,593","0 - 127K","0 - 8,753","0 - 9K","0 - 5,021","0 - 5K","0 - 221","0 - 221"
"Greater Sierra Sacramento","Colusa",32,2023-08-06,2023-08-12,728,12,21905,3323.4,54.8,"0 - 126,593","0 - 127K","0 - 8,753","0 - 9K","0 - 5,021","0 - 5K","0 - 221","0 - 221"
"Greater Sierra Sacramento","Colusa",33,2023-08-13,2023-08-19,891,18,21905,4067.6,82.2,"0 - 126,593","0 - 127K","0 - 8,753","0 - 9K","0 - 5,021","0 - 5K","0 - 221","0 - 221"
"Greater Sierra Sacramento","Colusa",34,2023-08-20,2023-08-26,1165,19,21905,5318.4,86.7,"0 - 126,593","0 - 127K","0 - 8,753","0 - 9K","0 - 5,021","0 - 5K","0 - 221","0 - 221"
"Greater Sierra Sacramento","Colusa",35,2023-08-27,2023-09-02,1541,24,21905,7034.9,109.6,"0 - 126,593","0 - 127K","0 - 8,753","0 - 9K","0 - 5,021","0 - 5K","0 - 221","0 - 221"
"Greater Sierra Sacramento","Colusa",36,2023-09-03,2023-09-09,1934,32,21905,8829,146.1,"0 - 126,593","0 - 127K","8,753 - 17,506","9K - 18K","0 - 5,021","0 - 5K","0 - 221","0 - 221"
"Greater Sierra Sacramento","Colusa",37,2023-09-10,2023-09-16,2316,42,21905,10572.9,191.7,"0 - 126,593","0 - 127K","8,753 - 17,506","9K - 18K","0 - 5,021","0 - 5K","0 - 221","0 - 221"
"Greater Sierra Sacramento","Colusa",38,2023-09-17,2023-09-23,2732,56,21905,12472,255.6,"0 - 126,593","0 - 127K","8,753 - 17,506","9K - 18K","0 - 5,021","0 - 5K","221 - 442","221 - 442"
"Greater Sierra Sacramento","Colusa",39,2023-09-24,2023-09-30,3070,66,21905,14015.1,301.3,"0 - 126,593","0 - 127K","8,753 - 17,506","9K - 18K","0 - 5,021","0 - 5K","221 - 442","221 - 442"
"Greater Sierra Sacramento","Colusa",40,2023-10-01,2023-10-07,3398,76,21905,15512.4,347,"0 - 126,593","0 - 127K","8,753 - 17,506","9K - 18K","0 - 5,021","0 - 5K","221 - 442","221 - 442"
"Greater Sierra Sacramento","Colusa",41,2023-10-08,2023-10-14,3707,90,21905,16923.1,410.9,"0 - 126,593","0 - 127K","8,753 - 17,506","9K - 18K","0 - 5,021","0 - 5K","221 - 442","221 - 442"
"Greater Sierra Sacramento","Colusa",42,2023-10-15,2023-10-21,4034,98,21905,18415.9,447.4,"0 - 126,593","0 - 127K","17,506 - 26,260","18K - 26K","0 - 5,021","0 - 5K","442 - 663","442 - 663"
"Greater Sierra Sacramento","Colusa",43,2023-10-22,2023-10-28,4270,104,21905,19493.3,474.8,"0 - 126,593","0 - 127K","17,506 - 26,260","18K - 26K","0 - 5,021","0 - 5K","442 - 663","442 - 663"
"Greater Sierra Sacramento","Colusa",44,2023-10-29,2023-11-04,4449,115,21905,20310.4,525,"0 - 126,593","0 - 127K","17,506 - 26,260","18K - 26K","0 - 5,021","0 - 5K","442 - 663","442 - 663"
"Greater Sierra Sacramento","Colusa",45,2023-11-05,2023-11-11,4557,119,21905,20803.5,543.3,"0 - 126,593","0 - 127K","17,506 - 26,260","18K - 26K","0 - 5,021","0 - 5K","442 - 663","442 - 663"
"Greater Sierra Sacramento","Colusa",46,2023-11-12,2023-11-18,4602,124,21905,21008.9,566.1,"0 - 126,593","0 - 127K","17,506 - 26,260","18K - 26K","0 - 5,021","0 - 5K","442 - 663","442 - 663"
"Greater Sierra Sacramento","Colusa",47,2023-11-19,2023-11-25,4608,132,21905,21036.3,602.6,"0 - 126,593","0 - 127K","17,506 - 26,260","18K - 26K","0 - 5,021","0 - 5K","442 - 663","442 - 663"
"Greater Sierra Sacramento","Colusa",48,2023-11-26,2023-12-02,4619,134,21905,21086.5,611.7,"0 - 126,593","0 - 127K","17,506 - 26,260","18K - 26K","0 - 5,021","0 - 5K","442 - 663","442 - 663"
"Greater Sierra Sacramento","Colusa",49,2023-12-03,2023-12-09,4619,134,21905,21086.5,611.7,"0 - 126,593","0 - 127K","17,506 - 26,260","18K - 26K","0 - 5,021","0 - 5K","442 - 663","442 - 663"
"Greater Sierra Sacramento","Colusa",50,2023-12-10,2023-12-16,4627,135,21905,21123,616.3,"0 - 126,593","0 - 127K","17,506 - 26,260","18K - 26K","0 - 5,021","0 - 5K","442 - 663","442 - 663"
"Greater Sierra Sacramento","Colusa",51,2023-12-17,2023-12-23,4627,135,21905,21123,616.3,"0 - 126,593","0 - 127K","17,506 - 26,260","18K - 26K","0 - 5,021","0 - 5K","442 - 663","442 - 663"
"Greater Sierra Sacramento","Colusa",52,2023-12-24,2023-12-30,4627,135,21905,21123,616.3,"0 - 126,593","0 - 127K","17,506 - 26,260","18K - 26K","0 - 5,021","0 - 5K","442 - 663","442 - 663"
"Greater Sierra Sacramento","El Dorado",22,2023-05-28,2023-06-03,53,0,187285,28.3,0,"0 - 126,593","0 - 127K","0 - 8,753","0 - 9K","0 - 5,021","0 - 5K","0 - 221","0 - 221"
"Greater Sierra Sacramento","El Dorado",23,2023-06-04,2023-06-10,130,0,187285,69.4,0,"0 - 126,593","0 - 127K","0 - 8,753","0 - 9K","0 - 5,021","0 - 5K","0 - 221","0 - 221"
"Greater Sierra Sacramento","El Dorado",24,2023-06-11,2023-06-17,189,3,187285,100.9,1.6,"0 - 126,593","0 - 127K","0 - 8,753","0 - 9K","0 - 5,021","0 - 5K","0 - 221","0 - 221"
"Greater Sierra Sacramento","El Dorado",25,2023-06-18,2023-06-24,332,3,187285,177.3,1.6,"0 - 126,593","0 - 127K","0 - 8,753","0 - 9K","0 - 5,021","0 - 5K","0 - 221","0 - 221"
"Greater Sierra Sacramento","El Dorado",26,2023-06-25,2023-07-01,582,4,187285,310.8,2.1,"0 - 126,593","0 - 127K","0 - 8,753","0 - 9K","0 - 5,021","0 - 5K","0 - 221","0 - 221"
"Greater Sierra Sacramento","El Dorado",27,2023-07-02,2023-07-08,873,9,187285,466.1,4.8,"0 - 126,593","0 - 127K","0 - 8,753","0 - 9K","0 - 5,021","0 - 5K","0 - 221","0 - 221"
"Greater Sierra Sacramento","El Dorado",28,2023-07-09,2023-07-15,1270,17,187285,678.1,9.1,"0 - 126,593","0 - 127K","0 - 8,753","0 - 9K","0 - 5,021","0 - 5K","0 - 221","0 - 221"
"Greater Sierra Sacramento","El Dorado",29,2023-07-16,2023-07-22,1551,25,187285,828.1,13.3,"0 - 126,593","0 - 127K","0 - 8,753","0 - 9K","0 - 5,021","0 - 5K","0 - 221","0 - 221"
"Greater Sierra Sacramento","El Dorado",30,2023-07-23,2023-07-29,1869,39,187285,997.9,20.8,"0 - 126,593","0 - 127K","0 - 8,753","0 - 9K","0 - 5,021","0 - 5K","0 - 221","0 - 221"
"Greater Sierra Sacramento","El Dorado",31,2023-07-30,2023-08-05,2433,45,187285,1299.1,24,"0 - 126,593","0 - 127K","0 - 8,753","0 - 9K","0 - 5,021","0 - 5K","0 - 221","0 - 221"
"Greater Sierra Sacramento","El Dorado",32,2023-08-06,2023-08-12,2965,51,187285,1583.1,27.2,"0 - 126,593","0 - 127K","0 - 8,753","0 - 9K","0 - 5,021","0 - 5K","0 - 221","0 - 221"
"Greater Sierra Sacramento","El Dorado",33,2023-08-13,2023-08-19,3664,65,187285,1956.4,34.7,"0 - 126,593","0 - 127K","0 - 8,753","0 - 9K","0 - 5,021","0 - 5K","0 - 221","0 - 221"
"Greater Sierra Sacramento","El Dorado",34,2023-08-20,2023-08-26,4659,83,187285,2487.7,44.3,"0 - 126,593","0 - 127K","0 - 8,753","0 - 9K","0 - 5,021","0 - 5K","0 - 221","0 - 221"
"Greater Sierra Sacramento","El Dorado",35,2023-08-27,2023-09-02,6163,101,187285,3290.7,53.9,"0 - 126,593","0 - 127K","0 - 8,753","0 - 9K","0 - 5,021","0 - 5K","0 - 221","0 - 221"
"Greater Sierra Sacramento","El Dorado",36,2023-09-03,2023-09-09,7664,139,187285,4092.2,74.2,"0 - 126,593","0 - 127K","0 - 8,753","0 - 9K","0 - 5,021","0 - 5K","0 - 221","0 - 221"
"Greater Sierra Sacramento","El Dorado",37,2023-09-10,2023-09-16,9109,199,187285,4863.7,106.3,"0 - 126,593","0 - 127K","0 - 8,753","0 - 9K","0 - 5,021","0 - 5K","0 - 221","0 - 221"
"Greater Sierra Sacramento","El Dorado",38,2023-09-17,2023-09-23,10818,258,187285,5776.2,137.8,"0 - 126,593","0 - 127K","0 - 8,753","0 - 9K","0 - 5,021","0 - 5K","0 - 221","0 - 221"
"Greater Sierra Sacramento","El Dorado",39,2023-09-24,2023-09-30,12195,312,187285,6511.5,166.6,"0 - 126,593","0 - 127K","0 - 8,753","0 - 9K","0 - 5,021","0 - 5K","0 - 221","0 - 221"
"Greater Sierra Sacramento","El Dorado",40,2023-10-01,2023-10-07,13577,386,187285,7249.4,206.1,"0 - 126,593","0 - 127K","0 - 8,753","0 - 9K","0 - 5,021","0 - 5K","0 - 221","0 - 221"
"Greater Sierra Sacramento","El Dorado",41,2023-10-08,2023-10-14,14912,436,187285,7962.2,232.8,"0 - 126,593","0 - 127K","0 - 8,753","0 - 9K","0 - 5,021","0 - 5K","221 - 442","221 - 442"
"Greater Sierra Sacramento","El Dorado",42,2023-10-15,2023-10-21,16277,499,187285,8691,266.4,"0 - 126,593","0 - 127K","0 - 8,753","0 - 9K","0 - 5,021","0 - 5K","221 - 442","221 - 442"
"Greater Sierra Sacramento","El Dorado",43,2023-10-22,2023-10-28,17378,545,187285,9278.9,291,"0 - 126,593","0 - 127K","8,753 - 17,506","9K - 18K","0 - 5,021","0 - 5K","221 - 442","221 - 442"
"Greater Sierra Sacramento","El Dorado",44,2023-10-29,2023-11-04,18133,598,187285,9682,319.3,"0 - 126,593","0 - 127K","8,753 - 17,506","9K - 18K","0 - 5,021","0 - 5K","221 - 442","221 - 442"
"Greater Sierra Sacramento","El Dorado",45,2023-11-05,2023-11-11,18668,631,187285,9967.7,336.9,"0 - 126,593","0 - 127K","8,753 - 17,506","9K - 18K","0 - 5,021","0 - 5K","221 - 442","221 - 442"
"Greater Sierra Sacramento","El Dorado",46,2023-11-12,2023-11-18,18833,667,187285,10055.8,356.1,"0 - 126,593","0 - 127K","8,753 - 17,506","9K - 18K","0 - 5,021","0 - 5K","221 - 442","221 - 442"
"Greater Sierra Sacramento","El Dorado",47,2023-11-19,2023-11-25,18859,689,187285,10069.7,367.9,"0 - 126,593","0 - 127K","8,753 - 17,506","9K - 18K","0 - 5,021","0 - 5K","221 - 442","221 - 442"
"Greater Sierra Sacramento","El Dorado",48,2023-11-26,2023-12-02,18890,700,187285,10086.2,373.8,"0 - 126,593","0 - 127K","8,753 - 17,506","9K - 18K","0 - 5,021","0 - 5K","221 - 442","221 - 442"
"Greater Sierra Sacramento","El Dorado",49,2023-12-03,2023-12-09,18890,702,187285,10086.2,374.8,"0 - 126,593","0 - 127K","8,753 - 17,506","9K - 18K","0 - 5,021","0 - 5K","221 - 442","221 - 442"
"Greater Sierra Sacramento","El Dorado",50,2023-12-10,2023-12-16,18918,704,187285,10101.2,375.9,"0 - 126,593","0 - 127K","8,753 - 17,506","9K - 18K","0 - 5,021","0 - 5K","221 - 442","221 - 442"
"Greater Sierra Sacramento","El Dorado",51,2023-12-17,2023-12-23,18918,705,187285,10101.2,376.4,"0 - 126,593","0 - 127K","8,753 - 17,506","9K - 18K","0 - 5,021","0 - 5K","221 - 442","221 - 442"
"Greater Sierra Sacramento","El Dorado",52,2023-12-24,2023-12-30,18918,706,187285,10101.2,377,"0 - 126,593","0 - 127K","8,753 - 17,506","9K - 18K","0 - 5,021","0 - 5K","221 - 442","221 - 442"
"Greater Sierra Sacramento","Nevada",22,2023-05-28,2023-06-03,35,0,100400,34.9,0,"0 - 126,593","0 - 127K","0 - 8,753","0 - 9K","0 - 5,021","0 - 5K","0 - 221","0 - 221"
"Greater Sierra Sacramento","Nevada",23,2023-06-04,2023-06-10,60,0,100400,59.8,0,"0 - 126,593","0 - 127K","0 - 8,753","0 - 9K","0 - 5,021","0 - 5K","0 - 221","0 - 221"
"Greater Sierra Sacramento","Nevada",24,2023-06-11,2023-06-17,84,1,100400,83.7,1,"0 - 126,593","0 - 127K","0 - 8,753","0 - 9K","0 - 5,021","0 - 5K","0 - 221","0 - 221"
"Greater Sierra Sacramento","Nevada",25,2023-06-18,2023-06-24,166,1,100400,165.3,1,"0 - 126,593","0 - 127K","0 - 8,753","0 - 9K","0 - 5,021","0 - 5K","0 - 221","0 - 221"
"Greater Sierra Sacramento","Nevada",26,2023-06-25,2023-07-01,291,2,100400,289.8,2,"0 - 126,593","0 - 127K","0 - 8,753","0 - 9K","0 - 5,021","0 - 5K","0 - 221","0 - 221"
"Greater Sierra Sacramento","Nevada",27,2023-07-02,2023-07-08,420,4,100400,418.3,4,"0 - 126,593","0 - 127K","0 - 8,753","0 - 9K","0 - 5,021","0 - 5K","0 - 221","0 - 221"
"Greater Sierra Sacramento","Nevada",28,2023-07-09,2023-07-15,600,7,100400,597.6,7,"0 - 126,593","0 - 127K","0 - 8,753","0 - 9K","0 - 5,021","0 - 5K","0 - 221","0 - 221"
"Greater Sierra Sacramento","Nevada",29,2023-07-16,2023-07-22,733,11,100400,730.1,11,"0 - 126,593","0 - 127K","0 - 8,753","0 - 9K","0 - 5,021","0 - 5K","0 - 221","0 - 221"
"Greater Sierra Sacramento","Nevada",30,2023-07-23,2023-07-29,876,22,100400,872.5,21.9,"0 - 126,593","0 - 127K","0 - 8,753","0 - 9K","0 - 5,021","0 - 5K","0 - 221","0 - 221"
"Greater Sierra Sacramento","Nevada",31,2023-07-30,2023-08-05,1167,27,100400,1162.4,26.9,"0 - 126,593","0 - 127K","0 - 8,753","0 - 9K","0 - 5,021","0 - 5K","0 - 221","0 - 221"
"Greater Sierra Sacramento","Nevada",32,2023-08-06,2023-08-12,1446,35,100400,1440.2,34.9,"0 - 126,593","0 - 127K","0 - 8,753","0 - 9K","0 - 5,021","0 - 5K","0 - 221","0 - 221"
"Greater Sierra Sacramento","Nevada",33,2023-08-13,2023-08-19,1782,50,100400,1774.9,49.8,"0 - 126,593","0 - 127K","0 - 8,753","0 - 9K","0 - 5,021","0 - 5K","0 - 221","0 - 221"
"Greater Sierra Sacramento","Nevada",34,2023-08-20,2023-08-26,2299,61,100400,2289.8,60.8,"0 - 126,593","0 - 127K","0 - 8,753","0 - 9K","0 - 5,021","0 - 5K","0 - 221","0 - 221"
"Greater Sierra Sacramento","Nevada",35,2023-08-27,2023-09-02,3156,76,100400,3143.4,75.7,"0 - 126,593","0 - 127K","0 - 8,753","0 - 9K","0 - 5,021","0 - 5K","0 - 221","0 - 221"
"Greater Sierra Sacramento","Nevada",36,2023-09-03,2023-09-09,3939,96,100400,3923.3,95.6,"0 - 126,593","0 - 127K","0 - 8,753","0 - 9K","0 - 5,021","0 - 5K","0 - 221","0 - 221"
"Greater Sierra Sacramento","Nevada",37,2023-09-10,2023-09-16,4739,123,100400,4720.1,122.5,"0 - 126,593","0 - 127K","0 - 8,753","0 - 9K","0 - 5,021","0 - 5K","0 - 221","0 - 221"
"Greater Sierra Sacramento","Nevada",38,2023-09-17,2023-09-23,5613,156,100400,5590.6,155.4,"0 - 126,593","0 - 127K","0 - 8,753","0 - 9K","0 - 5,021","0 - 5K","0 - 221","0 - 221"
"Greater Sierra Sacramento","Nevada",39,2023-09-24,2023-09-30,6319,179,100400,6293.8,178.3,"0 - 126,593","0 - 127K","0 - 8,753","0 - 9K","0 - 5,021","0 - 5K","0 - 221","0 - 221"
"Greater Sierra Sacramento","Nevada",40,2023-10-01,2023-10-07,7054,222,100400,7025.9,221.1,"0 - 126,593","0 - 127K","0 - 8,753","0 - 9K","0 - 5,021","0 - 5K","221 - 442","221 - 442"
"Greater Sierra Sacramento","Nevada",41,2023-10-08,2023-10-14,7824,256,100400,7792.8,255,"0 - 126,593","0 - 127K","0 - 8,753","0 - 9K","0 - 5,021","0 - 5K","221 - 442","221 - 442"
"Greater Sierra Sacramento","Nevada",42,2023-10-15,2023-10-21,8550,289,100400,8515.9,287.8,"0 - 126,593","0 - 127K","0 - 8,753","0 - 9K","0 - 5,021","0 - 5K","221 - 442","221 - 442"
"Greater Sierra Sacramento","Nevada",43,2023-10-22,2023-10-28,9096,324,100400,9059.8,322.7,"0 - 126,593","0 - 127K","8,753 - 17,506","9K - 18K","0 - 5,021","0 - 5K","221 - 442","221 - 442"
"Greater Sierra Sacramento","Nevada",44,2023-10-29,2023-11-04,9489,351,100400,9451.2,349.6,"0 - 126,593","0 - 127K","8,753 - 17,506","9K - 18K","0 - 5,021","0 - 5K","221 - 442","221 - 442"
"Greater Sierra Sacramento","Nevada",45,2023-11-05,2023-11-11,9754,369,100400,9715.1,367.5,"0 - 126,593","0 - 127K","8,753 - 17,506","9K - 18K","0 - 5,021","0 - 5K","221 - 442","221 - 442"
"Greater Sierra Sacramento","Nevada",46,2023-11-12,2023-11-18,9837,384,100400,9797.8,382.5,"0 - 126,593","0 - 127K","8,753 - 17,506","9K - 18K","0 - 5,021","0 - 5K","221 - 442","221 - 442"
"Greater Sierra Sacramento","Nevada",47,2023-11-19,2023-11-25,9848,393,100400,9808.8,391.4,"0 - 126,593","0 - 127K","8,753 - 17,506","9K - 18K","0 - 5,021","0 - 5K","221 - 442","221 - 442"
"Greater Sierra Sacramento","Nevada",48,2023-11-26,2023-12-02,9861,397,100400,9821.7,395.4,"0 - 126,593","0 - 127K","8,753 - 17,506","9K - 18K","0 - 5,021","0 - 5K","221 - 442","221 - 442"
"Greater Sierra Sacramento","Nevada",49,2023-12-03,2023-12-09,9861,398,100400,9821.7,396.4,"0 - 126,593","0 - 127K","8,753 - 17,506","9K - 18K","0 - 5,021","0 - 5K","221 - 442","221 - 442"
"Greater Sierra Sacramento","Nevada",50,2023-12-10,2023-12-16,9876,398,100400,9836.7,396.4,"0 - 126,593","0 - 127K","8,753 - 17,506","9K - 18K","0 - 5,021","0 - 5K","221 - 442","221 - 442"
"Greater Sierra Sacramento","Nevada",51,2023-12-17,2023-12-23,9876,398,100400,9836.7,396.4,"0 - 126,593","0 - 127K","8,753 - 17,506","9K - 18K","0 - 5,021","0 - 5K","221 - 442","221 - 442"
"Greater Sierra Sacramento","Nevada",52,2023-12-24,2023-12-30,9876,399,100400,9836.7,397.4,"0 - 126,593","0 - 127K","8,753 - 17,506","9K - 18K","0 - 5,021","0 - 5K","221 - 442","221 - 442"
"Greater Sierra Sacramento","Placer",22,2023-05-28,2023-06-03,115,0,410706,28,0,"0 - 126,593","0 - 127K","0 - 8,753","0 - 9K","0 - 5,021","0 - 5K","0 - 221","0 - 221"
"Greater Sierra Sacramento","Placer",23,2023-06-04,2023-06-10,229,0,410706,55.8,0,"0 - 126,593","0 - 127K","0 - 8,753","0 - 9K","0 - 5,021","0 - 5K","0 - 221","0 - 221"
"Greater Sierra Sacramento","Placer",24,2023-06-11,2023-06-17,310,6,410706,75.5,1.5,"0 - 126,593","0 - 127K","0 - 8,753","0 - 9K","0 - 5,021","0 - 5K","0 - 221","0 - 221"
"Greater Sierra Sacramento","Placer",25,2023-06-18,2023-06-24,581,9,410706,141.5,2.2,"0 - 126,593","0 - 127K","0 - 8,753","0 - 9K","0 - 5,021","0 - 5K","0 - 221","0 - 221"
"Greater Sierra Sacramento","Placer",26,2023-06-25,2023-07-01,1019,9,410706,248.1,2.2,"0 - 126,593","0 - 127K","0 - 8,753","0 - 9K","0 - 5,021","0 - 5K","0 - 221","0 - 221"
"Greater Sierra Sacramento","Placer",27,2023-07-02,2023-07-08,1579,13,410706,384.5,3.2,"0 - 126,593","0 - 127K","0 - 8,753","0 - 9K","0 - 5,021","0 - 5K","0 - 221","0 - 221"
"Greater Sierra Sacramento","Placer",28,2023-07-09,2023-07-15,2275,27,410706,553.9,6.6,"0 - 126,593","0 - 127K","0 - 8,753","0 - 9K","0 - 5,021","0 - 5K","0 - 221","0 - 221"
"Greater Sierra Sacramento","Placer",29,2023-07-16,2023-07-22,2839,48,410706,691.2,11.7,"0 - 126,593","0 - 127K","0 - 8,753","0 - 9K","0 - 5,021","0 - 5K","0 - 221","0 - 221"
"Greater Sierra Sacramento","Placer",30,2023-07-23,2023-07-29,3439,68,410706,837.3,16.6,"0 - 126,593","0 - 127K","0 - 8,753","0 - 9K","0 - 5,021","0 - 5K","0 - 221","0 - 221"
"Greater Sierra Sacramento","Placer",31,2023-07-30,2023-08-05,4509,89,410706,1097.9,21.7,"0 - 126,593","0 - 127K","0 - 8,753","0 - 9K","0 - 5,021","0 - 5K","0 - 221","0 - 221"
"Greater Sierra Sacramento","Placer",32,2023-08-06,2023-08-12,5551,106,410706,1351.6,25.8,"0 - 126,593","0 - 127K","0 - 8,753","0 - 9K","0 - 5,021","0 - 5K","0 - 221","0 - 221"
"Greater Sierra Sacramento","Placer",33,2023-08-13,2023-08-19,6918,136,410706,1684.4,33.1,"0 - 126,593","0 - 127K","0 - 8,753","0 - 9K","0 - 5,021","0 - 5K","0 - 221","0 - 221"
"Greater Sierra Sacramento","Placer",34,2023-08-20,2023-08-26,8928,172,410706,2173.8,41.9,"0 - 126,593","0 - 127K","0 - 8,753","0 - 9K","0 - 5,021","0 - 5K","0 - 221","0 - 221"
"Greater Sierra Sacramento","Placer",35,2023-08-27,2023-09-02,12033,219,410706,2929.8,53.3,"0 - 126,593","0 - 127K","0 - 8,753","0 - 9K","0 - 5,021","0 - 5K","0 - 221","0 - 221"
"Greater Sierra Sacramento","Placer",36,2023-09-03,2023-09-09,15008,294,410706,3654.2,71.6,"0 - 126,593","0 - 127K","0 - 8,753","0 - 9K","0 - 5,021","0 - 5K","0 - 221","0 - 221"
"Greater Sierra Sacramento","Placer",37,2023-09-10,2023-09-16,17780,383,410706,4329.1,93.3,"0 - 126,593","0 - 127K","0 - 8,753","0 - 9K","0 - 5,021","0 - 5K","0 - 221","0 - 221"
"Greater Sierra Sacramento","Placer",38,2023-09-17,2023-09-23,20894,466,410706,5087.3,113.5,"0 - 126,593","0 - 127K","0 - 8,753","0 - 9K","0 - 5,021","0 - 5K","0 - 221","0 - 221"
"Greater Sierra Sacramento","Placer",39,2023-09-24,2023-09-30,23476,542,410706,5716,132,"0 - 126,593","0 - 127K","0 - 8,753","0 - 9K","0 - 5,021","0 - 5K","0 - 221","0 - 221"
"Greater Sierra Sacramento","Placer",40,2023-10-01,2023-10-07,26141,634,410706,6364.9,154.4,"0 - 126,593","0 - 127K","0 - 8,753","0 - 9K","0 - 5,021","0 - 5K","0 - 221","0 - 221"
"Greater Sierra Sacramento","Placer",41,2023-10-08,2023-10-14,28798,722,410706,7011.8,175.8,"0 - 126,593","0 - 127K","0 - 8,753","0 - 9K","0 - 5,021","0 - 5K","0 - 221","0 - 221"
"Greater Sierra Sacramento","Placer",42,2023-10-15,2023-10-21,31457,803,410706,7659.3,195.5,"0 - 126,593","0 - 127K","0 - 8,753","0 - 9K","0 - 5,021","0 - 5K","0 - 221","0 - 221"
"Greater Sierra Sacramento","Placer",43,2023-10-22,2023-10-28,33650,895,410706,8193.2,217.9,"0 - 126,593","0 - 127K","0 - 8,753","0 - 9K","0 - 5,021","0 - 5K","0 - 221","0 - 221"
"Greater Sierra Sacramento","Placer",44,2023-10-29,2023-11-04,35035,969,410706,8530.4,235.9,"0 - 126,593","0 - 127K","0 - 8,753","0 - 9K","0 - 5,021","0 - 5K","221 - 442","221 - 442"
"Greater Sierra Sacramento","Placer",45,2023-11-05,2023-11-11,36103,1055,410706,8790.5,256.9,"0 - 126,593","0 - 127K","8,753 - 17,506","9K - 18K","0 - 5,021","0 - 5K","221 - 442","221 - 442"
"Greater Sierra Sacramento","Placer",46,2023-11-12,2023-11-18,36513,1113,410706,8890.3,271,"0 - 126,593","0 - 127K","8,753 - 17,506","9K - 18K","0 - 5,021","0 - 5K","221 - 442","221 - 442"
"Greater Sierra Sacramento","Placer",47,2023-11-19,2023-11-25,36557,1148,410706,8901,279.5,"0 - 126,593","0 - 127K","8,753 - 17,506","9K - 18K","0 - 5,021","0 - 5K","221 - 442","221 - 442"
"Greater Sierra Sacramento","Placer",48,2023-11-26,2023-12-02,36621,1160,410706,8916.6,282.4,"0 - 126,593","0 - 127K","8,753 - 17,506","9K - 18K","0 - 5,021","0 - 5K","221 - 442","221 - 442"
"Greater Sierra Sacramento","Placer",49,2023-12-03,2023-12-09,36621,1167,410706,8916.6,284.1,"0 - 126,593","0 - 127K","8,753 - 17,506","9K - 18K","0 - 5,021","0 - 5K","221 - 442","221 - 442"
"Greater Sierra Sacramento","Placer",50,2023-12-10,2023-12-16,36679,1172,410706,8930.7,285.4,"0 - 126,593","0 - 127K","8,753 - 17,506","9K - 18K","0 - 5,021","0 - 5K","221 - 442","221 - 442"
"Greater Sierra Sacramento","Placer",51,2023-12-17,2023-12-23,36679,1172,410706,8930.7,285.4,"0 - 126,593","0 - 127K","8,753 - 17,506","9K - 18K","0 - 5,021","0 - 5K","221 - 442","221 - 442"
"Greater Sierra Sacramento","Placer",52,2023-12-24,2023-12-30,36679,1173,410706,8930.7,285.6,"0 - 126,593","0 - 127K","8,753 - 17,506","9K - 18K","0 - 5,021","0 - 5K","221 - 442","221 - 442"
"Greater Sierra Sacramento","Plumas",22,2023-05-28,2023-06-03,10,0,18955,52.8,0,"0 - 126,593","0 - 127K","0 - 8,753","0 - 9K","0 - 5,021","0 - 5K","0 - 221","0 - 221"
"Greater Sierra Sacramento","Plumas",23,2023-06-04,2023-06-10,13,0,18955,68.6,0,"0 - 126,593","0 - 127K","0 - 8,753","0 - 9K","0 - 5,021","0 - 5K","0 - 221","0 - 221"
"Greater Sierra Sacramento","Plumas",24,2023-06-11,2023-06-17,15,0,18955,79.1,0,"0 - 126,593","0 - 127K","0 - 8,753","0 - 9K","0 - 5,021","0 - 5K","0 - 221","0 - 221"
"Greater Sierra Sacramento","Plumas",25,2023-06-18,2023-06-24,24,0,18955,126.6,0,"0 - 126,593","0 - 127K","0 - 8,753","0 - 9K","0 - 5,021","0 - 5K","0 - 221","0 - 221"
"Greater Sierra Sacramento","Plumas",26,2023-06-25,2023-07-01,54,0,18955,284.9,0,"0 - 126,593","0 - 127K","0 - 8,753","0 - 9K","0 - 5,021","0 - 5K","0 - 221","0 - 221"
"Greater Sierra Sacramento","Plumas",27,2023-07-02,2023-07-08,95,0,18955,501.2,0,"0 - 126,593","0 - 127K","0 - 8,753","0 - 9K","0 - 5,021","0 - 5K","0 - 221","0 - 221"
"Greater Sierra Sacramento","Plumas",28,2023-07-09,2023-07-15,147,2,18955,775.5,10.6,"0 - 126,593","0 - 127K","0 - 8,753","0 - 9K","0 - 5,021","0 - 5K","0 - 221","0 - 221"
"Greater Sierra Sacramento","Plumas",29,2023-07-16,2023-07-22,180,4,18955,949.6,21.1,"0 - 126,593","0 - 127K","0 - 8,753","0 - 9K","0 - 5,021","0 - 5K","0 - 221","0 - 221"
"Greater Sierra Sacramento","Plumas",30,2023-07-23,2023-07-29,226,9,18955,1192.3,47.5,"0 - 126,593","0 - 127K","0 - 8,753","0 - 9K","0 - 5,021","0 - 5K","0 - 221","0 - 221"
"Greater Sierra Sacramento","Plumas",31,2023-07-30,2023-08-05,297,12,18955,1566.9,63.3,"0 - 126,593","0 - 127K","0 - 8,753","0 - 9K","0 - 5,021","0 - 5K","0 - 221","0 - 221"
"Greater Sierra Sacramento","Plumas",32,2023-08-06,2023-08-12,352,15,18955,1857,79.1,"0 - 126,593","0 - 127K","0 - 8,753","0 - 9K","0 - 5,021","0 - 5K","0 - 221","0 - 221"
"Greater Sierra Sacramento","Plumas",33,2023-08-13,2023-08-19,438,16,18955,2310.7,84.4,"0 - 126,593","0 - 127K","0 - 8,753","0 - 9K","0 - 5,021","0 - 5K","0 - 221","0 - 221"
"Greater Sierra Sacramento","Plumas",34,2023-08-20,2023-08-26,569,18,18955,3001.8,95,"0 - 126,593","0 - 127K","0 - 8,753","0 - 9K","0 - 5,021","0 - 5K","0 - 221","0 - 221"
"Greater Sierra Sacramento","Plumas",35,2023-08-27,2023-09-02,774,19,18955,4083.4,100.2,"0 - 126,593","0 - 127K","0 - 8,753","0 - 9K","0 - 5,021","0 - 5K","0 - 221","0 - 221"
"Greater Sierra Sacramento","Plumas",36,2023-09-03,2023-09-09,977,21,18955,5154.3,110.8,"0 - 126,593","0 - 127K","0 - 8,753","0 - 9K","0 - 5,021","0 - 5K","0 - 221","0 - 221"
"Greater Sierra Sacramento","Plumas",37,2023-09-10,2023-09-16,1159,29,18955,6114.5,153,"0 - 126,593","0 - 127K","0 - 8,753","0 - 9K","0 - 5,021","0 - 5K","0 - 221","0 - 221"
"Greater Sierra Sacramento","Plumas",38,2023-09-17,2023-09-23,1377,35,18955,7264.6,184.6,"0 - 126,593","0 - 127K","0 - 8,753","0 - 9K","0 - 5,021","0 - 5K","0 - 221","0 - 221"
"Greater Sierra Sacramento","Plumas",39,2023-09-24,2023-09-30,1567,46,18955,8266.9,242.7,"0 - 126,593","0 - 127K","0 - 8,753","0 - 9K","0 - 5,021","0 - 5K","221 - 442","221 - 442"
"Greater Sierra Sacramento","Plumas",40,2023-10-01,2023-10-07,1726,58,18955,9105.8,306,"0 - 126,593","0 - 127K","8,753 - 17,506","9K - 18K","0 - 5,021","0 - 5K","221 - 442","221 - 442"
"Greater Sierra Sacramento","Plumas",41,2023-10-08,2023-10-14,1898,66,18955,10013.2,348.2,"0 - 126,593","0 - 127K","8,753 - 17,506","9K - 18K","0 - 5,021","0 - 5K","221 - 442","221 - 442"
"Greater Sierra Sacramento","Plumas",42,2023-10-15,2023-10-21,2091,72,18955,11031.4,379.8,"0 - 126,593","0 - 127K","8,753 - 17,506","9K - 18K","0 - 5,021","0 - 5K","221 - 442","221 - 442"
"Greater Sierra Sacramento","Plumas",43,2023-10-22,2023-10-28,2220,77,18955,11711.9,406.2,"0 - 126,593","0 - 127K","8,753 - 17,506","9K - 18K","0 - 5,021","0 - 5K","221 - 442","221 - 442"
"Greater Sierra Sacramento","Plumas",44,2023-10-29,2023-11-04,2325,79,18955,12265.9,416.8,"0 - 126,593","0 - 127K","8,753 - 17,506","9K - 18K","0 - 5,021","0 - 5K","221 - 442","221 - 442"
"Greater Sierra Sacramento","Plumas",45,2023-11-05,2023-11-11,2386,85,18955,12587.7,448.4,"0 - 126,593","0 - 127K","8,753 - 17,506","9K - 18K","0 - 5,021","0 - 5K","442 - 663","442 - 663"
"Greater Sierra Sacramento","Plumas",46,2023-11-12,2023-11-18,2410,90,18955,12714.3,474.8,"0 - 126,593","0 - 127K","8,753 - 17,506","9K - 18K","0 - 5,021","0 - 5K","442 - 663","442 - 663"
"Greater Sierra Sacramento","Plumas",47,2023-11-19,2023-11-25,2413,91,18955,12730.2,480.1,"0 - 126,593","0 - 127K","8,753 - 17,506","9K - 18K","0 - 5,021","0 - 5K","442 - 663","442 - 663"
"Greater Sierra Sacramento","Plumas",48,2023-11-26,2023-12-02,2415,94,18955,12740.7,495.9,"0 - 126,593","0 - 127K","8,753 - 17,506","9K - 18K","0 - 5,021","0 - 5K","442 - 663","442 - 663"
"Greater Sierra Sacramento","Plumas",49,2023-12-03,2023-12-09,2415,95,18955,12740.7,501.2,"0 - 126,593","0 - 127K","8,753 - 17,506","9K - 18K","0 - 5,021","0 - 5K","442 - 663","442 - 663"
"Greater Sierra Sacramento","Plumas",50,2023-12-10,2023-12-16,2418,95,18955,12756.5,501.2,"0 - 126,593","0 - 127K","8,753 - 17,506","9K - 18K","0 - 5,021","0 - 5K","442 - 663","442 - 663"
"Greater Sierra Sacramento","Plumas",51,2023-12-17,2023-12-23,2418,95,18955,12756.5,501.2,"0 - 126,593","0 - 127K","8,753 - 17,506","9K - 18K","0 - 5,021","0 - 5K","442 - 663","442 - 663"
"Greater Sierra Sacramento","Plumas",52,2023-12-24,2023-12-30,2418,95,18955,12756.5,501.2,"0 - 126,593","0 - 127K","8,753 - 17,506","9K - 18K","0 - 5,021","0 - 5K","442 - 663","442 - 663"
"Greater Sierra Sacramento","Sacramento",22,2023-05-28,2023-06-03,972,0,1581831,61.4,0,"0 - 126,593","0 - 127K","0 - 8,753","0 - 9K","0 - 5,021","0 - 5K","0 - 221","0 - 221"
"Greater Sierra Sacramento","Sacramento",23,2023-06-04,2023-06-10,1998,0,1581831,126.3,0,"0 - 126,593","0 - 127K","0 - 8,753","0 - 9K","0 - 5,021","0 - 5K","0 - 221","0 - 221"
"Greater Sierra Sacramento","Sacramento",24,2023-06-11,2023-06-17,2859,34,1581831,180.7,2.1,"0 - 126,593","0 - 127K","0 - 8,753","0 - 9K","0 - 5,021","0 - 5K","0 - 221","0 - 221"
"Greater Sierra Sacramento","Sacramento",25,2023-06-18,2023-06-24,5342,58,1581831,337.7,3.7,"0 - 126,593","0 - 127K","0 - 8,753","0 - 9K","0 - 5,021","0 - 5K","0 - 221","0 - 221"
"Greater Sierra Sacramento","Sacramento",26,2023-06-25,2023-07-01,9507,92,1581831,601,5.8,"0 - 126,593","0 - 127K","0 - 8,753","0 - 9K","0 - 5,021","0 - 5K","0 - 221","0 - 221"
"Greater Sierra Sacramento","Sacramento",27,2023-07-02,2023-07-08,14488,145,1581831,915.9,9.2,"0 - 126,593","0 - 127K","0 - 8,753","0 - 9K","0 - 5,021","0 - 5K","0 - 221","0 - 221"
"Greater Sierra Sacramento","Sacramento",28,2023-07-09,2023-07-15,20692,237,1581831,1308.1,15,"0 - 126,593","0 - 127K","0 - 8,753","0 - 9K","0 - 5,021","0 - 5K","0 - 221","0 - 221"
"Greater Sierra Sacramento","Sacramento",29,2023-07-16,2023-07-22,25556,366,1581831,1615.6,23.1,"0 - 126,593","0 - 127K","0 - 8,753","0 - 9K","0 - 5,021","0 - 5K","0 - 221","0 - 221"
"Greater Sierra Sacramento","Sacramento",30,2023-07-23,2023-07-29,30843,518,1581831,1949.8,32.7,"0 - 126,593","0 - 127K","0 - 8,753","0 - 9K","0 - 5,021","0 - 5K","0 - 221","0 - 221"
"Greater Sierra Sacramento","Sacramento",31,2023-07-30,2023-08-05,40081,660,1581831,2533.8,41.7,"0 - 126,593","0 - 127K","0 - 8,753","0 - 9K","0 - 5,021","0 - 5K","0 - 221","0 - 221"
"Greater Sierra Sacramento","Sacramento",32,2023-08-06,2023-08-12,49231,803,1581831,3112.3,50.8,"0 - 126,593","0 - 127K","0 - 8,753","0 - 9K","0 - 5,021","0 - 5K","0 - 221","0 - 221"
"Greater Sierra Sacramento","Sacramento",33,2023-08-13,2023-08-19,60886,1050,1581831,3849.1,66.4,"0 - 126,593","0 - 127K","0 - 8,753","0 - 9K","0 - 5,021","0 - 5K","0 - 221","0 - 221"
"Greater Sierra Sacramento","Sacramento",34,2023-08-20,2023-08-26,78289,1276,1581831,4949.3,80.7,"0 - 126,593","0 - 127K","0 - 8,753","0 - 9K","0 - 5,021","0 - 5K","0 - 221","0 - 221"
"Greater Sierra Sacramento","Sacramento",35,2023-08-27,2023-09-02,104923,1570,1581831,6633,99.3,"0 - 126,593","0 - 127K","0 - 8,753","0 - 9K","0 - 5,021","0 - 5K","0 - 221","0 - 221"
"Greater Sierra Sacramento","Sacramento",36,2023-09-03,2023-09-09,130741,2018,1581831,8265.2,127.6,"126,593 - 253,187","127K - 253K","0 - 8,753","0 - 9K","0 - 5,021","0 - 5K","0 - 221","0 - 221"
"Greater Sierra Sacramento","Sacramento",37,2023-09-10,2023-09-16,154533,2728,1581831,9769.2,172.5,"126,593 - 253,187","127K - 253K","8,753 - 17,506","9K - 18K","0 - 5,021","0 - 5K","0 - 221","0 - 221"
"Greater Sierra Sacramento","Sacramento",38,2023-09-17,2023-09-23,180808,3417,1581831,11430.3,216,"126,593 - 253,187","127K - 253K","8,753 - 17,506","9K - 18K","0 - 5,021","0 - 5K","0 - 221","0 - 221"
"Greater Sierra Sacramento","Sacramento",39,2023-09-24,2023-09-30,202559,4115,1581831,12805.4,260.1,"126,593 - 253,187","127K - 253K","8,753 - 17,506","9K - 18K","0 - 5,021","0 - 5K","221 - 442","221 - 442"
"Greater Sierra Sacramento","Sacramento",40,2023-10-01,2023-10-07,224083,4736,1581831,14166.1,299.4,"126,593 - 253,187","127K - 253K","8,753 - 17,506","9K - 18K","0 - 5,021","0 - 5K","221 - 442","221 - 442"
"Greater Sierra Sacramento","Sacramento",41,2023-10-08,2023-10-14,245121,5320,1581831,15496,336.3,"126,593 - 253,187","127K - 253K","8,753 - 17,506","9K - 18K","5,021 - 10,043","5K - 10K","221 - 442","221 - 442"
"Greater Sierra Sacramento","Sacramento",42,2023-10-15,2023-10-21,266749,5959,1581831,16863.3,376.7,"253,187 - 379,781","253K - 380K","8,753 - 17,506","9K - 18K","5,021 - 10,043","5K - 10K","221 - 442","221 - 442"
"Greater Sierra Sacramento","Sacramento",43,2023-10-22,2023-10-28,283682,6517,1581831,17933.8,412,"253,187 - 379,781","253K - 380K","17,506 - 26,260","18K - 26K","5,021 - 10,043","5K - 10K","221 - 442","221 - 442"
"Greater Sierra Sacramento","Sacramento",44,2023-10-29,2023-11-04,294983,7094,1581831,18648.2,448.5,"253,187 - 379,781","253K - 380K","17,506 - 26,260","18K - 26K","5,021 - 10,043","5K - 10K","442 - 663","442 - 663"
"Greater Sierra Sacramento","Sacramento",45,2023-11-05,2023-11-11,303151,7554,1581831,19164.6,477.5,"253,187 - 379,781","253K - 380K","17,506 - 26,260","18K - 26K","5,021 - 10,043","5K - 10K","442 - 663","442 - 663"
"Greater Sierra Sacramento","Sacramento",46,2023-11-12,2023-11-18,305903,7891,1581831,19338.5,498.9,"253,187 - 379,781","253K - 380K","17,506 - 26,260","18K - 26K","5,021 - 10,043","5K - 10K","442 - 663","442 - 663"
"Greater Sierra Sacramento","Sacramento",47,2023-11-19,2023-11-25,306249,8149,1581831,19360.4,515.2,"253,187 - 379,781","253K - 380K","17,506 - 26,260","18K - 26K","5,021 - 10,043","5K - 10K","442 - 663","442 - 663"
"Greater Sierra Sacramento","Sacramento",48,2023-11-26,2023-12-02,306770,8263,1581831,19393.3,522.4,"253,187 - 379,781","253K - 380K","17,506 - 26,260","18K - 26K","5,021 - 10,043","5K - 10K","442 - 663","442 - 663"
"Greater Sierra Sacramento","Sacramento",49,2023-12-03,2023-12-09,306770,8298,1581831,19393.3,524.6,"253,187 - 379,781","253K - 380K","17,506 - 26,260","18K - 26K","5,021 - 10,043","5K - 10K","442 - 663","442 - 663"
"Greater Sierra Sacramento","Sacramento",50,2023-12-10,2023-12-16,307288,8313,1581831,19426.1,525.5,"253,187 - 379,781","253K - 380K","17,506 - 26,260","18K - 26K","5,021 - 10,043","5K - 10K","442 - 663","442 - 663"
"Greater Sierra Sacramento","Sacramento",51,2023-12-17,2023-12-23,307288,8315,1581831,19426.1,525.7,"253,187 - 379,781","253K - 380K","17,506 - 26,260","18K - 26K","5,021 - 10,043","5K - 10K","442 - 663","442 - 663"
"Greater Sierra Sacramento","Sacramento",52,2023-12-24,2023-12-30,307288,8323,1581831,19426.1,526.2,"253,187 - 379,781","253K - 380K","17,506 - 26,260","18K - 26K","5,021 - 10,043","5K - 10K","442 - 663","442 - 663"
"Greater Sierra Sacramento","Sierra",22,2023-05-28,2023-06-03,0,0,3152,0,0,"0 - 126,593","0 - 127K","0 - 8,753","0 - 9K","0 - 5,021","0 - 5K","0 - 221","0 - 221"
"Greater Sierra Sacramento","Sierra",23,2023-06-04,2023-06-10,2,0,3152,63.5,0,"0 - 126,593","0 - 127K","0 - 8,753","0 - 9K","0 - 5,021","0 - 5K","0 - 221","0 - 221"
"Greater Sierra Sacramento","Sierra",24,2023-06-11,2023-06-17,6,0,3152,190.4,0,"0 - 126,593","0 - 127K","0 - 8,753","0 - 9K","0 - 5,021","0 - 5K","0 - 221","0 - 221"
"Greater Sierra Sacramento","Sierra",25,2023-06-18,2023-06-24,8,0,3152,253.8,0,"0 - 126,593","0 - 127K","0 - 8,753","0 - 9K","0 - 5,021","0 - 5K","0 - 221","0 - 221"
"Greater Sierra Sacramento","Sierra",26,2023-06-25,2023-07-01,15,0,3152,475.9,0,"0 - 126,593","0 - 127K","0 - 8,753","0 - 9K","0 - 5,021","0 - 5K","0 - 221","0 - 221"
"Greater Sierra Sacramento","Sierra",27,2023-07-02,2023-07-08,19,1,3152,602.8,31.7,"0 - 126,593","0 - 127K","0 - 8,753","0 - 9K","0 - 5,021","0 - 5K","0 - 221","0 - 221"
"Greater Sierra Sacramento","Sierra",28,2023-07-09,2023-07-15,30,1,3152,951.8,31.7,"0 - 126,593","0 - 127K","0 - 8,753","0 - 9K","0 - 5,021","0 - 5K","0 - 221","0 - 221"
"Greater Sierra Sacramento","Sierra",29,2023-07-16,2023-07-22,31,2,3152,983.5,63.5,"0 - 126,593","0 - 127K","0 - 8,753","0 - 9K","0 - 5,021","0 - 5K","0 - 221","0 - 221"
"Greater Sierra Sacramento","Sierra",30,2023-07-23,2023-07-29,42,2,3152,1332.5,63.5,"0 - 126,593","0 - 127K","0 - 8,753","0 - 9K","0 - 5,021","0 - 5K","0 - 221","0 - 221"
"Greater Sierra Sacramento","Sierra",31,2023-07-30,2023-08-05,49,2,3152,1554.6,63.5,"0 - 126,593","0 - 127K","0 - 8,753","0 - 9K","0 - 5,021","0 - 5K","0 - 221","0 - 221"
"Greater Sierra Sacramento","Sierra",32,2023-08-06,2023-08-12,63,2,3152,1998.7,63.5,"0 - 126,593","0 - 127K","0 - 8,753","0 - 9K","0 - 5,021","0 - 5K","0 - 221","0 - 221"
"Greater Sierra Sacramento","Sierra",33,2023-08-13,2023-08-19,74,3,3152,2347.7,95.2,"0 - 126,593","0 - 127K","0 - 8,753","0 - 9K","0 - 5,021","0 - 5K","0 - 221","0 - 221"
"Greater Sierra Sacramento","Sierra",34,2023-08-20,2023-08-26,95,3,3152,3014,95.2,"0 - 126,593","0 - 127K","0 - 8,753","0 - 9K","0 - 5,021","0 - 5K","0 - 221","0 - 221"
"Greater Sierra Sacramento","Sierra",35,2023-08-27,2023-09-02,131,3,3152,4156.1,95.2,"0 - 126,593","0 - 127K","0 - 8,753","0 - 9K","0 - 5,021","0 - 5K","0 - 221","0 - 221"
"Greater Sierra Sacramento","Sierra",36,2023-09-03,2023-09-09,176,4,3152,5583.8,126.9,"0 - 126,593","0 - 127K","0 - 8,753","0 - 9K","0 - 5,021","0 - 5K","0 - 221","0 - 221"
"Greater Sierra Sacramento","Sierra",37,2023-09-10,2023-09-16,199,5,3152,6313.5,158.6,"0 - 126,593","0 - 127K","0 - 8,753","0 - 9K","0 - 5,021","0 - 5K","0 - 221","0 - 221"
"Greater Sierra Sacramento","Sierra",38,2023-09-17,2023-09-23,241,6,3152,7645.9,190.4,"0 - 126,593","0 - 127K","0 - 8,753","0 - 9K","0 - 5,021","0 - 5K","0 - 221","0 - 221"
"Greater Sierra Sacramento","Sierra",39,2023-09-24,2023-09-30,265,6,3152,8407.4,190.4,"0 - 126,593","0 - 127K","0 - 8,753","0 - 9K","0 - 5,021","0 - 5K","0 - 221","0 - 221"
"Greater Sierra Sacramento","Sierra",40,2023-10-01,2023-10-07,288,9,3152,9137.1,285.5,"0 - 126,593","0 - 127K","8,753 - 17,506","9K - 18K","0 - 5,021","0 - 5K","221 - 442","221 - 442"
"Greater Sierra Sacramento","Sierra",41,2023-10-08,2023-10-14,321,11,3152,10184,349,"0 - 126,593","0 - 127K","8,753 - 17,506","9K - 18K","0 - 5,021","0 - 5K","221 - 442","221 - 442"
"Greater Sierra Sacramento","Sierra",42,2023-10-15,2023-10-21,351,13,3152,11135.8,412.4,"0 - 126,593","0 - 127K","8,753 - 17,506","9K - 18K","0 - 5,021","0 - 5K","221 - 442","221 - 442"
"Greater Sierra Sacramento","Sierra",43,2023-10-22,2023-10-28,370,14,3152,11738.6,444.2,"0 - 126,593","0 - 127K","8,753 - 17,506","9K - 18K","0 - 5,021","0 - 5K","442 - 663","442 - 663"
"Greater Sierra Sacramento","Sierra",44,2023-10-29,2023-11-04,394,16,3152,12500,507.6,"0 - 126,593","0 - 127K","8,753 - 17,506","9K - 18K","0 - 5,021","0 - 5K","442 - 663","442 - 663"
"Greater Sierra Sacramento","Sierra",45,2023-11-05,2023-11-11,402,17,3152,12753.8,539.3,"0 - 126,593","0 - 127K","8,753 - 17,506","9K - 18K","0 - 5,021","0 - 5K","442 - 663","442 - 663"
"Greater Sierra Sacramento","Sierra",46,2023-11-12,2023-11-18,403,21,3152,12785.5,666.2,"0 - 126,593","0 - 127K","8,753 - 17,506","9K - 18K","0 - 5,021","0 - 5K","663 - 884","663 - 884"
"Greater Sierra Sacramento","Sierra",47,2023-11-19,2023-11-25,404,21,3152,12817.3,666.2,"0 - 126,593","0 - 127K","8,753 - 17,506","9K - 18K","0 - 5,021","0 - 5K","663 - 884","663 - 884"
"Greater Sierra Sacramento","Sierra",48,2023-11-26,2023-12-02,404,21,3152,12817.3,666.2,"0 - 126,593","0 - 127K","8,753 - 17,506","9K - 18K","0 - 5,021","0 - 5K","663 - 884","663 - 884"
"Greater Sierra Sacramento","Sierra",49,2023-12-03,2023-12-09,404,21,3152,12817.3,666.2,"0 - 126,593","0 - 127K","8,753 - 17,506","9K - 18K","0 - 5,021","0 - 5K","663 - 884","663 - 884"
"Greater Sierra Sacramento","Sierra",50,2023-12-10,2023-12-16,404,21,3152,12817.3,666.2,"0 - 126,593","0 - 127K","8,753 - 17,506","9K - 18K","0 - 5,021","0 - 5K","663 - 884","663 - 884"
"Greater Sierra Sacramento","Sierra",51,2023-12-17,2023-12-23,404,21,3152,12817.3,666.2,"0 - 126,593","0 - 127K","8,753 - 17,506","9K - 18K","0 - 5,021","0 - 5K","663 - 884","663 - 884"
"Greater Sierra Sacramento","Sierra",52,2023-12-24,2023-12-30,404,21,3152,12817.3,666.2,"0 - 126,593","0 - 127K","8,753 - 17,506","9K - 18K","0 - 5,021","0 - 5K","663 - 884","663 - 884"
"Greater Sierra Sacramento","Sutter",22,2023-05-28,2023-06-03,69,0,98151,70.3,0,"0 - 126,593","0 - 127K","0 - 8,753","0 - 9K","0 - 5,021","0 - 5K","0 - 221","0 - 221"
"Greater Sierra Sacramento","Sutter",23,2023-06-04,2023-06-10,116,0,98151,118.2,0,"0 - 126,593","0 - 127K","0 - 8,753","0 - 9K","0 - 5,021","0 - 5K","0 - 221","0 - 221"
"Greater Sierra Sacramento","Sutter",24,2023-06-11,2023-06-17,175,1,98151,178.3,1,"0 - 126,593","0 - 127K","0 - 8,753","0 - 9K","0 - 5,021","0 - 5K","0 - 221","0 - 221"
"Greater Sierra Sacramento","Sutter",25,2023-06-18,2023-06-24,322,2,98151,328.1,2,"0 - 126,593","0 - 127K","0 - 8,753","0 - 9K","0 - 5,021","0 - 5K","0 - 221","0 - 221"
"Greater Sierra Sacramento","Sutter",26,2023-06-25,2023-07-01,564,2,98151,574.6,2,"0 - 126,593","0 - 127K","0 - 8,753","0 - 9K","0 - 5,021","0 - 5K","0 - 221","0 - 221"
"Greater Sierra Sacramento","Sutter",27,2023-07-02,2023-07-08,882,3,98151,898.6,3.1,"0 - 126,593","0 - 127K","0 - 8,753","0 - 9K","0 - 5,021","0 - 5K","0 - 221","0 - 221"
"Greater Sierra Sacramento","Sutter",28,2023-07-09,2023-07-15,1289,6,98151,1313.3,6.1,"0 - 126,593","0 - 127K","0 - 8,753","0 - 9K","0 - 5,021","0 - 5K","0 - 221","0 - 221"
"Greater Sierra Sacramento","Sutter",29,2023-07-16,2023-07-22,1595,16,98151,1625,16.3,"0 - 126,593","0 - 127K","0 - 8,753","0 - 9K","0 - 5,021","0 - 5K","0 - 221","0 - 221"
"Greater Sierra Sacramento","Sutter",30,2023-07-23,2023-07-29,1922,32,98151,1958.2,32.6,"0 - 126,593","0 - 127K","0 - 8,753","0 - 9K","0 - 5,021","0 - 5K","0 - 221","0 - 221"
"Greater Sierra Sacramento","Sutter",31,2023-07-30,2023-08-05,2475,35,98151,2521.6,35.7,"0 - 126,593","0 - 127K","0 - 8,753","0 - 9K","0 - 5,021","0 - 5K","0 - 221","0 - 221"
"Greater Sierra Sacramento","Sutter",32,2023-08-06,2023-08-12,3072,43,98151,3129.9,43.8,"0 - 126,593","0 - 127K","0 - 8,753","0 - 9K","0 - 5,021","0 - 5K","0 - 221","0 - 221"
"Greater Sierra Sacramento","Sutter",33,2023-08-13,2023-08-19,3770,56,98151,3841,57.1,"0 - 126,593","0 - 127K","0 - 8,753","0 - 9K","0 - 5,021","0 - 5K","0 - 221","0 - 221"
"Greater Sierra Sacramento","Sutter",34,2023-08-20,2023-08-26,4853,76,98151,4944.4,77.4,"0 - 126,593","0 - 127K","0 - 8,753","0 - 9K","0 - 5,021","0 - 5K","0 - 221","0 - 221"
"Greater Sierra Sacramento","Sutter",35,2023-08-27,2023-09-02,6472,99,98151,6593.9,100.9,"0 - 126,593","0 - 127K","0 - 8,753","0 - 9K","0 - 5,021","0 - 5K","0 - 221","0 - 221"
"Greater Sierra Sacramento","Sutter",36,2023-09-03,2023-09-09,8032,137,98151,8183.3,139.6,"0 - 126,593","0 - 127K","0 - 8,753","0 - 9K","0 - 5,021","0 - 5K","0 - 221","0 - 221"
"Greater Sierra Sacramento","Sutter",37,2023-09-10,2023-09-16,9528,180,98151,9707.5,183.4,"0 - 126,593","0 - 127K","8,753 - 17,506","9K - 18K","0 - 5,021","0 - 5K","0 - 221","0 - 221"
"Greater Sierra Sacramento","Sutter",38,2023-09-17,2023-09-23,11150,217,98151,11360,221.1,"0 - 126,593","0 - 127K","8,753 - 17,506","9K - 18K","0 - 5,021","0 - 5K","221 - 442","221 - 442"
"Greater Sierra Sacramento","Sutter",39,2023-09-24,2023-09-30,12447,261,98151,12681.5,265.9,"0 - 126,593","0 - 127K","8,753 - 17,506","9K - 18K","0 - 5,021","0 - 5K","221 - 442","221 - 442"
"Greater Sierra Sacramento","Sutter",40,2023-10-01,2023-10-07,13765,299,98151,14024.3,304.6,"0 - 126,593","0 - 127K","8,753 - 17,506","9K - 18K","0 - 5,021","0 - 5K","221 - 442","221 - 442"
"Greater Sierra Sacramento","Sutter",41,2023-10-08,2023-10-14,15061,335,98151,15344.7,341.3,"0 - 126,593","0 - 127K","8,753 - 17,506","9K - 18K","0 - 5,021","0 - 5K","221 - 442","221 - 442"
"Greater Sierra Sacramento","Sutter",42,2023-10-15,2023-10-21,16349,376,98151,16657,383.1,"0 - 126,593","0 - 127K","8,753 - 17,506","9K - 18K","0 - 5,021","0 - 5K","221 - 442","221 - 442"
"Greater Sierra Sacramento","Sutter",43,2023-10-22,2023-10-28,17407,408,98151,17734.9,415.7,"0 - 126,593","0 - 127K","17,506 - 26,260","18K - 26K","0 - 5,021","0 - 5K","221 - 442","221 - 442"
"Greater Sierra Sacramento","Sutter",44,2023-10-29,2023-11-04,18090,442,98151,18430.8,450.3,"0 - 126,593","0 - 127K","17,506 - 26,260","18K - 26K","0 - 5,021","0 - 5K","442 - 663","442 - 663"
"Greater Sierra Sacramento","Sutter",45,2023-11-05,2023-11-11,18550,476,98151,18899.5,485,"0 - 126,593","0 - 127K","17,506 - 26,260","18K - 26K","0 - 5,021","0 - 5K","442 - 663","442 - 663"
"Greater Sierra Sacramento","Sutter",46,2023-11-12,2023-11-18,18708,499,98151,19060.4,508.4,"0 - 126,593","0 - 127K","17,506 - 26,260","18K - 26K","0 - 5,021","0 - 5K","442 - 663","442 - 663"
"Greater Sierra Sacramento","Sutter",47,2023-11-19,2023-11-25,18733,508,98151,19085.9,517.6,"0 - 126,593","0 - 127K","17,506 - 26,260","18K - 26K","0 - 5,021","0 - 5K","442 - 663","442 - 663"
"Greater Sierra Sacramento","Sutter",48,2023-11-26,2023-12-02,18765,515,98151,19118.5,524.7,"0 - 126,593","0 - 127K","17,506 - 26,260","18K - 26K","0 - 5,021","0 - 5K","442 - 663","442 - 663"
"Greater Sierra Sacramento","Sutter",49,2023-12-03,2023-12-09,18765,516,98151,19118.5,525.7,"0 - 126,593","0 - 127K","17,506 - 26,260","18K - 26K","0 - 5,021","0 - 5K","442 - 663","442 - 663"
"Greater Sierra Sacramento","Sutter",50,2023-12-10,2023-12-16,18794,518,98151,19148,527.8,"0 - 126,593","0 - 127K","17,506 - 26,260","18K - 26K","0 - 5,021","0 - 5K","442 - 663","442 - 663"
"Greater Sierra Sacramento","Sutter",51,2023-12-17,2023-12-23,18794,518,98151,19148,527.8,"0 - 126,593","0 - 127K","17,506 - 26,260","18K - 26K","0 - 5,021","0 - 5K","442 - 663","442 - 663"
"Greater Sierra Sacramento","Sutter",52,2023-12-24,2023-12-30,18794,519,98151,19148,528.8,"0 - 126,593","0 - 127K","17,506 - 26,260","18K - 26K","0 - 5,021","0 - 5K","442 - 663","442 - 663"
"Greater Sierra Sacramento","Yolo",22,2023-05-28,2023-06-03,62,0,220381,28.1,0,"0 - 126,593","0 - 127K","0 - 8,753","0 - 9K","0 - 5,021","0 - 5K","0 - 221","0 - 221"
"Greater Sierra Sacramento","Yolo",23,2023-06-04,2023-06-10,131,0,220381,59.4,0,"0 - 126,593","0 - 127K","0 - 8,753","0 - 9K","0 - 5,021","0 - 5K","0 - 221","0 - 221"
"Greater Sierra Sacramento","Yolo",24,2023-06-11,2023-06-17,195,1,220381,88.5,0.5,"0 - 126,593","0 - 127K","0 - 8,753","0 - 9K","0 - 5,021","0 - 5K","0 - 221","0 - 221"
"Greater Sierra Sacramento","Yolo",25,2023-06-18,2023-06-24,370,3,220381,167.9,1.4,"0 - 126,593","0 - 127K","0 - 8,753","0 - 9K","0 - 5,021","0 - 5K","0 - 221","0 - 221"
"Greater Sierra Sacramento","Yolo",26,2023-06-25,2023-07-01,670,6,220381,304,2.7,"0 - 126,593","0 - 127K","0 - 8,753","0 - 9K","0 - 5,021","0 - 5K","0 - 221","0 - 221"
"Greater Sierra Sacramento","Yolo",27,2023-07-02,2023-07-08,984,10,220381,446.5,4.5,"0 - 126,593","0 - 127K","0 - 8,753","0 - 9K","0 - 5,021","0 - 5K","0 - 221","0 - 221"
"Greater Sierra Sacramento","Yolo",28,2023-07-09,2023-07-15,1434,19,220381,650.7,8.6,"0 - 126,593","0 - 127K","0 - 8,753","0 - 9K","0 - 5,021","0 - 5K","0 - 221","0 - 221"
"Greater Sierra Sacramento","Yolo",29,2023-07-16,2023-07-22,1816,30,220381,824,13.6,"0 - 126,593","0 - 127K","0 - 8,753","0 - 9K","0 - 5,021","0 - 5K","0 - 221","0 - 221"
"Greater Sierra Sacramento","Yolo",30,2023-07-23,2023-07-29,2190,39,220381,993.7,17.7,"0 - 126,593","0 - 127K","0 - 8,753","0 - 9K","0 - 5,021","0 - 5K","0 - 221","0 - 221"
"Greater Sierra Sacramento","Yolo",31,2023-07-30,2023-08-05,2888,46,220381,1310.5,20.9,"0 - 126,593","0 - 127K","0 - 8,753","0 - 9K","0 - 5,021","0 - 5K","0 - 221","0 - 221"
"Greater Sierra Sacramento","Yolo",32,2023-08-06,2023-08-12,3523,61,220381,1598.6,27.7,"0 - 126,593","0 - 127K","0 - 8,753","0 - 9K","0 - 5,021","0 - 5K","0 - 221","0 - 221"
"Greater Sierra Sacramento","Yolo",33,2023-08-13,2023-08-19,4322,76,220381,1961.1,34.5,"0 - 126,593","0 - 127K","0 - 8,753","0 - 9K","0 - 5,021","0 - 5K","0 - 221","0 - 221"
"Greater Sierra Sacramento","Yolo",34,2023-08-20,2023-08-26,5527,93,220381,2507.9,42.2,"0 - 126,593","0 - 127K","0 - 8,753","0 - 9K","0 - 5,021","0 - 5K","0 - 221","0 - 221"
"Greater Sierra Sacramento","Yolo",35,2023-08-27,2023-09-02,7370,113,220381,3344.2,51.3,"0 - 126,593","0 - 127K","0 - 8,753","0 - 9K","0 - 5,021","0 - 5K","0 - 221","0 - 221"
"Greater Sierra Sacramento","Yolo",36,2023-09-03,2023-09-09,9223,137,220381,4185,62.2,"0 - 126,593","0 - 127K","0 - 8,753","0 - 9K","0 - 5,021","0 - 5K","0 - 221","0 - 221"
"Greater Sierra Sacramento","Yolo",37,2023-09-10,2023-09-16,10917,180,220381,4953.7,81.7,"0 - 126,593","0 - 127K","0 - 8,753","0 - 9K","0 - 5,021","0 - 5K","0 - 221","0 - 221"
"Greater Sierra Sacramento","Yolo",38,2023-09-17,2023-09-23,12827,224,220381,5820.4,101.6,"0 - 126,593","0 - 127K","0 - 8,753","0 - 9K","0 - 5,021","0 - 5K","0 - 221","0 - 221"
"Greater Sierra Sacramento","Yolo",39,2023-09-24,2023-09-30,14483,266,220381,6571.8,120.7,"0 - 126,593","0 - 127K","0 - 8,753","0 - 9K","0 - 5,021","0 - 5K","0 - 221","0 - 221"
"Greater Sierra Sacramento","Yolo",40,2023-10-01,2023-10-07,16087,308,220381,7299.6,139.8,"0 - 126,593","0 - 127K","0 - 8,753","0 - 9K","0 - 5,021","0 - 5K","0 - 221","0 - 221"
"Greater Sierra Sacramento","Yolo",41,2023-10-08,2023-10-14,17660,352,220381,8013.4,159.7,"0 - 126,593","0 - 127K","0 - 8,753","0 - 9K","0 - 5,021","0 - 5K","0 - 221","0 - 221"
"Greater Sierra Sacramento","Yolo",42,2023-10-15,2023-10-21,19318,385,220381,8765.7,174.7,"0 - 126,593","0 - 127K","8,753 - 17,506","9K - 18K","0 - 5,021","0 - 5K","0 - 221","0 - 221"
"Greater Sierra Sacramento","Yolo",43,2023-10-22,2023-10-28,20599,419,220381,9347,190.1,"0 - 126,593","0 - 127K","8,753 - 17,506","9K - 18K","0 - 5,021","0 - 5K","0 - 221","0 - 221"
"Greater Sierra Sacramento","Yolo",44,2023-10-29,2023-11-04,21517,469,220381,9763.5,212.8,"0 - 126,593","0 - 127K","8,753 - 17,506","9K - 18K","0 - 5,021","0 - 5K","0 - 221","0 - 221"
"Greater Sierra Sacramento","Yolo",45,2023-11-05,2023-11-11,22146,499,220381,10049,226.4,"0 - 126,593","0 - 127K","8,753 - 17,506","9K - 18K","0 - 5,021","0 - 5K","221 - 442","221 - 442"
"Greater Sierra Sacramento","Yolo",46,2023-11-12,2023-11-18,22375,525,220381,10152.9,238.2,"0 - 126,593","0 - 127K","8,753 - 17,506","9K - 18K","0 - 5,021","0 - 5K","221 - 442","221 - 442"
"Greater Sierra Sacramento","Yolo",47,2023-11-19,2023-11-25,22402,549,220381,10165.1,249.1,"0 - 126,593","0 - 127K","8,753 - 17,506","9K - 18K","0 - 5,021","0 - 5K","221 - 442","221 - 442"
"Greater Sierra Sacramento","Yolo",48,2023-11-26,2023-12-02,22433,564,220381,10179.2,255.9,"0 - 126,593","0 - 127K","8,753 - 17,506","9K - 18K","0 - 5,021","0 - 5K","221 - 442","221 - 442"
"Greater Sierra Sacramento","Yolo",49,2023-12-03,2023-12-09,22433,566,220381,10179.2,256.8,"0 - 126,593","0 - 127K","8,753 - 17,506","9K - 18K","0 - 5,021","0 - 5K","221 - 442","221 - 442"
"Greater Sierra Sacramento","Yolo",50,2023-12-10,2023-12-16,22470,567,220381,10196,257.3,"0 - 126,593","0 - 127K","8,753 - 17,506","9K - 18K","0 - 5,021","0 - 5K","221 - 442","221 - 442"
"Greater Sierra Sacramento","Yolo",51,2023-12-17,2023-12-23,22470,567,220381,10196,257.3,"0 - 126,593","0 - 127K","8,753 - 17,506","9K - 18K","0 - 5,021","0 - 5K","221 - 442","221 - 442"
"Greater Sierra Sacramento","Yolo",52,2023-12-24,2023-12-30,22470,567,220381,10196,257.3,"0 - 126,593","0 - 127K","8,753 - 17,506","9K - 18K","0 - 5,021","0 - 5K","221 - 442","221 - 442"
"Greater Sierra Sacramento","Yuba",22,2023-05-28,2023-06-03,32,0,83297,38.4,0,"0 - 126,593","0 - 127K","0 - 8,753","0 - 9K","0 - 5,021","0 - 5K","0 - 221","0 - 221"
"Greater Sierra Sacramento","Yuba",23,2023-06-04,2023-06-10,71,0,83297,85.2,0,"0 - 126,593","0 - 127K","0 - 8,753","0 - 9K","0 - 5,021","0 - 5K","0 - 221","0 - 221"
"Greater Sierra Sacramento","Yuba",24,2023-06-11,2023-06-17,109,0,83297,130.9,0,"0 - 126,593","0 - 127K","0 - 8,753","0 - 9K","0 - 5,021","0 - 5K","0 - 221","0 - 221"
"Greater Sierra Sacramento","Yuba",25,2023-06-18,2023-06-24,207,2,83297,248.5,2.4,"0 - 126,593","0 - 127K","0 - 8,753","0 - 9K","0 - 5,021","0 - 5K","0 - 221","0 - 221"
"Greater Sierra Sacramento","Yuba",26,2023-06-25,2023-07-01,375,5,83297,450.2,6,"0 - 126,593","0 - 127K","0 - 8,753","0 - 9K","0 - 5,021","0 - 5K","0 - 221","0 - 221"
"Greater Sierra Sacramento","Yuba",27,2023-07-02,2023-07-08,611,9,83297,733.5,10.8,"0 - 126,593","0 - 127K","0 - 8,753","0 - 9K","0 - 5,021","0 - 5K","0 - 221","0 - 221"
"Greater Sierra Sacramento","Yuba",28,2023-07-09,2023-07-15,896,14,83297,1075.7,16.8,"0 - 126,593","0 - 127K","0 - 8,753","0 - 9K","0 - 5,021","0 - 5K","0 - 221","0 - 221"
"Greater Sierra Sacramento","Yuba",29,2023-07-16,2023-07-22,1115,18,83297,1338.6,21.6,"0 - 126,593","0 - 127K","0 - 8,753","0 - 9K","0 - 5,021","0 - 5K","0 - 221","0 - 221"
"Greater Sierra Sacramento","Yuba",30,2023-07-23,2023-07-29,1343,28,83297,1612.3,33.6,"0 - 126,593","0 - 127K","0 - 8,753","0 - 9K","0 - 5,021","0 - 5K","0 - 221","0 - 221"
"Greater Sierra Sacramento","Yuba",31,2023-07-30,2023-08-05,1770,33,83297,2124.9,39.6,"0 - 126,593","0 - 127K","0 - 8,753","0 - 9K","0 - 5,021","0 - 5K","0 - 221","0 - 221"
"Greater Sierra Sacramento","Yuba",32,2023-08-06,2023-08-12,2229,37,83297,2676,44.4,"0 - 126,593","0 - 127K","0 - 8,753","0 - 9K","0 - 5,021","0 - 5K","0 - 221","0 - 221"
"Greater Sierra Sacramento","Yuba",33,2023-08-13,2023-08-19,2764,44,83297,3318.2,52.8,"0 - 126,593","0 - 127K","0 - 8,753","0 - 9K","0 - 5,021","0 - 5K","0 - 221","0 - 221"
"Greater Sierra Sacramento","Yuba",34,2023-08-20,2023-08-26,3597,57,83297,4318.3,68.4,"0 - 126,593","0 - 127K","0 - 8,753","0 - 9K","0 - 5,021","0 - 5K","0 - 221","0 - 221"
"Greater Sierra Sacramento","Yuba",35,2023-08-27,2023-09-02,4819,70,83297,5785.3,84,"0 - 126,593","0 - 127K","0 - 8,753","0 - 9K","0 - 5,021","0 - 5K","0 - 221","0 - 221"
"Greater Sierra Sacramento","Yuba",36,2023-09-03,2023-09-09,6061,95,83297,7276.4,114,"0 - 126,593","0 - 127K","0 - 8,753","0 - 9K","0 - 5,021","0 - 5K","0 - 221","0 - 221"
"Greater Sierra Sacramento","Yuba",37,2023-09-10,2023-09-16,7190,127,83297,8631.8,152.5,"0 - 126,593","0 - 127K","0 - 8,753","0 - 9K","0 - 5,021","0 - 5K","0 - 221","0 - 221"
"Greater Sierra Sacramento","Yuba",38,2023-09-17,2023-09-23,8482,159,83297,10182.8,190.9,"0 - 126,593","0 - 127K","8,753 - 17,506","9K - 18K","0 - 5,021","0 - 5K","0 - 221","0 - 221"
"Greater Sierra Sacramento","Yuba",39,2023-09-24,2023-09-30,9497,191,83297,11401.4,229.3,"0 - 126,593","0 - 127K","8,753 - 17,506","9K - 18K","0 - 5,021","0 - 5K","221 - 442","221 - 442"
"Greater Sierra Sacramento","Yuba",40,2023-10-01,2023-10-07,10527,228,83297,12637.9,273.7,"0 - 126,593","0 - 127K","8,753 - 17,506","9K - 18K","0 - 5,021","0 - 5K","221 - 442","221 - 442"
"Greater Sierra Sacramento","Yuba",41,2023-10-08,2023-10-14,11537,251,83297,13850.4,301.3,"0 - 126,593","0 - 127K","8,753 - 17,506","9K - 18K","0 - 5,021","0 - 5K","221 - 442","221 - 442"
"Greater Sierra Sacramento","Yuba",42,2023-10-15,2023-10-21,12516,272,83297,15025.8,326.5,"0 - 126,593","0 - 127K","8,753 - 17,506","9K - 18K","0 - 5,021","0 - 5K","221 - 442","221 - 442"
"Greater Sierra Sacramento","Yuba",43,2023-10-22,2023-10-28,13320,295,83297,15991,354.2,"0 - 126,593","0 - 127K","8,753 - 17,506","9K - 18K","0 - 5,021","0 - 5K","221 - 442","221 - 442"
"Greater Sierra Sacramento","Yuba",44,2023-10-29,2023-11-04,13840,315,83297,16615.2,378.2,"0 - 126,593","0 - 127K","8,753 - 17,506","9K - 18K","0 - 5,021","0 - 5K","221 - 442","221 - 442"
"Greater Sierra Sacramento","Yuba",45,2023-11-05,2023-11-11,14207,328,83297,17055.8,393.8,"0 - 126,593","0 - 127K","8,753 - 17,506","9K - 18K","0 - 5,021","0 - 5K","221 - 442","221 - 442"
"Greater Sierra Sacramento","Yuba",46,2023-11-12,2023-11-18,14338,346,83297,17213.1,415.4,"0 - 126,593","0 - 127K","8,753 - 17,506","9K - 18K","0 - 5,021","0 - 5K","221 - 442","221 - 442"
"Greater Sierra Sacramento","Yuba",47,2023-11-19,2023-11-25,14359,357,83297,17238.3,428.6,"0 - 126,593","0 - 127K","8,753 - 17,506","9K - 18K","0 - 5,021","0 - 5K","221 - 442","221 - 442"
"Greater Sierra Sacramento","Yuba",48,2023-11-26,2023-12-02,14388,362,83297,17273.1,434.6,"0 - 126,593","0 - 127K","8,753 - 17,506","9K - 18K","0 - 5,021","0 - 5K","221 - 442","221 - 442"
"Greater Sierra Sacramento","Yuba",49,2023-12-03,2023-12-09,14388,365,83297,17273.1,438.2,"0 - 126,593","0 - 127K","8,753 - 17,506","9K - 18K","0 - 5,021","0 - 5K","221 - 442","221 - 442"
"Greater Sierra Sacramento","Yuba",50,2023-12-10,2023-12-16,14416,366,83297,17306.7,439.4,"0 - 126,593","0 - 127K","8,753 - 17,506","9K - 18K","0 - 5,021","0 - 5K","221 - 442","221 - 442"
"Greater Sierra Sacramento","Yuba",51,2023-12-17,2023-12-23,14416,367,83297,17306.7,440.6,"0 - 126,593","0 - 127K","8,753 - 17,506","9K - 18K","0 - 5,021","0 - 5K","221 - 442","221 - 442"
"Greater Sierra Sacramento","Yuba",52,2023-12-24,2023-12-30,14416,368,83297,17306.7,441.8,"0 - 126,593","0 - 127K","8,753 - 17,506","9K - 18K","0 - 5,021","0 - 5K","221 - 442","221 - 442"
"Los Angeles","Los Angeles",22,2023-05-28,2023-06-03,2650,0,9825708,27,0,"0 - 126,593","0 - 127K","0 - 8,753","0 - 9K","0 - 5,021","0 - 5K","0 - 221","0 - 221"
"Los Angeles","Los Angeles",23,2023-06-04,2023-06-10,5244,0,9825708,53.4,0,"0 - 126,593","0 - 127K","0 - 8,753","0 - 9K","0 - 5,021","0 - 5K","0 - 221","0 - 221"
"Los Angeles","Los Angeles",24,2023-06-11,2023-06-17,7531,64,9825708,76.6,0.7,"0 - 126,593","0 - 127K","0 - 8,753","0 - 9K","0 - 5,021","0 - 5K","0 - 221","0 - 221"
"Los Angeles","Los Angeles",25,2023-06-18,2023-06-24,14138,150,9825708,143.9,1.5,"0 - 126,593","0 - 127K","0 - 8,753","0 - 9K","0 - 5,021","0 - 5K","0 - 221","0 - 221"
"Los Angeles","Los Angeles",26,2023-06-25,2023-07-01,25076,227,9825708,255.2,2.3,"0 - 126,593","0 - 127K","0 - 8,753","0 - 9K","0 - 5,021","0 - 5K","0 - 221","0 - 221"
"Los Angeles","Los Angeles",27,2023-07-02,2023-07-08,38214,401,9825708,388.9,4.1,"0 - 126,593","0 - 127K","0 - 8,753","0 - 9K","0 - 5,021","0 - 5K","0 - 221","0 - 221"
"Los Angeles","Los Angeles",28,2023-07-09,2023-07-15,55392,670,9825708,563.7,6.8,"0 - 126,593","0 - 127K","0 - 8,753","0 - 9K","0 - 5,021","0 - 5K","0 - 221","0 - 221"
"Los Angeles","Los Angeles",29,2023-07-16,2023-07-22,68679,1081,9825708,699,11,"0 - 126,593","0 - 127K","0 - 8,753","0 - 9K","0 - 5,021","0 - 5K","0 - 221","0 - 221"
"Los Angeles","Los Angeles",30,2023-07-23,2023-07-29,83201,1530,9825708,846.8,15.6,"0 - 126,593","0 - 127K","0 - 8,753","0 - 9K","0 - 5,021","0 - 5K","0 - 221","0 - 221"
"Los Angeles","Los Angeles",31,2023-07-30,2023-08-05,108109,1898,9825708,1100.3,19.3,"0 - 126,593","0 - 127K","0 - 8,753","0 - 9K","0 - 5,021","0 - 5K","0 - 221","0 - 221"
"Los Angeles","Los Angeles",32,2023-08-06,2023-08-12,133332,2309,9825708,1357,23.5,"126,593 - 253,187","127K - 253K","0 - 8,753","0 - 9K","0 - 5,021","0 - 5K","0 - 221","0 - 221"
"Los Angeles","Los Angeles",33,2023-08-13,2023-08-19,165186,2981,9825708,1681.2,30.3,"126,593 - 253,187","127K - 253K","0 - 8,753","0 - 9K","0 - 5,021","0 - 5K","0 - 221","0 - 221"
"Los Angeles","Los Angeles",34,2023-08-20,2023-08-26,212928,3686,9825708,2167,37.5,"126,593 - 253,187","127K - 253K","0 - 8,753","0 - 9K","0 - 5,021","0 - 5K","0 - 221","0 - 221"
"Los Angeles","Los Angeles",35,2023-08-27,2023-09-02,286644,4501,9825708,2917.3,45.8,"253,187 - 379,781","253K - 380K","0 - 8,753","0 - 9K","0 - 5,021","0 - 5K","0 - 221","0 - 221"
"Los Angeles","Los Angeles",36,2023-09-03,2023-09-09,359273,5753,9825708,3656.5,58.6,"253,187 - 379,781","253K - 380K","0 - 8,753","0 - 9K","5,021 - 10,043","5K - 10K","0 - 221","0 - 221"
"Los Angeles","Los Angeles",37,2023-09-10,2023-09-16,426643,7658,9825708,4342.1,77.9,"379,781 - 506,374","380K - 506K","0 - 8,753","0 - 9K","5,021 - 10,043","5K - 10K","0 - 221","0 - 221"
"Los Angeles","Los Angeles",38,2023-09-17,2023-09-23,503887,9709,9825708,5128.3,98.8,"379,781 - 506,374","380K - 506K","0 - 8,753","0 - 9K","5,021 - 10,043","5K - 10K","0 - 221","0 - 221"
"Los Angeles","Los Angeles",39,2023-09-24,2023-09-30,567826,11664,9825708,5779,118.7,"506,374 - 632,968","506K - 633K","0 - 8,753","0 - 9K","10,043 - 15,065","10K - 15K","0 - 221","0 - 221"
"Los Angeles","Los Angeles",40,2023-10-01,2023-10-07,632280,13755,9825708,6435,140,"506,374 - 632,968","506K - 633K","0 - 8,753","0 - 9K","10,043 - 15,065","10K - 15K","0 - 221","0 - 221"
"Los Angeles","Los Angeles",41,2023-10-08,2023-10-14,695390,15578,9825708,7077.3,158.5,"632,968 - 759,562","633K - 760K","0 - 8,753","0 - 9K","15,065 - 20,087","15K - 20K","0 - 221","0 - 221"
"Los Angeles","Los Angeles",42,2023-10-15,2023-10-21,759999,17468,9825708,7734.8,177.8,"759,562 - 886,156","760K - 886K+","0 - 8,753","0 - 9K","15,065 - 20,087","15K - 20K","0 - 221","0 - 221"
"Los Angeles","Los Angeles",43,2023-10-22,2023-10-28,812329,19262,9825708,8267.4,196,"759,562 - 886,156","760K - 886K+","0 - 8,753","0 - 9K","15,065 - 20,087","15K - 20K","0 - 221","0 - 221"
"Los Angeles","Los Angeles",44,2023-10-29,2023-11-04,847647,21099,9825708,8626.8,214.7,"759,562 - 886,156","760K - 886K+","0 - 8,753","0 - 9K","20,087 - 25,109","20K - 25K+","0 - 221","0 - 221"
"Los Angeles","Los Angeles",45,2023-11-05,2023-11-11,873096,22615,9825708,8885.8,230.2,"759,562 - 886,156","760K - 886K+","8,753 - 17,506","9K - 18K","20,087 - 25,109","20K - 25K+","221 - 442","221 - 442"
"Los Angeles","Los Angeles",46,2023-11-12,2023-11-18,881868,23677,9825708,8975.1,241,"759,562 - 886,156","760K - 886K+","8,753 - 17,506","9K - 18K","20,087 - 25,109","20K - 25K+","221 - 442","221 - 442"
"Los Angeles","Los Angeles",47,2023-11-19,2023-11-25,882971,24470,9825708,8986.3,249,"759,562 - 886,156","760K - 886K+","8,753 - 17,506","9K - 18K","20,087 - 25,109","20K - 25K+","221 - 442","221 - 442"
"Los Angeles","Los Angeles",48,2023-11-26,2023-12-02,884531,24868,9825708,9002.2,253.1,"759,562 - 886,156","760K - 886K+","8,753 - 17,506","9K - 18K","20,087 - 25,109","20K - 25K+","221 - 442","221 - 442"
"Los Angeles","Los Angeles",49,2023-12-03,2023-12-09,884531,24988,9825708,9002.2,254.3,"759,562 - 886,156","760K - 886K+","8,753 - 17,506","9K - 18K","20,087 - 25,109","20K - 25K+","221 - 442","221 - 442"
"Los Angeles","Los Angeles",50,2023-12-10,2023-12-16,886156,25056,9825708,9018.7,255,"759,562 - 886,156","760K - 886K+","8,753 - 17,506","9K - 18K","20,087 - 25,109","20K - 25K+","221 - 442","221 - 442"
"Los Angeles","Los Angeles",51,2023-12-17,2023-12-23,886156,25065,9825708,9018.7,255.1,"759,562 - 886,156","760K - 886K+","8,753 - 17,506","9K - 18K","20,087 - 25,109","20K - 25K+","221 - 442","221 - 442"
"Los Angeles","Los Angeles",52,2023-12-24,2023-12-30,886156,25109,9825708,9018.7,255.5,"759,562 - 886,156","760K - 886K+","8,753 - 17,506","9K - 18K","20,087 - 25,109","20K - 25K+","221 - 442","221 - 442"
"Rural North","Del Norte",22,2023-05-28,2023-06-03,4,0,26382,15.2,0,"0 - 126,593","0 - 127K","0 - 8,753","0 - 9K","0 - 5,021","0 - 5K","0 - 221","0 - 221"
"Rural North","Del Norte",23,2023-06-04,2023-06-10,12,0,26382,45.5,0,"0 - 126,593","0 - 127K","0 - 8,753","0 - 9K","0 - 5,021","0 - 5K","0 - 221","0 - 221"
"Rural North","Del Norte",24,2023-06-11,2023-06-17,18,0,26382,68.2,0,"0 - 126,593","0 - 127K","0 - 8,753","0 - 9K","0 - 5,021","0 - 5K","0 - 221","0 - 221"
"Rural North","Del Norte",25,2023-06-18,2023-06-24,38,0,26382,144,0,"0 - 126,593","0 - 127K","0 - 8,753","0 - 9K","0 - 5,021","0 - 5K","0 - 221","0 - 221"
"Rural North","Del Norte",26,2023-06-25,2023-07-01,65,0,26382,246.4,0,"0 - 126,593","0 - 127K","0 - 8,753","0 - 9K","0 - 5,021","0 - 5K","0 - 221","0 - 221"
"Rural North","Del Norte",27,2023-07-02,2023-07-08,118,0,26382,447.3,0,"0 - 126,593","0 - 127K","0 - 8,753","0 - 9K","0 - 5,021","0 - 5K","0 - 221","0 - 221"
"Rural North","Del Norte",28,2023-07-09,2023-07-15,181,0,26382,686.1,0,"0 - 126,593","0 - 127K","0 - 8,753","0 - 9K","0 - 5,021","0 - 5K","0 - 221","0 - 221"
"Rural North","Del Norte",29,2023-07-16,2023-07-22,219,1,26382,830.1,3.8,"0 - 126,593","0 - 127K","0 - 8,753","0 - 9K","0 - 5,021","0 - 5K","0 - 221","0 - 221"
"Rural North","Del Norte",30,2023-07-23,2023-07-29,253,3,26382,959,11.4,"0 - 126,593","0 - 127K","0 - 8,753","0 - 9K","0 - 5,021","0 - 5K","0 - 221","0 - 221"
"Rural North","Del Norte",31,2023-07-30,2023-08-05,336,7,26382,1273.6,26.5,"0 - 126,593","0 - 127K","0 - 8,753","0 - 9K","0 - 5,021","0 - 5K","0 - 221","0 - 221"
"Rural North","Del Norte",32,2023-08-06,2023-08-12,418,10,26382,1584.4,37.9,"0 - 126,593","0 - 127K","0 - 8,753","0 - 9K","0 - 5,021","0 - 5K","0 - 221","0 - 221"
"Rural North","Del Norte",33,2023-08-13,2023-08-19,515,12,26382,1952.1,45.5,"0 - 126,593","0 - 127K","0 - 8,753","0 - 9K","0 - 5,021","0 - 5K","0 - 221","0 - 221"
"Rural North","Del Norte",34,2023-08-20,2023-08-26,680,16,26382,2577.5,60.6,"0 - 126,593","0 - 127K","0 - 8,753","0 - 9K","0 - 5,021","0 - 5K","0 - 221","0 - 221"
"Rural North","Del Norte",35,2023-08-27,2023-09-02,903,21,26382,3422.8,79.6,"0 - 126,593","0 - 127K","0 - 8,753","0 - 9K","0 - 5,021","0 - 5K","0 - 221","0 - 221"
"Rural North","Del Norte",36,2023-09-03,2023-09-09,1130,26,26382,4283.2,98.6,"0 - 126,593","0 - 127K","0 - 8,753","0 - 9K","0 - 5,021","0 - 5K","0 - 221","0 - 221"
"Rural North","Del Norte",37,2023-09-10,2023-09-16,1324,31,26382,5018.6,117.5,"0 - 126,593","0 - 127K","0 - 8,753","0 - 9K","0 - 5,021","0 - 5K","0 - 221","0 - 221"
"Rural North","Del Norte",38,2023-09-17,2023-09-23,1548,36,26382,5867.6,136.5,"0 - 126,593","0 - 127K","0 - 8,753","0 - 9K","0 - 5,021","0 - 5K","0 - 221","0 - 221"
"Rural North","Del Norte",39,2023-09-24,2023-09-30,1735,40,26382,6576.5,151.6,"0 - 126,593","0 - 127K","0 - 8,753","0 - 9K","0 - 5,021","0 - 5K","0 - 221","0 - 221"
"Rural North","Del Norte",40,2023-10-01,2023-10-07,1937,45,26382,7342.1,170.6,"0 - 126,593","0 - 127K","0 - 8,753","0 - 9K","0 - 5,021","0 - 5K","0 - 221","0 - 221"
"Rural North","Del Norte",41,2023-10-08,2023-10-14,2149,51,26382,8145.7,193.3,"0 - 126,593","0 - 127K","0 - 8,753","0 - 9K","0 - 5,021","0 - 5K","0 - 221","0 - 221"
"Rural North","Del Norte",42,2023-10-15,2023-10-21,2355,56,26382,8926.5,212.3,"0 - 126,593","0 - 127K","8,753 - 17,506","9K - 18K","0 - 5,021","0 - 5K","0 - 221","0 - 221"
"Rural North","Del Norte",43,2023-10-22,2023-10-28,2532,63,26382,9597.5,238.8,"0 - 126,593","0 - 127K","8,753 - 17,506","9K - 18K","0 - 5,021","0 - 5K","221 - 442","221 - 442"
"Rural North","Del Norte",44,2023-10-29,2023-11-04,2639,67,26382,10003,254,"0 - 126,593","0 - 127K","8,753 - 17,506","9K - 18K","0 - 5,021","0 - 5K","221 - 442","221 - 442"
"Rural North","Del Norte",45,2023-11-05,2023-11-11,2698,73,26382,10226.7,276.7,"0 - 126,593","0 - 127K","8,753 - 17,506","9K - 18K","0 - 5,021","0 - 5K","221 - 442","221 - 442"
"Rural North","Del Norte",46,2023-11-12,2023-11-18,2719,76,26382,10306.3,288.1,"0 - 126,593","0 - 127K","8,753 - 17,506","9K - 18K","0 - 5,021","0 - 5K","221 - 442","221 - 442"
"Rural North","Del Norte",47,2023-11-19,2023-11-25,2719,77,26382,10306.3,291.9,"0 - 126,593","0 - 127K","8,753 - 17,506","9K - 18K","0 - 5,021","0 - 5K","221 - 442","221 - 442"
"Rural North","Del Norte",48,2023-11-26,2023-12-02,2729,81,26382,10344.2,307,"0 - 126,593","0 - 127K","8,753 - 17,506","9K - 18K","0 - 5,021","0 - 5K","221 - 442","221 - 442"
"Rural North","Del Norte",49,2023-12-03,2023-12-09,2729,81,26382,10344.2,307,"0 - 126,593","0 - 127K","8,753 - 17,506","9K - 18K","0 - 5,021","0 - 5K","221 - 442","221 - 442"
"Rural North","Del Norte",50,2023-12-10,2023-12-16,2732,81,26382,10355.5,307,"0 - 126,593","0 - 127K","8,753 - 17,506","9K - 18K","0 - 5,021","0 - 5K","221 - 442","221 - 442"
"Rural North","Del Norte",51,2023-12-17,2023-12-23,2732,81,26382,10355.5,307,"0 - 126,593","0 - 127K","8,753 - 17,506","9K - 18K","0 - 5,021","0 - 5K","221 - 442","221 - 442"
"Rural North","Del Norte",52,2023-12-24,2023-12-30,2732,81,26382,10355.5,307,"0 - 126,593","0 - 127K","8,753 - 17,506","9K - 18K","0 - 5,021","0 - 5K","221 - 442","221 - 442"
"Rural North","Glenn",22,2023-05-28,2023-06-03,2,0,28039,7.1,0,"0 - 126,593","0 - 127K","0 - 8,753","0 - 9K","0 - 5,021","0 - 5K","0 - 221","0 - 221"
"Rural North","Glenn",23,2023-06-04,2023-06-10,6,0,28039,21.4,0,"0 - 126,593","0 - 127K","0 - 8,753","0 - 9K","0 - 5,021","0 - 5K","0 - 221","0 - 221"
"Rural North","Glenn",24,2023-06-11,2023-06-17,12,0,28039,42.8,0,"0 - 126,593","0 - 127K","0 - 8,753","0 - 9K","0 - 5,021","0 - 5K","0 - 221","0 - 221"
"Rural North","Glenn",25,2023-06-18,2023-06-24,37,0,28039,132,0,"0 - 126,593","0 - 127K","0 - 8,753","0 - 9K","0 - 5,021","0 - 5K","0 - 221","0 - 221"
"Rural North","Glenn",26,2023-06-25,2023-07-01,62,0,28039,221.1,0,"0 - 126,593","0 - 127K","0 - 8,753","0 - 9K","0 - 5,021","0 - 5K","0 - 221","0 - 221"
"Rural North","Glenn",27,2023-07-02,2023-07-08,109,1,28039,388.7,3.6,"0 - 126,593","0 - 127K","0 - 8,753","0 - 9K","0 - 5,021","0 - 5K","0 - 221","0 - 221"
"Rural North","Glenn",28,2023-07-09,2023-07-15,155,1,28039,552.8,3.6,"0 - 126,593","0 - 127K","0 - 8,753","0 - 9K","0 - 5,021","0 - 5K","0 - 221","0 - 221"
"Rural North","Glenn",29,2023-07-16,2023-07-22,184,5,28039,656.2,17.8,"0 - 126,593","0 - 127K","0 - 8,753","0 - 9K","0 - 5,021","0 - 5K","0 - 221","0 - 221"
"Rural North","Glenn",30,2023-07-23,2023-07-29,226,5,28039,806,17.8,"0 - 126,593","0 - 127K","0 - 8,753","0 - 9K","0 - 5,021","0 - 5K","0 - 221","0 - 221"
"Rural North","Glenn",31,2023-07-30,2023-08-05,298,7,28039,1062.8,25,"0 - 126,593","0 - 127K","0 - 8,753","0 - 9K","0 - 5,021","0 - 5K","0 - 221","0 - 221"
"Rural North","Glenn",32,2023-08-06,2023-08-12,371,8,28039,1323.2,28.5,"0 - 126,593","0 - 127K","0 - 8,753","0 - 9K","0 - 5,021","0 - 5K","0 - 221","0 - 221"
"Rural North","Glenn",33,2023-08-13,2023-08-19,445,11,28039,1587.1,39.2,"0 - 126,593","0 - 127K","0 - 8,753","0 - 9K","0 - 5,021","0 - 5K","0 - 221","0 - 221"
"Rural North","Glenn",34,2023-08-20,2023-08-26,574,14,28039,2047.1,49.9,"0 - 126,593","0 - 127K","0 - 8,753","0 - 9K","0 - 5,021","0 - 5K","0 - 221","0 - 221"
"Rural North","Glenn",35,2023-08-27,2023-09-02,812,20,28039,2896,71.3,"0 - 126,593","0 - 127K","0 - 8,753","0 - 9K","0 - 5,021","0 - 5K","0 - 221","0 - 221"
"Rural North","Glenn",36,2023-09-03,2023-09-09,1012,26,28039,3609.3,92.7,"0 - 126,593","0 - 127K","0 - 8,753","0 - 9K","0 - 5,021","0 - 5K","0 - 221","0 - 221"
"Rural North","Glenn",37,2023-09-10,2023-09-16,1217,28,28039,4340.4,99.9,"0 - 126,593","0 - 127K","0 - 8,753","0 - 9K","0 - 5,021","0 - 5K","0 - 221","0 - 221"
"Rural North","Glenn",38,2023-09-17,2023-09-23,1434,35,28039,5114.3,124.8,"0 - 126,593","0 - 127K","0 - 8,753","0 - 9K","0 - 5,021","0 - 5K","0 - 221","0 - 221"
"Rural North","Glenn",39,2023-09-24,2023-09-30,1613,39,28039,5752.7,139.1,"0 - 126,593","0 - 127K","0 - 8,753","0 - 9K","0 - 5,021","0 - 5K","0 - 221","0 - 221"
"Rural North","Glenn",40,2023-10-01,2023-10-07,1789,42,28039,6380.4,149.8,"0 - 126,593","0 - 127K","0 - 8,753","0 - 9K","0 - 5,021","0 - 5K","0 - 221","0 - 221"
"Rural North","Glenn",41,2023-10-08,2023-10-14,1963,48,28039,7001,171.2,"0 - 126,593","0 - 127K","0 - 8,753","0 - 9K","0 - 5,021","0 - 5K","0 - 221","0 - 221"
"Rural North","Glenn",42,2023-10-15,2023-10-21,2150,57,28039,7667.9,203.3,"0 - 126,593","0 - 127K","0 - 8,753","0 - 9K","0 - 5,021","0 - 5K","0 - 221","0 - 221"
"Rural North","Glenn",43,2023-10-22,2023-10-28,2313,66,28039,8249.2,235.4,"0 - 126,593","0 - 127K","0 - 8,753","0 - 9K","0 - 5,021","0 - 5K","221 - 442","221 - 442"
"Rural North","Glenn",44,2023-10-29,2023-11-04,2430,72,28039,8666.5,256.8,"0 - 126,593","0 - 127K","0 - 8,753","0 - 9K","0 - 5,021","0 - 5K","221 - 442","221 - 442"
"Rural North","Glenn",45,2023-11-05,2023-11-11,2495,77,28039,8898.3,274.6,"0 - 126,593","0 - 127K","8,753 - 17,506","9K - 18K","0 - 5,021","0 - 5K","221 - 442","221 - 442"
"Rural North","Glenn",46,2023-11-12,2023-11-18,2521,80,28039,8991,285.3,"0 - 126,593","0 - 127K","8,753 - 17,506","9K - 18K","0 - 5,021","0 - 5K","221 - 442","221 - 442"
"Rural North","Glenn",47,2023-11-19,2023-11-25,2528,82,28039,9016,292.4,"0 - 126,593","0 - 127K","8,753 - 17,506","9K - 18K","0 - 5,021","0 - 5K","221 - 442","221 - 442"
"Rural North","Glenn",48,2023-11-26,2023-12-02,2532,83,28039,9030.3,296,"0 - 126,593","0 - 127K","8,753 - 17,506","9K - 18K","0 - 5,021","0 - 5K","221 - 442","221 - 442"
"Rural North","Glenn",49,2023-12-03,2023-12-09,2532,83,28039,9030.3,296,"0 - 126,593","0 - 127K","8,753 - 17,506","9K - 18K","0 - 5,021","0 - 5K","221 - 442","221 - 442"
"Rural North","Glenn",50,2023-12-10,2023-12-16,2538,83,28039,9051.7,296,"0 - 126,593","0 - 127K","8,753 - 17,506","9K - 18K","0 - 5,021","0 - 5K","221 - 442","221 - 442"
"Rural North","Glenn",51,2023-12-17,2023-12-23,2538,83,28039,9051.7,296,"0 - 126,593","0 - 127K","8,753 - 17,506","9K - 18K","0 - 5,021","0 - 5K","221 - 442","221 - 442"
"Rural North","Glenn",52,2023-12-24,2023-12-30,2538,83,28039,9051.7,296,"0 - 126,593","0 - 127K","8,753 - 17,506","9K - 18K","0 - 5,021","0 - 5K","221 - 442","221 - 442"
"Rural North","Humboldt",22,2023-05-28,2023-06-03,43,0,134388,32,0,"0 - 126,593","0 - 127K","0 - 8,753","0 - 9K","0 - 5,021","0 - 5K","0 - 221","0 - 221"
"Rural North","Humboldt",23,2023-06-04,2023-06-10,81,0,134388,60.3,0,"0 - 126,593","0 - 127K","0 - 8,753","0 - 9K","0 - 5,021","0 - 5K","0 - 221","0 - 221"
"Rural North","Humboldt",24,2023-06-11,2023-06-17,123,3,134388,91.5,2.2,"0 - 126,593","0 - 127K","0 - 8,753","0 - 9K","0 - 5,021","0 - 5K","0 - 221","0 - 221"
"Rural North","Humboldt",25,2023-06-18,2023-06-24,214,5,134388,159.2,3.7,"0 - 126,593","0 - 127K","0 - 8,753","0 - 9K","0 - 5,021","0 - 5K","0 - 221","0 - 221"
"Rural North","Humboldt",26,2023-06-25,2023-07-01,364,6,134388,270.9,4.5,"0 - 126,593","0 - 127K","0 - 8,753","0 - 9K","0 - 5,021","0 - 5K","0 - 221","0 - 221"
"Rural North","Humboldt",27,2023-07-02,2023-07-08,549,8,134388,408.5,6,"0 - 126,593","0 - 127K","0 - 8,753","0 - 9K","0 - 5,021","0 - 5K","0 - 221","0 - 221"
"Rural North","Humboldt",28,2023-07-09,2023-07-15,796,14,134388,592.3,10.4,"0 - 126,593","0 - 127K","0 - 8,753","0 - 9K","0 - 5,021","0 - 5K","0 - 221","0 - 221"
"Rural North","Humboldt",29,2023-07-16,2023-07-22,991,19,134388,737.4,14.1,"0 - 126,593","0 - 127K","0 - 8,753","0 - 9K","0 - 5,021","0 - 5K","0 - 221","0 - 221"
"Rural North","Humboldt",30,2023-07-23,2023-07-29,1187,29,134388,883.3,21.6,"0 - 126,593","0 - 127K","0 - 8,753","0 - 9K","0 - 5,021","0 - 5K","0 - 221","0 - 221"
"Rural North","Humboldt",31,2023-07-30,2023-08-05,1565,40,134388,1164.5,29.8,"0 - 126,593","0 - 127K","0 - 8,753","0 - 9K","0 - 5,021","0 - 5K","0 - 221","0 - 221"
"Rural North","Humboldt",32,2023-08-06,2023-08-12,1932,48,134388,1437.6,35.7,"0 - 126,593","0 - 127K","0 - 8,753","0 - 9K","0 - 5,021","0 - 5K","0 - 221","0 - 221"
"Rural North","Humboldt",33,2023-08-13,2023-08-19,2421,60,134388,1801.5,44.6,"0 - 126,593","0 - 127K","0 - 8,753","0 - 9K","0 - 5,021","0 - 5K","0 - 221","0 - 221"
"Rural North","Humboldt",34,2023-08-20,2023-08-26,3115,70,134388,2317.9,52.1,"0 - 126,593","0 - 127K","0 - 8,753","0 - 9K","0 - 5,021","0 - 5K","0 - 221","0 - 221"
"Rural North","Humboldt",35,2023-08-27,2023-09-02,4205,85,134388,3129,63.2,"0 - 126,593","0 - 127K","0 - 8,753","0 - 9K","0 - 5,021","0 - 5K","0 - 221","0 - 221"
"Rural North","Humboldt",36,2023-09-03,2023-09-09,5269,109,134388,3920.7,81.1,"0 - 126,593","0 - 127K","0 - 8,753","0 - 9K","0 - 5,021","0 - 5K","0 - 221","0 - 221"
"Rural North","Humboldt",37,2023-09-10,2023-09-16,6295,142,134388,4684.2,105.7,"0 - 126,593","0 - 127K","0 - 8,753","0 - 9K","0 - 5,021","0 - 5K","0 - 221","0 - 221"
"Rural North","Humboldt",38,2023-09-17,2023-09-23,7403,169,134388,5508.7,125.8,"0 - 126,593","0 - 127K","0 - 8,753","0 - 9K","0 - 5,021","0 - 5K","0 - 221","0 - 221"
"Rural North","Humboldt",39,2023-09-24,2023-09-30,8288,200,134388,6167.2,148.8,"0 - 126,593","0 - 127K","0 - 8,753","0 - 9K","0 - 5,021","0 - 5K","0 - 221","0 - 221"
"Rural North","Humboldt",40,2023-10-01,2023-10-07,9198,235,134388,6844.4,174.9,"0 - 126,593","0 - 127K","0 - 8,753","0 - 9K","0 - 5,021","0 - 5K","0 - 221","0 - 221"
"Rural North","Humboldt",41,2023-10-08,2023-10-14,10093,263,134388,7510.3,195.7,"0 - 126,593","0 - 127K","0 - 8,753","0 - 9K","0 - 5,021","0 - 5K","0 - 221","0 - 221"
"Rural North","Humboldt",42,2023-10-15,2023-10-21,10977,302,134388,8168.1,224.7,"0 - 126,593","0 - 127K","0 - 8,753","0 - 9K","0 - 5,021","0 - 5K","221 - 442","221 - 442"
"Rural North","Humboldt",43,2023-10-22,2023-10-28,11732,329,134388,8729.9,244.8,"0 - 126,593","0 - 127K","0 - 8,753","0 - 9K","0 - 5,021","0 - 5K","221 - 442","221 - 442"
"Rural North","Humboldt",44,2023-10-29,2023-11-04,12244,354,134388,9110.9,263.4,"0 - 126,593","0 - 127K","8,753 - 17,506","9K - 18K","0 - 5,021","0 - 5K","221 - 442","221 - 442"
"Rural North","Humboldt",45,2023-11-05,2023-11-11,12598,378,134388,9374.3,281.3,"0 - 126,593","0 - 127K","8,753 - 17,506","9K - 18K","0 - 5,021","0 - 5K","221 - 442","221 - 442"
"Rural North","Humboldt",46,2023-11-12,2023-11-18,12719,396,134388,9464.4,294.7,"0 - 126,593","0 - 127K","8,753 - 17,506","9K - 18K","0 - 5,021","0 - 5K","221 - 442","221 - 442"
"Rural North","Humboldt",47,2023-11-19,2023-11-25,12733,411,134388,9474.8,305.8,"0 - 126,593","0 - 127K","8,753 - 17,506","9K - 18K","0 - 5,021","0 - 5K","221 - 442","221 - 442"
"Rural North","Humboldt",48,2023-11-26,2023-12-02,12757,417,134388,9492.7,310.3,"0 - 126,593","0 - 127K","8,753 - 17,506","9K - 18K","0 - 5,021","0 - 5K","221 - 442","221 - 442"
"Rural North","Humboldt",49,2023-12-03,2023-12-09,12757,418,134388,9492.7,311,"0 - 126,593","0 - 127K","8,753 - 17,506","9K - 18K","0 - 5,021","0 - 5K","221 - 442","221 - 442"
"Rural North","Humboldt",50,2023-12-10,2023-12-16,12785,419,134388,9513.5,311.8,"0 - 126,593","0 - 127K","8,753 - 17,506","9K - 18K","0 - 5,021","0 - 5K","221 - 442","221 - 442"
"Rural North","Humboldt",51,2023-12-17,2023-12-23,12785,420,134388,9513.5,312.5,"0 - 126,593","0 - 127K","8,753 - 17,506","9K - 18K","0 - 5,021","0 - 5K","221 - 442","221 - 442"
"Rural North","Humboldt",52,2023-12-24,2023-12-30,12785,421,134388,9513.5,313.3,"0 - 126,593","0 - 127K","8,753 - 17,506","9K - 18K","0 - 5,021","0 - 5K","221 - 442","221 - 442"
"Rural North","Lake",22,2023-05-28,2023-06-03,19,0,66446,28.6,0,"0 - 126,593","0 - 127K","0 - 8,753","0 - 9K","0 - 5,021","0 - 5K","0 - 221","0 - 221"
"Rural North","Lake",23,2023-06-04,2023-06-10,33,0,66446,49.7,0,"0 - 126,593","0 - 127K","0 - 8,753","0 - 9K","0 - 5,021","0 - 5K","0 - 221","0 - 221"
"Rural North","Lake",24,2023-06-11,2023-06-17,48,2,66446,72.2,3,"0 - 126,593","0 - 127K","0 - 8,753","0 - 9K","0 - 5,021","0 - 5K","0 - 221","0 - 221"
"Rural North","Lake",25,2023-06-18,2023-06-24,102,4,66446,153.5,6,"0 - 126,593","0 - 127K","0 - 8,753","0 - 9K","0 - 5,021","0 - 5K","0 - 221","0 - 221"
"Rural North","Lake",26,2023-06-25,2023-07-01,193,4,66446,290.5,6,"0 - 126,593","0 - 127K","0 - 8,753","0 - 9K","0 - 5,021","0 - 5K","0 - 221","0 - 221"
"Rural North","Lake",27,2023-07-02,2023-07-08,311,6,66446,468,9,"0 - 126,593","0 - 127K","0 - 8,753","0 - 9K","0 - 5,021","0 - 5K","0 - 221","0 - 221"
"Rural North","Lake",28,2023-07-09,2023-07-15,428,9,66446,644.1,13.5,"0 - 126,593","0 - 127K","0 - 8,753","0 - 9K","0 - 5,021","0 - 5K","0 - 221","0 - 221"
"Rural North","Lake",29,2023-07-16,2023-07-22,529,14,66446,796.1,21.1,"0 - 126,593","0 - 127K","0 - 8,753","0 - 9K","0 - 5,021","0 - 5K","0 - 221","0 - 221"
"Rural North","Lake",30,2023-07-23,2023-07-29,668,15,66446,1005.3,22.6,"0 - 126,593","0 - 127K","0 - 8,753","0 - 9K","0 - 5,021","0 - 5K","0 - 221","0 - 221"
"Rural North","Lake",31,2023-07-30,2023-08-05,883,19,66446,1328.9,28.6,"0 - 126,593","0 - 127K","0 - 8,753","0 - 9K","0 - 5,021","0 - 5K","0 - 221","0 - 221"
"Rural North","Lake",32,2023-08-06,2023-08-12,1094,25,66446,1646.4,37.6,"0 - 126,593","0 - 127K","0 - 8,753","0 - 9K","0 - 5,021","0 - 5K","0 - 221","0 - 221"
"Rural North","Lake",33,2023-08-13,2023-08-19,1362,33,66446,2049.8,49.7,"0 - 126,593","0 - 127K","0 - 8,753","0 - 9K","0 - 5,021","0 - 5K","0 - 221","0 - 221"
"Rural North","Lake",34,2023-08-20,2023-08-26,1733,42,66446,2608.1,63.2,"0 - 126,593","0 - 127K","0 - 8,753","0 - 9K","0 - 5,021","0 - 5K","0 - 221","0 - 221"
"Rural North","Lake",35,2023-08-27,2023-09-02,2303,49,66446,3466,73.7,"0 - 126,593","0 - 127K","0 - 8,753","0 - 9K","0 - 5,021","0 - 5K","0 - 221","0 - 221"
"Rural North","Lake",36,2023-09-03,2023-09-09,2864,64,66446,4310.3,96.3,"0 - 126,593","0 - 127K","0 - 8,753","0 - 9K","0 - 5,021","0 - 5K","0 - 221","0 - 221"
"Rural North","Lake",37,2023-09-10,2023-09-16,3429,78,66446,5160.6,117.4,"0 - 126,593","0 - 127K","0 - 8,753","0 - 9K","0 - 5,021","0 - 5K","0 - 221","0 - 221"
"Rural North","Lake",38,2023-09-17,2023-09-23,3997,95,66446,6015.4,143,"0 - 126,593","0 - 127K","0 - 8,753","0 - 9K","0 - 5,021","0 - 5K","0 - 221","0 - 221"
"Rural North","Lake",39,2023-09-24,2023-09-30,4507,120,66446,6783,180.6,"0 - 126,593","0 - 127K","0 - 8,753","0 - 9K","0 - 5,021","0 - 5K","0 - 221","0 - 221"
"Rural North","Lake",40,2023-10-01,2023-10-07,5018,135,66446,7552,203.2,"0 - 126,593","0 - 127K","0 - 8,753","0 - 9K","0 - 5,021","0 - 5K","0 - 221","0 - 221"
"Rural North","Lake",41,2023-10-08,2023-10-14,5496,153,66446,8271.4,230.3,"0 - 126,593","0 - 127K","0 - 8,753","0 - 9K","0 - 5,021","0 - 5K","221 - 442","221 - 442"
"Rural North","Lake",42,2023-10-15,2023-10-21,5943,176,66446,8944.1,264.9,"0 - 126,593","0 - 127K","8,753 - 17,506","9K - 18K","0 - 5,021","0 - 5K","221 - 442","221 - 442"
"Rural North","Lake",43,2023-10-22,2023-10-28,6342,192,66446,9544.6,289,"0 - 126,593","0 - 127K","8,753 - 17,506","9K - 18K","0 - 5,021","0 - 5K","221 - 442","221 - 442"
"Rural North","Lake",44,2023-10-29,2023-11-04,6625,209,66446,9970.5,314.5,"0 - 126,593","0 - 127K","8,753 - 17,506","9K - 18K","0 - 5,021","0 - 5K","221 - 442","221 - 442"
"Rural North","Lake",45,2023-11-05,2023-11-11,6822,236,66446,10267,355.2,"0 - 126,593","0 - 127K","8,753 - 17,506","9K - 18K","0 - 5,021","0 - 5K","221 - 442","221 - 442"
"Rural North","Lake",46,2023-11-12,2023-11-18,6892,249,66446,10372.3,374.7,"0 - 126,593","0 - 127K","8,753 - 17,506","9K - 18K","0 - 5,021","0 - 5K","221 - 442","221 - 442"
"Rural North","Lake",47,2023-11-19,2023-11-25,6899,258,66446,10382.9,388.3,"0 - 126,593","0 - 127K","8,753 - 17,506","9K - 18K","0 - 5,021","0 - 5K","221 - 442","221 - 442"
"Rural North","Lake",48,2023-11-26,2023-12-02,6912,260,66446,10402.4,391.3,"0 - 126,593","0 - 127K","8,753 - 17,506","9K - 18K","0 - 5,021","0 - 5K","221 - 442","221 - 442"
"Rural North","Lake",49,2023-12-03,2023-12-09,6912,262,66446,10402.4,394.3,"0 - 126,593","0 - 127K","8,753 - 17,506","9K - 18K","0 - 5,021","0 - 5K","221 - 442","221 - 442"
"Rural North","Lake",50,2023-12-10,2023-12-16,6923,262,66446,10419,394.3,"0 - 126,593","0 - 127K","8,753 - 17,506","9K - 18K","0 - 5,021","0 - 5K","221 - 442","221 - 442"
"Rural North","Lake",51,2023-12-17,2023-12-23,6923,262,66446,10419,394.3,"0 - 126,593","0 - 127K","8,753 - 17,506","9K - 18K","0 - 5,021","0 - 5K","221 - 442","221 - 442"
"Rural North","Lake",52,2023-12-24,2023-12-30,6923,263,66446,10419,395.8,"0 - 126,593","0 - 127K","8,753 - 17,506","9K - 18K","0 - 5,021","0 - 5K","221 - 442","221 - 442"
"Rural North","Lassen",22,2023-05-28,2023-06-03,9,0,28232,31.9,0,"0 - 126,593","0 - 127K","0 - 8,753","0 - 9K","0 - 5,021","0 - 5K","0 - 221","0 - 221"
"Rural North","Lassen",23,2023-06-04,2023-06-10,18,0,28232,63.8,0,"0 - 126,593","0 - 127K","0 - 8,753","0 - 9K","0 - 5,021","0 - 5K","0 - 221","0 - 221"
"Rural North","Lassen",24,2023-06-11,2023-06-17,24,0,28232,85,0,"0 - 126,593","0 - 127K","0 - 8,753","0 - 9K","0 - 5,021","0 - 5K","0 - 221","0 - 221"
"Rural North","Lassen",25,2023-06-18,2023-06-24,47,0,28232,166.5,0,"0 - 126,593","0 - 127K","0 - 8,753","0 - 9K","0 - 5,021","0 - 5K","0 - 221","0 - 221"
"Rural North","Lassen",26,2023-06-25,2023-07-01,79,0,28232,279.8,0,"0 - 126,593","0 - 127K","0 - 8,753","0 - 9K","0 - 5,021","0 - 5K","0 - 221","0 - 221"
"Rural North","Lassen",27,2023-07-02,2023-07-08,122,0,28232,432.1,0,"0 - 126,593","0 - 127K","0 - 8,753","0 - 9K","0 - 5,021","0 - 5K","0 - 221","0 - 221"
"Rural North","Lassen",28,2023-07-09,2023-07-15,185,1,28232,655.3,3.5,"0 - 126,593","0 - 127K","0 - 8,753","0 - 9K","0 - 5,021","0 - 5K","0 - 221","0 - 221"
"Rural North","Lassen",29,2023-07-16,2023-07-22,237,1,28232,839.5,3.5,"0 - 126,593","0 - 127K","0 - 8,753","0 - 9K","0 - 5,021","0 - 5K","0 - 221","0 - 221"
"Rural North","Lassen",30,2023-07-23,2023-07-29,286,2,28232,1013,7.1,"0 - 126,593","0 - 127K","0 - 8,753","0 - 9K","0 - 5,021","0 - 5K","0 - 221","0 - 221"
"Rural North","Lassen",31,2023-07-30,2023-08-05,378,3,28232,1338.9,10.6,"0 - 126,593","0 - 127K","0 - 8,753","0 - 9K","0 - 5,021","0 - 5K","0 - 221","0 - 221"
"Rural North","Lassen",32,2023-08-06,2023-08-12,456,5,28232,1615.2,17.7,"0 - 126,593","0 - 127K","0 - 8,753","0 - 9K","0 - 5,021","0 - 5K","0 - 221","0 - 221"
"Rural North","Lassen",33,2023-08-13,2023-08-19,556,7,28232,1969.4,24.8,"0 - 126,593","0 - 127K","0 - 8,753","0 - 9K","0 - 5,021","0 - 5K","0 - 221","0 - 221"
"Rural North","Lassen",34,2023-08-20,2023-08-26,713,9,28232,2525.5,31.9,"0 - 126,593","0 - 127K","0 - 8,753","0 - 9K","0 - 5,021","0 - 5K","0 - 221","0 - 221"
"Rural North","Lassen",35,2023-08-27,2023-09-02,969,11,28232,3432.3,39,"0 - 126,593","0 - 127K","0 - 8,753","0 - 9K","0 - 5,021","0 - 5K","0 - 221","0 - 221"
"Rural North","Lassen",36,2023-09-03,2023-09-09,1210,15,28232,4285.9,53.1,"0 - 126,593","0 - 127K","0 - 8,753","0 - 9K","0 - 5,021","0 - 5K","0 - 221","0 - 221"
"Rural North","Lassen",37,2023-09-10,2023-09-16,1417,27,28232,5019.1,95.6,"0 - 126,593","0 - 127K","0 - 8,753","0 - 9K","0 - 5,021","0 - 5K","0 - 221","0 - 221"
"Rural North","Lassen",38,2023-09-17,2023-09-23,1693,41,28232,5996.7,145.2,"0 - 126,593","0 - 127K","0 - 8,753","0 - 9K","0 - 5,021","0 - 5K","0 - 221","0 - 221"
"Rural North","Lassen",39,2023-09-24,2023-09-30,1936,52,28232,6857.5,184.2,"0 - 126,593","0 - 127K","0 - 8,753","0 - 9K","0 - 5,021","0 - 5K","0 - 221","0 - 221"
"Rural North","Lassen",40,2023-10-01,2023-10-07,2161,61,28232,7654.4,216.1,"0 - 126,593","0 - 127K","0 - 8,753","0 - 9K","0 - 5,021","0 - 5K","0 - 221","0 - 221"
"Rural North","Lassen",41,2023-10-08,2023-10-14,2361,69,28232,8362.9,244.4,"0 - 126,593","0 - 127K","0 - 8,753","0 - 9K","0 - 5,021","0 - 5K","221 - 442","221 - 442"
"Rural North","Lassen",42,2023-10-15,2023-10-21,2583,75,28232,9149.2,265.7,"0 - 126,593","0 - 127K","8,753 - 17,506","9K - 18K","0 - 5,021","0 - 5K","221 - 442","221 - 442"
"Rural North","Lassen",43,2023-10-22,2023-10-28,2733,83,28232,9680.5,294,"0 - 126,593","0 - 127K","8,753 - 17,506","9K - 18K","0 - 5,021","0 - 5K","221 - 442","221 - 442"
"Rural North","Lassen",44,2023-10-29,2023-11-04,2862,90,28232,10137.4,318.8,"0 - 126,593","0 - 127K","8,753 - 17,506","9K - 18K","0 - 5,021","0 - 5K","221 - 442","221 - 442"
"Rural North","Lassen",45,2023-11-05,2023-11-11,2938,95,28232,10406.6,336.5,"0 - 126,593","0 - 127K","8,753 - 17,506","9K - 18K","0 - 5,021","0 - 5K","221 - 442","221 - 442"
"Rural North","Lassen",46,2023-11-12,2023-11-18,2965,98,28232,10502.3,347.1,"0 - 126,593","0 - 127K","8,753 - 17,506","9K - 18K","0 - 5,021","0 - 5K","221 - 442","221 - 442"
"Rural North","Lassen",47,2023-11-19,2023-11-25,2967,99,28232,10509.4,350.7,"0 - 126,593","0 - 127K","8,753 - 17,506","9K - 18K","0 - 5,021","0 - 5K","221 - 442","221 - 442"
"Rural North","Lassen",48,2023-11-26,2023-12-02,2969,101,28232,10516.4,357.8,"0 - 126,593","0 - 127K","8,753 - 17,506","9K - 18K","0 - 5,021","0 - 5K","221 - 442","221 - 442"
"Rural North","Lassen",49,2023-12-03,2023-12-09,2969,101,28232,10516.4,357.8,"0 - 126,593","0 - 127K","8,753 - 17,506","9K - 18K","0 - 5,021","0 - 5K","221 - 442","221 - 442"
"Rural North","Lassen",50,2023-12-10,2023-12-16,2975,102,28232,10537.7,361.3,"0 - 126,593","0 - 127K","8,753 - 17,506","9K - 18K","0 - 5,021","0 - 5K","221 - 442","221 - 442"
"Rural North","Lassen",51,2023-12-17,2023-12-23,2975,102,28232,10537.7,361.3,"0 - 126,593","0 - 127K","8,753 - 17,506","9K - 18K","0 - 5,021","0 - 5K","221 - 442","221 - 442"
"Rural North","Lassen",52,2023-12-24,2023-12-30,2975,102,28232,10537.7,361.3,"0 - 126,593","0 - 127K","8,753 - 17,506","9K - 18K","0 - 5,021","0 - 5K","221 - 442","221 - 442"
"Rural North","Mendocino",22,2023-05-28,2023-06-03,20,0,89316,22.4,0,"0 - 126,593","0 - 127K","0 - 8,753","0 - 9K","0 - 5,021","0 - 5K","0 - 221","0 - 221"
"Rural North","Mendocino",23,2023-06-04,2023-06-10,51,0,89316,57.1,0,"0 - 126,593","0 - 127K","0 - 8,753","0 - 9K","0 - 5,021","0 - 5K","0 - 221","0 - 221"
"Rural North","Mendocino",24,2023-06-11,2023-06-17,72,0,89316,80.6,0,"0 - 126,593","0 - 127K","0 - 8,753","0 - 9K","0 - 5,021","0 - 5K","0 - 221","0 - 221"
"Rural North","Mendocino",25,2023-06-18,2023-06-24,132,3,89316,147.8,3.4,"0 - 126,593","0 - 127K","0 - 8,753","0 - 9K","0 - 5,021","0 - 5K","0 - 221","0 - 221"
"Rural North","Mendocino",26,2023-06-25,2023-07-01,237,3,89316,265.3,3.4,"0 - 126,593","0 - 127K","0 - 8,753","0 - 9K","0 - 5,021","0 - 5K","0 - 221","0 - 221"
"Rural North","Mendocino",27,2023-07-02,2023-07-08,385,6,89316,431.1,6.7,"0 - 126,593","0 - 127K","0 - 8,753","0 - 9K","0 - 5,021","0 - 5K","0 - 221","0 - 221"
"Rural North","Mendocino",28,2023-07-09,2023-07-15,562,7,89316,629.2,7.8,"0 - 126,593","0 - 127K","0 - 8,753","0 - 9K","0 - 5,021","0 - 5K","0 - 221","0 - 221"
"Rural North","Mendocino",29,2023-07-16,2023-07-22,704,12,89316,788.2,13.4,"0 - 126,593","0 - 127K","0 - 8,753","0 - 9K","0 - 5,021","0 - 5K","0 - 221","0 - 221"
"Rural North","Mendocino",30,2023-07-23,2023-07-29,875,24,89316,979.7,26.9,"0 - 126,593","0 - 127K","0 - 8,753","0 - 9K","0 - 5,021","0 - 5K","0 - 221","0 - 221"
"Rural North","Mendocino",31,2023-07-30,2023-08-05,1136,32,89316,1271.9,35.8,"0 - 126,593","0 - 127K","0 - 8,753","0 - 9K","0 - 5,021","0 - 5K","0 - 221","0 - 221"
"Rural North","Mendocino",32,2023-08-06,2023-08-12,1384,40,89316,1549.6,44.8,"0 - 126,593","0 - 127K","0 - 8,753","0 - 9K","0 - 5,021","0 - 5K","0 - 221","0 - 221"
"Rural North","Mendocino",33,2023-08-13,2023-08-19,1699,51,89316,1902.2,57.1,"0 - 126,593","0 - 127K","0 - 8,753","0 - 9K","0 - 5,021","0 - 5K","0 - 221","0 - 221"
"Rural North","Mendocino",34,2023-08-20,2023-08-26,2175,62,89316,2435.2,69.4,"0 - 126,593","0 - 127K","0 - 8,753","0 - 9K","0 - 5,021","0 - 5K","0 - 221","0 - 221"
"Rural North","Mendocino",35,2023-08-27,2023-09-02,2956,75,89316,3309.6,84,"0 - 126,593","0 - 127K","0 - 8,753","0 - 9K","0 - 5,021","0 - 5K","0 - 221","0 - 221"
"Rural North","Mendocino",36,2023-09-03,2023-09-09,3691,90,89316,4132.5,100.8,"0 - 126,593","0 - 127K","0 - 8,753","0 - 9K","0 - 5,021","0 - 5K","0 - 221","0 - 221"
"Rural North","Mendocino",37,2023-09-10,2023-09-16,4375,114,89316,4898.3,127.6,"0 - 126,593","0 - 127K","0 - 8,753","0 - 9K","0 - 5,021","0 - 5K","0 - 221","0 - 221"
"Rural North","Mendocino",38,2023-09-17,2023-09-23,5165,132,89316,5782.8,147.8,"0 - 126,593","0 - 127K","0 - 8,753","0 - 9K","0 - 5,021","0 - 5K","0 - 221","0 - 221"
"Rural North","Mendocino",39,2023-09-24,2023-09-30,5857,154,89316,6557.6,172.4,"0 - 126,593","0 - 127K","0 - 8,753","0 - 9K","0 - 5,021","0 - 5K","0 - 221","0 - 221"
"Rural North","Mendocino",40,2023-10-01,2023-10-07,6519,180,89316,7298.8,201.5,"0 - 126,593","0 - 127K","0 - 8,753","0 - 9K","0 - 5,021","0 - 5K","0 - 221","0 - 221"
"Rural North","Mendocino",41,2023-10-08,2023-10-14,7154,207,89316,8009.8,231.8,"0 - 126,593","0 - 127K","0 - 8,753","0 - 9K","0 - 5,021","0 - 5K","221 - 442","221 - 442"
"Rural North","Mendocino",42,2023-10-15,2023-10-21,7818,228,89316,8753.2,255.3,"0 - 126,593","0 - 127K","0 - 8,753","0 - 9K","0 - 5,021","0 - 5K","221 - 442","221 - 442"
"Rural North","Mendocino",43,2023-10-22,2023-10-28,8340,249,89316,9337.6,278.8,"0 - 126,593","0 - 127K","8,753 - 17,506","9K - 18K","0 - 5,021","0 - 5K","221 - 442","221 - 442"
"Rural North","Mendocino",44,2023-10-29,2023-11-04,8718,281,89316,9760.8,314.6,"0 - 126,593","0 - 127K","8,753 - 17,506","9K - 18K","0 - 5,021","0 - 5K","221 - 442","221 - 442"
"Rural North","Mendocino",45,2023-11-05,2023-11-11,8952,304,89316,10022.8,340.4,"0 - 126,593","0 - 127K","8,753 - 17,506","9K - 18K","0 - 5,021","0 - 5K","221 - 442","221 - 442"
"Rural North","Mendocino",46,2023-11-12,2023-11-18,9042,322,89316,10123.6,360.5,"0 - 126,593","0 - 127K","8,753 - 17,506","9K - 18K","0 - 5,021","0 - 5K","221 - 442","221 - 442"
"Rural North","Mendocino",47,2023-11-19,2023-11-25,9052,333,89316,10134.8,372.8,"0 - 126,593","0 - 127K","8,753 - 17,506","9K - 18K","0 - 5,021","0 - 5K","221 - 442","221 - 442"
"Rural North","Mendocino",48,2023-11-26,2023-12-02,9069,338,89316,10153.8,378.4,"0 - 126,593","0 - 127K","8,753 - 17,506","9K - 18K","0 - 5,021","0 - 5K","221 - 442","221 - 442"
"Rural North","Mendocino",49,2023-12-03,2023-12-09,9069,338,89316,10153.8,378.4,"0 - 126,593","0 - 127K","8,753 - 17,506","9K - 18K","0 - 5,021","0 - 5K","221 - 442","221 - 442"
"Rural North","Mendocino",50,2023-12-10,2023-12-16,9088,338,89316,10175.1,378.4,"0 - 126,593","0 - 127K","8,753 - 17,506","9K - 18K","0 - 5,021","0 - 5K","221 - 442","221 - 442"
"Rural North","Mendocino",51,2023-12-17,2023-12-23,9088,338,89316,10175.1,378.4,"0 - 126,593","0 - 127K","8,753 - 17,506","9K - 18K","0 - 5,021","0 - 5K","221 - 442","221 - 442"
"Rural North","Mendocino",52,2023-12-24,2023-12-30,9088,339,89316,10175.1,379.6,"0 - 126,593","0 - 127K","8,753 - 17,506","9K - 18K","0 - 5,021","0 - 5K","221 - 442","221 - 442"
"Rural North","Modoc",22,2023-05-28,2023-06-03,4,0,8446,47.4,0,"0 - 126,593","0 - 127K","0 - 8,753","0 - 9K","0 - 5,021","0 - 5K","0 - 221","0 - 221"
"Rural North","Modoc",23,2023-06-04,2023-06-10,7,0,8446,82.9,0,"0 - 126,593","0 - 127K","0 - 8,753","0 - 9K","0 - 5,021","0 - 5K","0 - 221","0 - 221"
"Rural North","Modoc",24,2023-06-11,2023-06-17,10,0,8446,118.4,0,"0 - 126,593","0 - 127K","0 - 8,753","0 - 9K","0 - 5,021","0 - 5K","0 - 221","0 - 221"
"Rural North","Modoc",25,2023-06-18,2023-06-24,22,0,8446,260.5,0,"0 - 126,593","0 - 127K","0 - 8,753","0 - 9K","0 - 5,021","0 - 5K","0 - 221","0 - 221"
"Rural North","Modoc",26,2023-06-25,2023-07-01,37,1,8446,438.1,11.8,"0 - 126,593","0 - 127K","0 - 8,753","0 - 9K","0 - 5,021","0 - 5K","0 - 221","0 - 221"
"Rural North","Modoc",27,2023-07-02,2023-07-08,52,1,8446,615.7,11.8,"0 - 126,593","0 - 127K","0 - 8,753","0 - 9K","0 - 5,021","0 - 5K","0 - 221","0 - 221"
"Rural North","Modoc",28,2023-07-09,2023-07-15,66,1,8446,781.4,11.8,"0 - 126,593","0 - 127K","0 - 8,753","0 - 9K","0 - 5,021","0 - 5K","0 - 221","0 - 221"
"Rural North","Modoc",29,2023-07-16,2023-07-22,81,1,8446,959,11.8,"0 - 126,593","0 - 127K","0 - 8,753","0 - 9K","0 - 5,021","0 - 5K","0 - 221","0 - 221"
"Rural North","Modoc",30,2023-07-23,2023-07-29,103,1,8446,1219.5,11.8,"0 - 126,593","0 - 127K","0 - 8,753","0 - 9K","0 - 5,021","0 - 5K","0 - 221","0 - 221"
"Rural North","Modoc",31,2023-07-30,2023-08-05,128,1,8446,1515.5,11.8,"0 - 126,593","0 - 127K","0 - 8,753","0 - 9K","0 - 5,021","0 - 5K","0 - 221","0 - 221"
"Rural North","Modoc",32,2023-08-06,2023-08-12,154,2,8446,1823.3,23.7,"0 - 126,593","0 - 127K","0 - 8,753","0 - 9K","0 - 5,021","0 - 5K","0 - 221","0 - 221"
"Rural North","Modoc",33,2023-08-13,2023-08-19,184,3,8446,2178.5,35.5,"0 - 126,593","0 - 127K","0 - 8,753","0 - 9K","0 - 5,021","0 - 5K","0 - 221","0 - 221"
"Rural North","Modoc",34,2023-08-20,2023-08-26,235,5,8446,2782.4,59.2,"0 - 126,593","0 - 127K","0 - 8,753","0 - 9K","0 - 5,021","0 - 5K","0 - 221","0 - 221"
"Rural North","Modoc",35,2023-08-27,2023-09-02,321,7,8446,3800.6,82.9,"0 - 126,593","0 - 127K","0 - 8,753","0 - 9K","0 - 5,021","0 - 5K","0 - 221","0 - 221"
"Rural North","Modoc",36,2023-09-03,2023-09-09,405,8,8446,4795.2,94.7,"0 - 126,593","0 - 127K","0 - 8,753","0 - 9K","0 - 5,021","0 - 5K","0 - 221","0 - 221"
"Rural North","Modoc",37,2023-09-10,2023-09-16,465,11,8446,5505.6,130.2,"0 - 126,593","0 - 127K","0 - 8,753","0 - 9K","0 - 5,021","0 - 5K","0 - 221","0 - 221"
"Rural North","Modoc",38,2023-09-17,2023-09-23,552,16,8446,6535.6,189.4,"0 - 126,593","0 - 127K","0 - 8,753","0 - 9K","0 - 5,021","0 - 5K","0 - 221","0 - 221"
"Rural North","Modoc",39,2023-09-24,2023-09-30,633,17,8446,7494.7,201.3,"0 - 126,593","0 - 127K","0 - 8,753","0 - 9K","0 - 5,021","0 - 5K","0 - 221","0 - 221"
"Rural North","Modoc",40,2023-10-01,2023-10-07,709,23,8446,8394.5,272.3,"0 - 126,593","0 - 127K","0 - 8,753","0 - 9K","0 - 5,021","0 - 5K","221 - 442","221 - 442"
"Rural North","Modoc",41,2023-10-08,2023-10-14,777,23,8446,9199.6,272.3,"0 - 126,593","0 - 127K","8,753 - 17,506","9K - 18K","0 - 5,021","0 - 5K","221 - 442","221 - 442"
"Rural North","Modoc",42,2023-10-15,2023-10-21,866,28,8446,10253.4,331.5,"0 - 126,593","0 - 127K","8,753 - 17,506","9K - 18K","0 - 5,021","0 - 5K","221 - 442","221 - 442"
"Rural North","Modoc",43,2023-10-22,2023-10-28,930,30,8446,11011.1,355.2,"0 - 126,593","0 - 127K","8,753 - 17,506","9K - 18K","0 - 5,021","0 - 5K","221 - 442","221 - 442"
"Rural North","Modoc",44,2023-10-29,2023-11-04,975,32,8446,11543.9,378.9,"0 - 126,593","0 - 127K","8,753 - 17,506","9K - 18K","0 - 5,021","0 - 5K","221 - 442","221 - 442"
"Rural North","Modoc",45,2023-11-05,2023-11-11,996,35,8446,11792.6,414.4,"0 - 126,593","0 - 127K","8,753 - 17,506","9K - 18K","0 - 5,021","0 - 5K","221 - 442","221 - 442"
"Rural North","Modoc",46,2023-11-12,2023-11-18,1004,35,8446,11887.3,414.4,"0 - 126,593","0 - 127K","8,753 - 17,506","9K - 18K","0 - 5,021","0 - 5K","221 - 442","221 - 442"
"Rural North","Modoc",47,2023-11-19,2023-11-25,1008,36,8446,11934.6,426.2,"0 - 126,593","0 - 127K","8,753 - 17,506","9K - 18K","0 - 5,021","0 - 5K","221 - 442","221 - 442"
"Rural North","Modoc",48,2023-11-26,2023-12-02,1009,36,8446,11946.5,426.2,"0 - 126,593","0 - 127K","8,753 - 17,506","9K - 18K","0 - 5,021","0 - 5K","221 - 442","221 - 442"
"Rural North","Modoc",49,2023-12-03,2023-12-09,1009,36,8446,11946.5,426.2,"0 - 126,593","0 - 127K","8,753 - 17,506","9K - 18K","0 - 5,021","0 - 5K","221 - 442","221 - 442"
"Rural North","Modoc",50,2023-12-10,2023-12-16,1011,36,8446,11970.2,426.2,"0 - 126,593","0 - 127K","8,753 - 17,506","9K - 18K","0 - 5,021","0 - 5K","221 - 442","221 - 442"
"Rural North","Modoc",51,2023-12-17,2023-12-23,1011,36,8446,11970.2,426.2,"0 - 126,593","0 - 127K","8,753 - 17,506","9K - 18K","0 - 5,021","0 - 5K","221 - 442","221 - 442"
"Rural North","Modoc",52,2023-12-24,2023-12-30,1011,36,8446,11970.2,426.2,"0 - 126,593","0 - 127K","8,753 - 17,506","9K - 18K","0 - 5,021","0 - 5K","221 - 442","221 - 442"
"Rural North","Shasta",22,2023-05-28,2023-06-03,32,0,178958,17.9,0,"0 - 126,593","0 - 127K","0 - 8,753","0 - 9K","0 - 5,021","0 - 5K","0 - 221","0 - 221"
"Rural North","Shasta",23,2023-06-04,2023-06-10,89,0,178958,49.7,0,"0 - 126,593","0 - 127K","0 - 8,753","0 - 9K","0 - 5,021","0 - 5K","0 - 221","0 - 221"
"Rural North","Shasta",24,2023-06-11,2023-06-17,131,1,178958,73.2,0.6,"0 - 126,593","0 - 127K","0 - 8,753","0 - 9K","0 - 5,021","0 - 5K","0 - 221","0 - 221"
"Rural North","Shasta",25,2023-06-18,2023-06-24,262,1,178958,146.4,0.6,"0 - 126,593","0 - 127K","0 - 8,753","0 - 9K","0 - 5,021","0 - 5K","0 - 221","0 - 221"
"Rural North","Shasta",26,2023-06-25,2023-07-01,469,4,178958,262.1,2.2,"0 - 126,593","0 - 127K","0 - 8,753","0 - 9K","0 - 5,021","0 - 5K","0 - 221","0 - 221"
"Rural North","Shasta",27,2023-07-02,2023-07-08,714,10,178958,399,5.6,"0 - 126,593","0 - 127K","0 - 8,753","0 - 9K","0 - 5,021","0 - 5K","0 - 221","0 - 221"
"Rural North","Shasta",28,2023-07-09,2023-07-15,1034,15,178958,577.8,8.4,"0 - 126,593","0 - 127K","0 - 8,753","0 - 9K","0 - 5,021","0 - 5K","0 - 221","0 - 221"
"Rural North","Shasta",29,2023-07-16,2023-07-22,1254,26,178958,700.7,14.5,"0 - 126,593","0 - 127K","0 - 8,753","0 - 9K","0 - 5,021","0 - 5K","0 - 221","0 - 221"
"Rural North","Shasta",30,2023-07-23,2023-07-29,1527,32,178958,853.3,17.9,"0 - 126,593","0 - 127K","0 - 8,753","0 - 9K","0 - 5,021","0 - 5K","0 - 221","0 - 221"
"Rural North","Shasta",31,2023-07-30,2023-08-05,1967,41,178958,1099.1,22.9,"0 - 126,593","0 - 127K","0 - 8,753","0 - 9K","0 - 5,021","0 - 5K","0 - 221","0 - 221"
"Rural North","Shasta",32,2023-08-06,2023-08-12,2450,47,178958,1369,26.3,"0 - 126,593","0 - 127K","0 - 8,753","0 - 9K","0 - 5,021","0 - 5K","0 - 221","0 - 221"
"Rural North","Shasta",33,2023-08-13,2023-08-19,3002,66,178958,1677.5,36.9,"0 - 126,593","0 - 127K","0 - 8,753","0 - 9K","0 - 5,021","0 - 5K","0 - 221","0 - 221"
"Rural North","Shasta",34,2023-08-20,2023-08-26,3871,90,178958,2163.1,50.3,"0 - 126,593","0 - 127K","0 - 8,753","0 - 9K","0 - 5,021","0 - 5K","0 - 221","0 - 221"
"Rural North","Shasta",35,2023-08-27,2023-09-02,5230,109,178958,2922.5,60.9,"0 - 126,593","0 - 127K","0 - 8,753","0 - 9K","0 - 5,021","0 - 5K","0 - 221","0 - 221"
"Rural North","Shasta",36,2023-09-03,2023-09-09,6550,135,178958,3660.1,75.4,"0 - 126,593","0 - 127K","0 - 8,753","0 - 9K","0 - 5,021","0 - 5K","0 - 221","0 - 221"
"Rural North","Shasta",37,2023-09-10,2023-09-16,7824,176,178958,4372,98.3,"0 - 126,593","0 - 127K","0 - 8,753","0 - 9K","0 - 5,021","0 - 5K","0 - 221","0 - 221"
"Rural North","Shasta",38,2023-09-17,2023-09-23,9211,218,178958,5147,121.8,"0 - 126,593","0 - 127K","0 - 8,753","0 - 9K","0 - 5,021","0 - 5K","0 - 221","0 - 221"
"Rural North","Shasta",39,2023-09-24,2023-09-30,10395,270,178958,5808.6,150.9,"0 - 126,593","0 - 127K","0 - 8,753","0 - 9K","0 - 5,021","0 - 5K","0 - 221","0 - 221"
"Rural North","Shasta",40,2023-10-01,2023-10-07,11570,317,178958,6465.2,177.1,"0 - 126,593","0 - 127K","0 - 8,753","0 - 9K","0 - 5,021","0 - 5K","0 - 221","0 - 221"
"Rural North","Shasta",41,2023-10-08,2023-10-14,12718,366,178958,7106.7,204.5,"0 - 126,593","0 - 127K","0 - 8,753","0 - 9K","0 - 5,021","0 - 5K","0 - 221","0 - 221"
"Rural North","Shasta",42,2023-10-15,2023-10-21,13930,409,178958,7783.9,228.5,"0 - 126,593","0 - 127K","0 - 8,753","0 - 9K","0 - 5,021","0 - 5K","221 - 442","221 - 442"
"Rural North","Shasta",43,2023-10-22,2023-10-28,14870,452,178958,8309.2,252.6,"0 - 126,593","0 - 127K","0 - 8,753","0 - 9K","0 - 5,021","0 - 5K","221 - 442","221 - 442"
"Rural North","Shasta",44,2023-10-29,2023-11-04,15551,489,178958,8689.7,273.2,"0 - 126,593","0 - 127K","0 - 8,753","0 - 9K","0 - 5,021","0 - 5K","221 - 442","221 - 442"
"Rural North","Shasta",45,2023-11-05,2023-11-11,15996,524,178958,8938.4,292.8,"0 - 126,593","0 - 127K","8,753 - 17,506","9K - 18K","0 - 5,021","0 - 5K","221 - 442","221 - 442"
"Rural North","Shasta",46,2023-11-12,2023-11-18,16138,547,178958,9017.8,305.7,"0 - 126,593","0 - 127K","8,753 - 17,506","9K - 18K","0 - 5,021","0 - 5K","221 - 442","221 - 442"
"Rural North","Shasta",47,2023-11-19,2023-11-25,16161,574,178958,9030.6,320.7,"0 - 126,593","0 - 127K","8,753 - 17,506","9K - 18K","0 - 5,021","0 - 5K","221 - 442","221 - 442"
"Rural North","Shasta",48,2023-11-26,2023-12-02,16190,580,178958,9046.8,324.1,"0 - 126,593","0 - 127K","8,753 - 17,506","9K - 18K","0 - 5,021","0 - 5K","221 - 442","221 - 442"
"Rural North","Shasta",49,2023-12-03,2023-12-09,16190,583,178958,9046.8,325.8,"0 - 126,593","0 - 127K","8,753 - 17,506","9K - 18K","0 - 5,021","0 - 5K","221 - 442","221 - 442"
"Rural North","Shasta",50,2023-12-10,2023-12-16,16214,585,178958,9060.2,326.9,"0 - 126,593","0 - 127K","8,753 - 17,506","9K - 18K","0 - 5,021","0 - 5K","221 - 442","221 - 442"
"Rural North","Shasta",51,2023-12-17,2023-12-23,16214,585,178958,9060.2,326.9,"0 - 126,593","0 - 127K","8,753 - 17,506","9K - 18K","0 - 5,021","0 - 5K","221 - 442","221 - 442"
"Rural North","Shasta",52,2023-12-24,2023-12-30,16214,586,178958,9060.2,327.5,"0 - 126,593","0 - 127K","8,753 - 17,506","9K - 18K","0 - 5,021","0 - 5K","221 - 442","221 - 442"
"Rural North","Siskiyou",22,2023-05-28,2023-06-03,19,0,42961,44.2,0,"0 - 126,593","0 - 127K","0 - 8,753","0 - 9K","0 - 5,021","0 - 5K","0 - 221","0 - 221"
"Rural North","Siskiyou",23,2023-06-04,2023-06-10,32,0,42961,74.5,0,"0 - 126,593","0 - 127K","0 - 8,753","0 - 9K","0 - 5,021","0 - 5K","0 - 221","0 - 221"
"Rural North","Siskiyou",24,2023-06-11,2023-06-17,41,0,42961,95.4,0,"0 - 126,593","0 - 127K","0 - 8,753","0 - 9K","0 - 5,021","0 - 5K","0 - 221","0 - 221"
"Rural North","Siskiyou",25,2023-06-18,2023-06-24,76,0,42961,176.9,0,"0 - 126,593","0 - 127K","0 - 8,753","0 - 9K","0 - 5,021","0 - 5K","0 - 221","0 - 221"
"Rural North","Siskiyou",26,2023-06-25,2023-07-01,131,0,42961,304.9,0,"0 - 126,593","0 - 127K","0 - 8,753","0 - 9K","0 - 5,021","0 - 5K","0 - 221","0 - 221"
"Rural North","Siskiyou",27,2023-07-02,2023-07-08,219,1,42961,509.8,2.3,"0 - 126,593","0 - 127K","0 - 8,753","0 - 9K","0 - 5,021","0 - 5K","0 - 221","0 - 221"
"Rural North","Siskiyou",28,2023-07-09,2023-07-15,306,3,42961,712.3,7,"0 - 126,593","0 - 127K","0 - 8,753","0 - 9K","0 - 5,021","0 - 5K","0 - 221","0 - 221"
"Rural North","Siskiyou",29,2023-07-16,2023-07-22,379,7,42961,882.2,16.3,"0 - 126,593","0 - 127K","0 - 8,753","0 - 9K","0 - 5,021","0 - 5K","0 - 221","0 - 221"
"Rural North","Siskiyou",30,2023-07-23,2023-07-29,455,13,42961,1059.1,30.3,"0 - 126,593","0 - 127K","0 - 8,753","0 - 9K","0 - 5,021","0 - 5K","0 - 221","0 - 221"
"Rural North","Siskiyou",31,2023-07-30,2023-08-05,584,15,42961,1359.4,34.9,"0 - 126,593","0 - 127K","0 - 8,753","0 - 9K","0 - 5,021","0 - 5K","0 - 221","0 - 221"
"Rural North","Siskiyou",32,2023-08-06,2023-08-12,720,16,42961,1675.9,37.2,"0 - 126,593","0 - 127K","0 - 8,753","0 - 9K","0 - 5,021","0 - 5K","0 - 221","0 - 221"
"Rural North","Siskiyou",33,2023-08-13,2023-08-19,876,20,42961,2039.1,46.6,"0 - 126,593","0 - 127K","0 - 8,753","0 - 9K","0 - 5,021","0 - 5K","0 - 221","0 - 221"
"Rural North","Siskiyou",34,2023-08-20,2023-08-26,1126,25,42961,2621,58.2,"0 - 126,593","0 - 127K","0 - 8,753","0 - 9K","0 - 5,021","0 - 5K","0 - 221","0 - 221"
"Rural North","Siskiyou",35,2023-08-27,2023-09-02,1528,28,42961,3556.7,65.2,"0 - 126,593","0 - 127K","0 - 8,753","0 - 9K","0 - 5,021","0 - 5K","0 - 221","0 - 221"
"Rural North","Siskiyou",36,2023-09-03,2023-09-09,1898,40,42961,4418,93.1,"0 - 126,593","0 - 127K","0 - 8,753","0 - 9K","0 - 5,021","0 - 5K","0 - 221","0 - 221"
"Rural North","Siskiyou",37,2023-09-10,2023-09-16,2235,56,42961,5202.4,130.4,"0 - 126,593","0 - 127K","0 - 8,753","0 - 9K","0 - 5,021","0 - 5K","0 - 221","0 - 221"
"Rural North","Siskiyou",38,2023-09-17,2023-09-23,2671,72,42961,6217.3,167.6,"0 - 126,593","0 - 127K","0 - 8,753","0 - 9K","0 - 5,021","0 - 5K","0 - 221","0 - 221"
"Rural North","Siskiyou",39,2023-09-24,2023-09-30,3013,85,42961,7013.3,197.9,"0 - 126,593","0 - 127K","0 - 8,753","0 - 9K","0 - 5,021","0 - 5K","0 - 221","0 - 221"
"Rural North","Siskiyou",40,2023-10-01,2023-10-07,3369,106,42961,7842,246.7,"0 - 126,593","0 - 127K","0 - 8,753","0 - 9K","0 - 5,021","0 - 5K","221 - 442","221 - 442"
"Rural North","Siskiyou",41,2023-10-08,2023-10-14,3704,121,42961,8621.8,281.7,"0 - 126,593","0 - 127K","0 - 8,753","0 - 9K","0 - 5,021","0 - 5K","221 - 442","221 - 442"
"Rural North","Siskiyou",42,2023-10-15,2023-10-21,4068,133,42961,9469.1,309.6,"0 - 126,593","0 - 127K","8,753 - 17,506","9K - 18K","0 - 5,021","0 - 5K","221 - 442","221 - 442"
"Rural North","Siskiyou",43,2023-10-22,2023-10-28,4334,148,42961,10088.2,344.5,"0 - 126,593","0 - 127K","8,753 - 17,506","9K - 18K","0 - 5,021","0 - 5K","221 - 442","221 - 442"
"Rural North","Siskiyou",44,2023-10-29,2023-11-04,4534,166,42961,10553.8,386.4,"0 - 126,593","0 - 127K","8,753 - 17,506","9K - 18K","0 - 5,021","0 - 5K","221 - 442","221 - 442"
"Rural North","Siskiyou",45,2023-11-05,2023-11-11,4664,175,42961,10856.4,407.3,"0 - 126,593","0 - 127K","8,753 - 17,506","9K - 18K","0 - 5,021","0 - 5K","221 - 442","221 - 442"
"Rural North","Siskiyou",46,2023-11-12,2023-11-18,4716,178,42961,10977.4,414.3,"0 - 126,593","0 - 127K","8,753 - 17,506","9K - 18K","0 - 5,021","0 - 5K","221 - 442","221 - 442"
"Rural North","Siskiyou",47,2023-11-19,2023-11-25,4720,183,42961,10986.7,426,"0 - 126,593","0 - 127K","8,753 - 17,506","9K - 18K","0 - 5,021","0 - 5K","221 - 442","221 - 442"
"Rural North","Siskiyou",48,2023-11-26,2023-12-02,4730,187,42961,11010,435.3,"0 - 126,593","0 - 127K","8,753 - 17,506","9K - 18K","0 - 5,021","0 - 5K","221 - 442","221 - 442"
"Rural North","Siskiyou",49,2023-12-03,2023-12-09,4730,189,42961,11010,439.9,"0 - 126,593","0 - 127K","8,753 - 17,506","9K - 18K","0 - 5,021","0 - 5K","221 - 442","221 - 442"
"Rural North","Siskiyou",50,2023-12-10,2023-12-16,4742,189,42961,11037.9,439.9,"0 - 126,593","0 - 127K","8,753 - 17,506","9K - 18K","0 - 5,021","0 - 5K","221 - 442","221 - 442"
"Rural North","Siskiyou",51,2023-12-17,2023-12-23,4742,189,42961,11037.9,439.9,"0 - 126,593","0 - 127K","8,753 - 17,506","9K - 18K","0 - 5,021","0 - 5K","221 - 442","221 - 442"
"Rural North","Siskiyou",52,2023-12-24,2023-12-30,4742,189,42961,11037.9,439.9,"0 - 126,593","0 - 127K","8,753 - 17,506","9K - 18K","0 - 5,021","0 - 5K","221 - 442","221 - 442"
"Rural North","Tehama",22,2023-05-28,2023-06-03,30,0,64677,46.4,0,"0 - 126,593","0 - 127K","0 - 8,753","0 - 9K","0 - 5,021","0 - 5K","0 - 221","0 - 221"
"Rural North","Tehama",23,2023-06-04,2023-06-10,79,0,64677,122.1,0,"0 - 126,593","0 - 127K","0 - 8,753","0 - 9K","0 - 5,021","0 - 5K","0 - 221","0 - 221"
"Rural North","Tehama",24,2023-06-11,2023-06-17,110,0,64677,170.1,0,"0 - 126,593","0 - 127K","0 - 8,753","0 - 9K","0 - 5,021","0 - 5K","0 - 221","0 - 221"
"Rural North","Tehama",25,2023-06-18,2023-06-24,202,2,64677,312.3,3.1,"0 - 126,593","0 - 127K","0 - 8,753","0 - 9K","0 - 5,021","0 - 5K","0 - 221","0 - 221"
"Rural North","Tehama",26,2023-06-25,2023-07-01,392,4,64677,606.1,6.2,"0 - 126,593","0 - 127K","0 - 8,753","0 - 9K","0 - 5,021","0 - 5K","0 - 221","0 - 221"
"Rural North","Tehama",27,2023-07-02,2023-07-08,581,8,64677,898.3,12.4,"0 - 126,593","0 - 127K","0 - 8,753","0 - 9K","0 - 5,021","0 - 5K","0 - 221","0 - 221"
"Rural North","Tehama",28,2023-07-09,2023-07-15,822,14,64677,1270.9,21.6,"0 - 126,593","0 - 127K","0 - 8,753","0 - 9K","0 - 5,021","0 - 5K","0 - 221","0 - 221"
"Rural North","Tehama",29,2023-07-16,2023-07-22,1030,18,64677,1592.5,27.8,"0 - 126,593","0 - 127K","0 - 8,753","0 - 9K","0 - 5,021","0 - 5K","0 - 221","0 - 221"
"Rural North","Tehama",30,2023-07-23,2023-07-29,1246,31,64677,1926.5,47.9,"0 - 126,593","0 - 127K","0 - 8,753","0 - 9K","0 - 5,021","0 - 5K","0 - 221","0 - 221"
"Rural North","Tehama",31,2023-07-30,2023-08-05,1621,43,64677,2506.3,66.5,"0 - 126,593","0 - 127K","0 - 8,753","0 - 9K","0 - 5,021","0 - 5K","0 - 221","0 - 221"
"Rural North","Tehama",32,2023-08-06,2023-08-12,2003,49,64677,3096.9,75.8,"0 - 126,593","0 - 127K","0 - 8,753","0 - 9K","0 - 5,021","0 - 5K","0 - 221","0 - 221"
"Rural North","Tehama",33,2023-08-13,2023-08-19,2457,59,64677,3798.9,91.2,"0 - 126,593","0 - 127K","0 - 8,753","0 - 9K","0 - 5,021","0 - 5K","0 - 221","0 - 221"
"Rural North","Tehama",34,2023-08-20,2023-08-26,3186,73,64677,4926,112.9,"0 - 126,593","0 - 127K","0 - 8,753","0 - 9K","0 - 5,021","0 - 5K","0 - 221","0 - 221"
"Rural North","Tehama",35,2023-08-27,2023-09-02,4292,82,64677,6636.1,126.8,"0 - 126,593","0 - 127K","0 - 8,753","0 - 9K","0 - 5,021","0 - 5K","0 - 221","0 - 221"
"Rural North","Tehama",36,2023-09-03,2023-09-09,5366,99,64677,8296.6,153.1,"0 - 126,593","0 - 127K","0 - 8,753","0 - 9K","0 - 5,021","0 - 5K","0 - 221","0 - 221"
"Rural North","Tehama",37,2023-09-10,2023-09-16,6342,122,64677,9805.6,188.6,"0 - 126,593","0 - 127K","8,753 - 17,506","9K - 18K","0 - 5,021","0 - 5K","0 - 221","0 - 221"
"Rural North","Tehama",38,2023-09-17,2023-09-23,7402,158,64677,11444.6,244.3,"0 - 126,593","0 - 127K","8,753 - 17,506","9K - 18K","0 - 5,021","0 - 5K","221 - 442","221 - 442"
"Rural North","Tehama",39,2023-09-24,2023-09-30,8317,194,64677,12859.3,300,"0 - 126,593","0 - 127K","8,753 - 17,506","9K - 18K","0 - 5,021","0 - 5K","221 - 442","221 - 442"
"Rural North","Tehama",40,2023-10-01,2023-10-07,9166,230,64677,14172,355.6,"0 - 126,593","0 - 127K","8,753 - 17,506","9K - 18K","0 - 5,021","0 - 5K","221 - 442","221 - 442"
"Rural North","Tehama",41,2023-10-08,2023-10-14,10056,258,64677,15548,398.9,"0 - 126,593","0 - 127K","8,753 - 17,506","9K - 18K","0 - 5,021","0 - 5K","221 - 442","221 - 442"
"Rural North","Tehama",42,2023-10-15,2023-10-21,10941,287,64677,16916.4,443.7,"0 - 126,593","0 - 127K","8,753 - 17,506","9K - 18K","0 - 5,021","0 - 5K","442 - 663","442 - 663"
"Rural North","Tehama",43,2023-10-22,2023-10-28,11648,310,64677,18009.5,479.3,"0 - 126,593","0 - 127K","17,506 - 26,260","18K - 26K","0 - 5,021","0 - 5K","442 - 663","442 - 663"
"Rural North","Tehama",44,2023-10-29,2023-11-04,12095,341,64677,18700.6,527.2,"0 - 126,593","0 - 127K","17,506 - 26,260","18K - 26K","0 - 5,021","0 - 5K","442 - 663","442 - 663"
"Rural North","Tehama",45,2023-11-05,2023-11-11,12448,368,64677,19246.4,569,"0 - 126,593","0 - 127K","17,506 - 26,260","18K - 26K","0 - 5,021","0 - 5K","442 - 663","442 - 663"
"Rural North","Tehama",46,2023-11-12,2023-11-18,12581,385,64677,19452,595.3,"0 - 126,593","0 - 127K","17,506 - 26,260","18K - 26K","0 - 5,021","0 - 5K","442 - 663","442 - 663"
"Rural North","Tehama",47,2023-11-19,2023-11-25,12597,397,64677,19476.8,613.8,"0 - 126,593","0 - 127K","17,506 - 26,260","18K - 26K","0 - 5,021","0 - 5K","442 - 663","442 - 663"
"Rural North","Tehama",48,2023-11-26,2023-12-02,12625,404,64677,19520.1,624.6,"0 - 126,593","0 - 127K","17,506 - 26,260","18K - 26K","0 - 5,021","0 - 5K","442 - 663","442 - 663"
"Rural North","Tehama",49,2023-12-03,2023-12-09,12625,406,64677,19520.1,627.7,"0 - 126,593","0 - 127K","17,506 - 26,260","18K - 26K","0 - 5,021","0 - 5K","442 - 663","442 - 663"
"Rural North","Tehama",50,2023-12-10,2023-12-16,12645,406,64677,19551,627.7,"0 - 126,593","0 - 127K","17,506 - 26,260","18K - 26K","0 - 5,021","0 - 5K","442 - 663","442 - 663"
"Rural North","Tehama",51,2023-12-17,2023-12-23,12645,406,64677,19551,627.7,"0 - 126,593","0 - 127K","17,506 - 26,260","18K - 26K","0 - 5,021","0 - 5K","442 - 663","442 - 663"
"Rural North","Tehama",52,2023-12-24,2023-12-30,12645,407,64677,19551,629.3,"0 - 126,593","0 - 127K","17,506 - 26,260","18K - 26K","0 - 5,021","0 - 5K","442 - 663","442 - 663"
"Rural North","Trinity",22,2023-05-28,2023-06-03,2,0,15870,12.6,0,"0 - 126,593","0 - 127K","0 - 8,753","0 - 9K","0 - 5,021","0 - 5K","0 - 221","0 - 221"
"Rural North","Trinity",23,2023-06-04,2023-06-10,6,0,15870,37.8,0,"0 - 126,593","0 - 127K","0 - 8,753","0 - 9K","0 - 5,021","0 - 5K","0 - 221","0 - 221"
"Rural North","Trinity",24,2023-06-11,2023-06-17,8,0,15870,50.4,0,"0 - 126,593","0 - 127K","0 - 8,753","0 - 9K","0 - 5,021","0 - 5K","0 - 221","0 - 221"
"Rural North","Trinity",25,2023-06-18,2023-06-24,16,0,15870,100.8,0,"0 - 126,593","0 - 127K","0 - 8,753","0 - 9K","0 - 5,021","0 - 5K","0 - 221","0 - 221"
"Rural North","Trinity",26,2023-06-25,2023-07-01,30,1,15870,189,6.3,"0 - 126,593","0 - 127K","0 - 8,753","0 - 9K","0 - 5,021","0 - 5K","0 - 221","0 - 221"
"Rural North","Trinity",27,2023-07-02,2023-07-08,47,2,15870,296.2,12.6,"0 - 126,593","0 - 127K","0 - 8,753","0 - 9K","0 - 5,021","0 - 5K","0 - 221","0 - 221"
"Rural North","Trinity",28,2023-07-09,2023-07-15,71,2,15870,447.4,12.6,"0 - 126,593","0 - 127K","0 - 8,753","0 - 9K","0 - 5,021","0 - 5K","0 - 221","0 - 221"
"Rural North","Trinity",29,2023-07-16,2023-07-22,97,3,15870,611.2,18.9,"0 - 126,593","0 - 127K","0 - 8,753","0 - 9K","0 - 5,021","0 - 5K","0 - 221","0 - 221"
"Rural North","Trinity",30,2023-07-23,2023-07-29,105,4,15870,661.6,25.2,"0 - 126,593","0 - 127K","0 - 8,753","0 - 9K","0 - 5,021","0 - 5K","0 - 221","0 - 221"
"Rural North","Trinity",31,2023-07-30,2023-08-05,137,4,15870,863.3,25.2,"0 - 126,593","0 - 127K","0 - 8,753","0 - 9K","0 - 5,021","0 - 5K","0 - 221","0 - 221"
"Rural North","Trinity",32,2023-08-06,2023-08-12,159,4,15870,1001.9,25.2,"0 - 126,593","0 - 127K","0 - 8,753","0 - 9K","0 - 5,021","0 - 5K","0 - 221","0 - 221"
"Rural North","Trinity",33,2023-08-13,2023-08-19,202,5,15870,1272.8,31.5,"0 - 126,593","0 - 127K","0 - 8,753","0 - 9K","0 - 5,021","0 - 5K","0 - 221","0 - 221"
"Rural North","Trinity",34,2023-08-20,2023-08-26,277,6,15870,1745.4,37.8,"0 - 126,593","0 - 127K","0 - 8,753","0 - 9K","0 - 5,021","0 - 5K","0 - 221","0 - 221"
"Rural North","Trinity",35,2023-08-27,2023-09-02,384,6,15870,2419.7,37.8,"0 - 126,593","0 - 127K","0 - 8,753","0 - 9K","0 - 5,021","0 - 5K","0 - 221","0 - 221"
"Rural North","Trinity",36,2023-09-03,2023-09-09,490,8,15870,3087.6,50.4,"0 - 126,593","0 - 127K","0 - 8,753","0 - 9K","0 - 5,021","0 - 5K","0 - 221","0 - 221"
"Rural North","Trinity",37,2023-09-10,2023-09-16,603,12,15870,3799.6,75.6,"0 - 126,593","0 - 127K","0 - 8,753","0 - 9K","0 - 5,021","0 - 5K","0 - 221","0 - 221"
"Rural North","Trinity",38,2023-09-17,2023-09-23,722,15,15870,4549.5,94.5,"0 - 126,593","0 - 127K","0 - 8,753","0 - 9K","0 - 5,021","0 - 5K","0 - 221","0 - 221"
"Rural North","Trinity",39,2023-09-24,2023-09-30,789,18,15870,4971.6,113.4,"0 - 126,593","0 - 127K","0 - 8,753","0 - 9K","0 - 5,021","0 - 5K","0 - 221","0 - 221"
"Rural North","Trinity",40,2023-10-01,2023-10-07,885,21,15870,5576.6,132.3,"0 - 126,593","0 - 127K","0 - 8,753","0 - 9K","0 - 5,021","0 - 5K","0 - 221","0 - 221"
"Rural North","Trinity",41,2023-10-08,2023-10-14,977,25,15870,6156.3,157.5,"0 - 126,593","0 - 127K","0 - 8,753","0 - 9K","0 - 5,021","0 - 5K","0 - 221","0 - 221"
"Rural North","Trinity",42,2023-10-15,2023-10-21,1058,31,15870,6666.7,195.3,"0 - 126,593","0 - 127K","0 - 8,753","0 - 9K","0 - 5,021","0 - 5K","0 - 221","0 - 221"
"Rural North","Trinity",43,2023-10-22,2023-10-28,1137,33,15870,7164.5,207.9,"0 - 126,593","0 - 127K","0 - 8,753","0 - 9K","0 - 5,021","0 - 5K","0 - 221","0 - 221"
"Rural North","Trinity",44,2023-10-29,2023-11-04,1194,41,15870,7523.6,258.3,"0 - 126,593","0 - 127K","0 - 8,753","0 - 9K","0 - 5,021","0 - 5K","221 - 442","221 - 442"
"Rural North","Trinity",45,2023-11-05,2023-11-11,1224,47,15870,7712.7,296.2,"0 - 126,593","0 - 127K","0 - 8,753","0 - 9K","0 - 5,021","0 - 5K","221 - 442","221 - 442"
"Rural North","Trinity",46,2023-11-12,2023-11-18,1237,51,15870,7794.6,321.4,"0 - 126,593","0 - 127K","0 - 8,753","0 - 9K","0 - 5,021","0 - 5K","221 - 442","221 - 442"
"Rural North","Trinity",47,2023-11-19,2023-11-25,1238,52,15870,7800.9,327.7,"0 - 126,593","0 - 127K","0 - 8,753","0 - 9K","0 - 5,021","0 - 5K","221 - 442","221 - 442"
"Rural North","Trinity",48,2023-11-26,2023-12-02,1240,52,15870,7813.5,327.7,"0 - 126,593","0 - 127K","0 - 8,753","0 - 9K","0 - 5,021","0 - 5K","221 - 442","221 - 442"
"Rural North","Trinity",49,2023-12-03,2023-12-09,1240,52,15870,7813.5,327.7,"0 - 126,593","0 - 127K","0 - 8,753","0 - 9K","0 - 5,021","0 - 5K","221 - 442","221 - 442"
"Rural North","Trinity",50,2023-12-10,2023-12-16,1243,52,15870,7832.4,327.7,"0 - 126,593","0 - 127K","0 - 8,753","0 - 9K","0 - 5,021","0 - 5K","221 - 442","221 - 442"
"Rural North","Trinity",51,2023-12-17,2023-12-23,1243,52,15870,7832.4,327.7,"0 - 126,593","0 - 127K","0 - 8,753","0 - 9K","0 - 5,021","0 - 5K","221 - 442","221 - 442"
"Rural North","Trinity",52,2023-12-24,2023-12-30,1243,52,15870,7832.4,327.7,"0 - 126,593","0 - 127K","0 - 8,753","0 - 9K","0 - 5,021","0 - 5K","221 - 442","221 - 442"
"Southern California","Imperial",22,2023-05-28,2023-06-03,328,0,179639,182.6,0,"0 - 126,593","0 - 127K","0 - 8,753","0 - 9K","0 - 5,021","0 - 5K","0 - 221","0 - 221"
"Southern California","Imperial",23,2023-06-04,2023-06-10,625,0,179639,347.9,0,"0 - 126,593","0 - 127K","0 - 8,753","0 - 9K","0 - 5,021","0 - 5K","0 - 221","0 - 221"
"Southern California","Imperial",24,2023-06-11,2023-06-17,890,3,179639,495.4,1.7,"0 - 126,593","0 - 127K","0 - 8,753","0 - 9K","0 - 5,021","0 - 5K","0 - 221","0 - 221"
"Southern California","Imperial",25,2023-06-18,2023-06-24,1615,11,179639,899,6.1,"0 - 126,593","0 - 127K","0 - 8,753","0 - 9K","0 - 5,021","0 - 5K","0 - 221","0 - 221"
"Southern California","Imperial",26,2023-06-25,2023-07-01,2880,17,179639,1603.2,9.5,"0 - 126,593","0 - 127K","0 - 8,753","0 - 9K","0 - 5,021","0 - 5K","0 - 221","0 - 221"
"Southern California","Imperial",27,2023-07-02,2023-07-08,4291,30,179639,2388.7,16.7,"0 - 126,593","0 - 127K","0 - 8,753","0 - 9K","0 - 5,021","0 - 5K","0 - 221","0 - 221"
"Southern California","Imperial",28,2023-07-09,2023-07-15,6206,60,179639,3454.7,33.4,"0 - 126,593","0 - 127K","0 - 8,753","0 - 9K","0 - 5,021","0 - 5K","0 - 221","0 - 221"
"Southern California","Imperial",29,2023-07-16,2023-07-22,7766,91,179639,4323.1,50.7,"0 - 126,593","0 - 127K","0 - 8,753","0 - 9K","0 - 5,021","0 - 5K","0 - 221","0 - 221"
"Southern California","Imperial",30,2023-07-23,2023-07-29,9385,139,179639,5224.4,77.4,"0 - 126,593","0 - 127K","0 - 8,753","0 - 9K","0 - 5,021","0 - 5K","0 - 221","0 - 221"
"Southern California","Imperial",31,2023-07-30,2023-08-05,12047,190,179639,6706.2,105.8,"0 - 126,593","0 - 127K","0 - 8,753","0 - 9K","0 - 5,021","0 - 5K","0 - 221","0 - 221"
"Southern California","Imperial",32,2023-08-06,2023-08-12,14740,246,179639,8205.3,136.9,"0 - 126,593","0 - 127K","0 - 8,753","0 - 9K","0 - 5,021","0 - 5K","0 - 221","0 - 221"
"Southern California","Imperial",33,2023-08-13,2023-08-19,18088,316,179639,10069.1,175.9,"0 - 126,593","0 - 127K","8,753 - 17,506","9K - 18K","0 - 5,021","0 - 5K","0 - 221","0 - 221"
"Southern California","Imperial",34,2023-08-20,2023-08-26,22920,392,179639,12758.9,218.2,"0 - 126,593","0 - 127K","8,753 - 17,506","9K - 18K","0 - 5,021","0 - 5K","0 - 221","0 - 221"
"Southern California","Imperial",35,2023-08-27,2023-09-02,30341,482,179639,16890,268.3,"0 - 126,593","0 - 127K","8,753 - 17,506","9K - 18K","0 - 5,021","0 - 5K","221 - 442","221 - 442"
"Southern California","Imperial",36,2023-09-03,2023-09-09,37162,600,179639,20687,334,"0 - 126,593","0 - 127K","17,506 - 26,260","18K - 26K","0 - 5,021","0 - 5K","221 - 442","221 - 442"
"Southern California","Imperial",37,2023-09-10,2023-09-16,43370,771,179639,24142.9,429.2,"0 - 126,593","0 - 127K","17,506 - 26,260","18K - 26K","0 - 5,021","0 - 5K","221 - 442","221 - 442"
"Southern California","Imperial",38,2023-09-17,2023-09-23,50036,940,179639,27853.6,523.3,"0 - 126,593","0 - 127K","26,260 - 35,013","26K - 35K","0 - 5,021","0 - 5K","442 - 663","442 - 663"
"Southern California","Imperial",39,2023-09-24,2023-09-30,55213,1123,179639,30735.5,625.1,"0 - 126,593","0 - 127K","26,260 - 35,013","26K - 35K","0 - 5,021","0 - 5K","442 - 663","442 - 663"
"Southern California","Imperial",40,2023-10-01,2023-10-07,60367,1261,179639,33604.6,702,"0 - 126,593","0 - 127K","26,260 - 35,013","26K - 35K","0 - 5,021","0 - 5K","663 - 884","663 - 884"
"Southern California","Imperial",41,2023-10-08,2023-10-14,65099,1394,179639,36238.8,776,"0 - 126,593","0 - 127K","35,013 - 43,767","35K - 44K+","0 - 5,021","0 - 5K","663 - 884","663 - 884"
"Southern California","Imperial",42,2023-10-15,2023-10-21,69875,1520,179639,38897.5,846.1,"0 - 126,593","0 - 127K","35,013 - 43,767","35K - 44K+","0 - 5,021","0 - 5K","663 - 884","663 - 884"
"Southern California","Imperial",43,2023-10-22,2023-10-28,73616,1610,179639,40980,896.2,"0 - 126,593","0 - 127K","35,013 - 43,767","35K - 44K+","0 - 5,021","0 - 5K","884 - 1,105","884 - 1K+"
"Southern California","Imperial",44,2023-10-29,2023-11-04,76110,1727,179639,42368.3,961.4,"0 - 126,593","0 - 127K","35,013 - 43,767","35K - 44K+","0 - 5,021","0 - 5K","884 - 1,105","884 - 1K+"
"Southern California","Imperial",45,2023-11-05,2023-11-11,77778,1814,179639,43296.8,1009.8,"0 - 126,593","0 - 127K","35,013 - 43,767","35K - 44K+","0 - 5,021","0 - 5K","884 - 1,105","884 - 1K+"
"Southern California","Imperial",46,2023-11-12,2023-11-18,78333,1872,179639,43605.8,1042.1,"0 - 126,593","0 - 127K","35,013 - 43,767","35K - 44K+","0 - 5,021","0 - 5K","884 - 1,105","884 - 1K+"
"Southern California","Imperial",47,2023-11-19,2023-11-25,78414,1922,179639,43650.9,1069.9,"0 - 126,593","0 - 127K","35,013 - 43,767","35K - 44K+","0 - 5,021","0 - 5K","884 - 1,105","884 - 1K+"
"Southern California","Imperial",48,2023-11-26,2023-12-02,78511,1945,179639,43704.9,1082.7,"0 - 126,593","0 - 127K","35,013 - 43,767","35K - 44K+","0 - 5,021","0 - 5K","884 - 1,105","884 - 1K+"
"Southern California","Imperial",49,2023-12-03,2023-12-09,78511,1950,179639,43704.9,1085.5,"0 - 126,593","0 - 127K","35,013 - 43,767","35K - 44K+","0 - 5,021","0 - 5K","884 - 1,105","884 - 1K+"
"Southern California","Imperial",50,2023-12-10,2023-12-16,78623,1955,179639,43767.2,1088.3,"0 - 126,593","0 - 127K","35,013 - 43,767","35K - 44K+","0 - 5,021","0 - 5K","884 - 1,105","884 - 1K+"
"Southern California","Imperial",51,2023-12-17,2023-12-23,78623,1956,179639,43767.2,1088.9,"0 - 126,593","0 - 127K","35,013 - 43,767","35K - 44K+","0 - 5,021","0 - 5K","884 - 1,105","884 - 1K+"
"Southern California","Imperial",52,2023-12-24,2023-12-30,78623,1959,179639,43767.2,1090.5,"0 - 126,593","0 - 127K","35,013 - 43,767","35K - 44K+","0 - 5,021","0 - 5K","884 - 1,105","884 - 1K+"
"Southern California","Inyo",22,2023-05-28,2023-06-03,23,0,18731,122.8,0,"0 - 126,593","0 - 127K","0 - 8,753","0 - 9K","0 - 5,021","0 - 5K","0 - 221","0 - 221"
"Southern California","Inyo",23,2023-06-04,2023-06-10,35,0,18731,186.9,0,"0 - 126,593","0 - 127K","0 - 8,753","0 - 9K","0 - 5,021","0 - 5K","0 - 221","0 - 221"
"Southern California","Inyo",24,2023-06-11,2023-06-17,52,1,18731,277.6,5.3,"0 - 126,593","0 - 127K","0 - 8,753","0 - 9K","0 - 5,021","0 - 5K","0 - 221","0 - 221"
"Southern California","Inyo",25,2023-06-18,2023-06-24,92,2,18731,491.2,10.7,"0 - 126,593","0 - 127K","0 - 8,753","0 - 9K","0 - 5,021","0 - 5K","0 - 221","0 - 221"
"Southern California","Inyo",26,2023-06-25,2023-07-01,153,2,18731,816.8,10.7,"0 - 126,593","0 - 127K","0 - 8,753","0 - 9K","0 - 5,021","0 - 5K","0 - 221","0 - 221"
"Southern California","Inyo",27,2023-07-02,2023-07-08,236,4,18731,1259.9,21.4,"0 - 126,593","0 - 127K","0 - 8,753","0 - 9K","0 - 5,021","0 - 5K","0 - 221","0 - 221"
"Southern California","Inyo",28,2023-07-09,2023-07-15,333,5,18731,1777.8,26.7,"0 - 126,593","0 - 127K","0 - 8,753","0 - 9K","0 - 5,021","0 - 5K","0 - 221","0 - 221"
"Southern California","Inyo",29,2023-07-16,2023-07-22,428,6,18731,2285,32,"0 - 126,593","0 - 127K","0 - 8,753","0 - 9K","0 - 5,021","0 - 5K","0 - 221","0 - 221"
"Southern California","Inyo",30,2023-07-23,2023-07-29,519,10,18731,2770.8,53.4,"0 - 126,593","0 - 127K","0 - 8,753","0 - 9K","0 - 5,021","0 - 5K","0 - 221","0 - 221"
"Southern California","Inyo",31,2023-07-30,2023-08-05,697,15,18731,3721.1,80.1,"0 - 126,593","0 - 127K","0 - 8,753","0 - 9K","0 - 5,021","0 - 5K","0 - 221","0 - 221"
"Southern California","Inyo",32,2023-08-06,2023-08-12,841,21,18731,4489.9,112.1,"0 - 126,593","0 - 127K","0 - 8,753","0 - 9K","0 - 5,021","0 - 5K","0 - 221","0 - 221"
"Southern California","Inyo",33,2023-08-13,2023-08-19,1058,26,18731,5648.4,138.8,"0 - 126,593","0 - 127K","0 - 8,753","0 - 9K","0 - 5,021","0 - 5K","0 - 221","0 - 221"
"Southern California","Inyo",34,2023-08-20,2023-08-26,1323,33,18731,7063.2,176.2,"0 - 126,593","0 - 127K","0 - 8,753","0 - 9K","0 - 5,021","0 - 5K","0 - 221","0 - 221"
"Southern California","Inyo",35,2023-08-27,2023-09-02,1747,43,18731,9326.8,229.6,"0 - 126,593","0 - 127K","8,753 - 17,506","9K - 18K","0 - 5,021","0 - 5K","221 - 442","221 - 442"
"Southern California","Inyo",36,2023-09-03,2023-09-09,2172,53,18731,11595.8,283,"0 - 126,593","0 - 127K","8,753 - 17,506","9K - 18K","0 - 5,021","0 - 5K","221 - 442","221 - 442"
"Southern California","Inyo",37,2023-09-10,2023-09-16,2573,68,18731,13736.6,363,"0 - 126,593","0 - 127K","8,753 - 17,506","9K - 18K","0 - 5,021","0 - 5K","221 - 442","221 - 442"
"Southern California","Inyo",38,2023-09-17,2023-09-23,2995,88,18731,15989.5,469.8,"0 - 126,593","0 - 127K","8,753 - 17,506","9K - 18K","0 - 5,021","0 - 5K","442 - 663","442 - 663"
"Southern California","Inyo",39,2023-09-24,2023-09-30,3333,106,18731,17794,565.9,"0 - 126,593","0 - 127K","17,506 - 26,260","18K - 26K","0 - 5,021","0 - 5K","442 - 663","442 - 663"
"Southern California","Inyo",40,2023-10-01,2023-10-07,3718,120,18731,19849.4,640.6,"0 - 126,593","0 - 127K","17,506 - 26,260","18K - 26K","0 - 5,021","0 - 5K","442 - 663","442 - 663"
"Southern California","Inyo",41,2023-10-08,2023-10-14,4048,133,18731,21611.2,710.1,"0 - 126,593","0 - 127K","17,506 - 26,260","18K - 26K","0 - 5,021","0 - 5K","663 - 884","663 - 884"
"Southern California","Inyo",42,2023-10-15,2023-10-21,4404,147,18731,23511.8,784.8,"0 - 126,593","0 - 127K","17,506 - 26,260","18K - 26K","0 - 5,021","0 - 5K","663 - 884","663 - 884"
"Southern California","Inyo",43,2023-10-22,2023-10-28,4675,154,18731,24958.6,822.2,"0 - 126,593","0 - 127K","17,506 - 26,260","18K - 26K","0 - 5,021","0 - 5K","663 - 884","663 - 884"
"Southern California","Inyo",44,2023-10-29,2023-11-04,4853,162,18731,25908.9,864.9,"0 - 126,593","0 - 127K","17,506 - 26,260","18K - 26K","0 - 5,021","0 - 5K","663 - 884","663 - 884"
"Southern California","Inyo",45,2023-11-05,2023-11-11,4970,177,18731,26533.6,945,"0 - 126,593","0 - 127K","26,260 - 35,013","26K - 35K","0 - 5,021","0 - 5K","884 - 1,105","884 - 1K+"
"Southern California","Inyo",46,2023-11-12,2023-11-18,5013,189,18731,26763.1,1009,"0 - 126,593","0 - 127K","26,260 - 35,013","26K - 35K","0 - 5,021","0 - 5K","884 - 1,105","884 - 1K+"
"Southern California","Inyo",47,2023-11-19,2023-11-25,5016,192,18731,26779.1,1025,"0 - 126,593","0 - 127K","26,260 - 35,013","26K - 35K","0 - 5,021","0 - 5K","884 - 1,105","884 - 1K+"
"Southern California","Inyo",48,2023-11-26,2023-12-02,5024,198,18731,26821.8,1057.1,"0 - 126,593","0 - 127K","26,260 - 35,013","26K - 35K","0 - 5,021","0 - 5K","884 - 1,105","884 - 1K+"
"Southern California","Inyo",49,2023-12-03,2023-12-09,5024,201,18731,26821.8,1073.1,"0 - 126,593","0 - 127K","26,260 - 35,013","26K - 35K","0 - 5,021","0 - 5K","884 - 1,105","884 - 1K+"
"Southern California","Inyo",50,2023-12-10,2023-12-16,5037,205,18731,26891.2,1094.4,"0 - 126,593","0 - 127K","26,260 - 35,013","26K - 35K","0 - 5,021","0 - 5K","884 - 1,105","884 - 1K+"
"Southern California","Inyo",51,2023-12-17,2023-12-23,5037,205,18731,26891.2,1094.4,"0 - 126,593","0 - 127K","26,260 - 35,013","26K - 35K","0 - 5,021","0 - 5K","884 - 1,105","884 - 1K+"
"Southern California","Inyo",52,2023-12-24,2023-12-30,5037,207,18731,26891.2,1105.1,"0 - 126,593","0 - 127K","26,260 - 35,013","26K - 35K","0 - 5,021","0 - 5K","884 - 1,105","884 - 1K+"
"Southern California","Mono",22,2023-05-28,2023-06-03,1,0,13273,7.5,0,"0 - 126,593","0 - 127K","0 - 8,753","0 - 9K","0 - 5,021","0 - 5K","0 - 221","0 - 221"
"Southern California","Mono",23,2023-06-04,2023-06-10,6,0,13273,45.2,0,"0 - 126,593","0 - 127K","0 - 8,753","0 - 9K","0 - 5,021","0 - 5K","0 - 221","0 - 221"
"Southern California","Mono",24,2023-06-11,2023-06-17,8,0,13273,60.3,0,"0 - 126,593","0 - 127K","0 - 8,753","0 - 9K","0 - 5,021","0 - 5K","0 - 221","0 - 221"
"Southern California","Mono",25,2023-06-18,2023-06-24,25,0,13273,188.4,0,"0 - 126,593","0 - 127K","0 - 8,753","0 - 9K","0 - 5,021","0 - 5K","0 - 221","0 - 221"
"Southern California","Mono",26,2023-06-25,2023-07-01,39,0,13273,293.8,0,"0 - 126,593","0 - 127K","0 - 8,753","0 - 9K","0 - 5,021","0 - 5K","0 - 221","0 - 221"
"Southern California","Mono",27,2023-07-02,2023-07-08,64,0,13273,482.2,0,"0 - 126,593","0 - 127K","0 - 8,753","0 - 9K","0 - 5,021","0 - 5K","0 - 221","0 - 221"
"Southern California","Mono",28,2023-07-09,2023-07-15,106,0,13273,798.6,0,"0 - 126,593","0 - 127K","0 - 8,753","0 - 9K","0 - 5,021","0 - 5K","0 - 221","0 - 221"
"Southern California","Mono",29,2023-07-16,2023-07-22,132,3,13273,994.5,22.6,"0 - 126,593","0 - 127K","0 - 8,753","0 - 9K","0 - 5,021","0 - 5K","0 - 221","0 - 221"
"Southern California","Mono",30,2023-07-23,2023-07-29,158,5,13273,1190.4,37.7,"0 - 126,593","0 - 127K","0 - 8,753","0 - 9K","0 - 5,021","0 - 5K","0 - 221","0 - 221"
"Southern California","Mono",31,2023-07-30,2023-08-05,184,5,13273,1386.3,37.7,"0 - 126,593","0 - 127K","0 - 8,753","0 - 9K","0 - 5,021","0 - 5K","0 - 221","0 - 221"
"Southern California","Mono",32,2023-08-06,2023-08-12,212,5,13273,1597.2,37.7,"0 - 126,593","0 - 127K","0 - 8,753","0 - 9K","0 - 5,021","0 - 5K","0 - 221","0 - 221"
"Southern California","Mono",33,2023-08-13,2023-08-19,256,5,13273,1928.7,37.7,"0 - 126,593","0 - 127K","0 - 8,753","0 - 9K","0 - 5,021","0 - 5K","0 - 221","0 - 221"
"Southern California","Mono",34,2023-08-20,2023-08-26,328,5,13273,2471.2,37.7,"0 - 126,593","0 - 127K","0 - 8,753","0 - 9K","0 - 5,021","0 - 5K","0 - 221","0 - 221"
"Southern California","Mono",35,2023-08-27,2023-09-02,424,8,13273,3194.5,60.3,"0 - 126,593","0 - 127K","0 - 8,753","0 - 9K","0 - 5,021","0 - 5K","0 - 221","0 - 221"
"Southern California","Mono",36,2023-09-03,2023-09-09,506,8,13273,3812.3,60.3,"0 - 126,593","0 - 127K","0 - 8,753","0 - 9K","0 - 5,021","0 - 5K","0 - 221","0 - 221"
"Southern California","Mono",37,2023-09-10,2023-09-16,587,13,13273,4422.5,97.9,"0 - 126,593","0 - 127K","0 - 8,753","0 - 9K","0 - 5,021","0 - 5K","0 - 221","0 - 221"
"Southern California","Mono",38,2023-09-17,2023-09-23,687,15,13273,5175.9,113,"0 - 126,593","0 - 127K","0 - 8,753","0 - 9K","0 - 5,021","0 - 5K","0 - 221","0 - 221"
"Southern California","Mono",39,2023-09-24,2023-09-30,788,18,13273,5936.9,135.6,"0 - 126,593","0 - 127K","0 - 8,753","0 - 9K","0 - 5,021","0 - 5K","0 - 221","0 - 221"
"Southern California","Mono",40,2023-10-01,2023-10-07,881,22,13273,6637.5,165.8,"0 - 126,593","0 - 127K","0 - 8,753","0 - 9K","0 - 5,021","0 - 5K","0 - 221","0 - 221"
"Southern California","Mono",41,2023-10-08,2023-10-14,961,27,13273,7240.3,203.4,"0 - 126,593","0 - 127K","0 - 8,753","0 - 9K","0 - 5,021","0 - 5K","0 - 221","0 - 221"
"Southern California","Mono",42,2023-10-15,2023-10-21,1055,30,13273,7948.5,226,"0 - 126,593","0 - 127K","0 - 8,753","0 - 9K","0 - 5,021","0 - 5K","221 - 442","221 - 442"
"Southern California","Mono",43,2023-10-22,2023-10-28,1131,31,13273,8521.1,233.6,"0 - 126,593","0 - 127K","0 - 8,753","0 - 9K","0 - 5,021","0 - 5K","221 - 442","221 - 442"
"Southern California","Mono",44,2023-10-29,2023-11-04,1172,33,13273,8830,248.6,"0 - 126,593","0 - 127K","8,753 - 17,506","9K - 18K","0 - 5,021","0 - 5K","221 - 442","221 - 442"
"Southern California","Mono",45,2023-11-05,2023-11-11,1215,33,13273,9153.9,248.6,"0 - 126,593","0 - 127K","8,753 - 17,506","9K - 18K","0 - 5,021","0 - 5K","221 - 442","221 - 442"
"Southern California","Mono",46,2023-11-12,2023-11-18,1231,38,13273,9274.5,286.3,"0 - 126,593","0 - 127K","8,753 - 17,506","9K - 18K","0 - 5,021","0 - 5K","221 - 442","221 - 442"
"Southern California","Mono",47,2023-11-19,2023-11-25,1234,39,13273,9297.1,293.8,"0 - 126,593","0 - 127K","8,753 - 17,506","9K - 18K","0 - 5,021","0 - 5K","221 - 442","221 - 442"
"Southern California","Mono",48,2023-11-26,2023-12-02,1240,41,13273,9342.3,308.9,"0 - 126,593","0 - 127K","8,753 - 17,506","9K - 18K","0 - 5,021","0 - 5K","221 - 442","221 - 442"
"Southern California","Mono",49,2023-12-03,2023-12-09,1240,41,13273,9342.3,308.9,"0 - 126,593","0 - 127K","8,753 - 17,506","9K - 18K","0 - 5,021","0 - 5K","221 - 442","221 - 442"
"Southern California","Mono",50,2023-12-10,2023-12-16,1244,41,13273,9372.4,308.9,"0 - 126,593","0 - 127K","8,753 - 17,506","9K - 18K","0 - 5,021","0 - 5K","221 - 442","221 - 442"
"Southern California","Mono",51,2023-12-17,2023-12-23,1244,41,13273,9372.4,308.9,"0 - 126,593","0 - 127K","8,753 - 17,506","9K - 18K","0 - 5,021","0 - 5K","221 - 442","221 - 442"
"Southern California","Mono",52,2023-12-24,2023-12-30,1244,41,13273,9372.4,308.9,"0 - 126,593","0 - 127K","8,753 - 17,506","9K - 18K","0 - 5,021","0 - 5K","221 - 442","221 - 442"
"Southern California","Orange",22,2023-05-28,2023-06-03,765,0,3142277,24.3,0,"0 - 126,593","0 - 127K","0 - 8,753","0 - 9K","0 - 5,021","0 - 5K","0 - 221","0 - 221"
"Southern California","Orange",23,2023-06-04,2023-06-10,1611,0,3142277,51.3,0,"0 - 126,593","0 - 127K","0 - 8,753","0 - 9K","0 - 5,021","0 - 5K","0 - 221","0 - 221"
"Southern California","Orange",24,2023-06-11,2023-06-17,2310,19,3142277,73.5,0.6,"0 - 126,593","0 - 127K","0 - 8,753","0 - 9K","0 - 5,021","0 - 5K","0 - 221","0 - 221"
"Southern California","Orange",25,2023-06-18,2023-06-24,4412,43,3142277,140.4,1.4,"0 - 126,593","0 - 127K","0 - 8,753","0 - 9K","0 - 5,021","0 - 5K","0 - 221","0 - 221"
"Southern California","Orange",26,2023-06-25,2023-07-01,7904,63,3142277,251.5,2,"0 - 126,593","0 - 127K","0 - 8,753","0 - 9K","0 - 5,021","0 - 5K","0 - 221","0 - 221"
"Southern California","Orange",27,2023-07-02,2023-07-08,12013,107,3142277,382.3,3.4,"0 - 126,593","0 - 127K","0 - 8,753","0 - 9K","0 - 5,021","0 - 5K","0 - 221","0 - 221"
"Southern California","Orange",28,2023-07-09,2023-07-15,17416,192,3142277,554.2,6.1,"0 - 126,593","0 - 127K","0 - 8,753","0 - 9K","0 - 5,021","0 - 5K","0 - 221","0 - 221"
"Southern California","Orange",29,2023-07-16,2023-07-22,21473,311,3142277,683.4,9.9,"0 - 126,593","0 - 127K","0 - 8,753","0 - 9K","0 - 5,021","0 - 5K","0 - 221","0 - 221"
"Southern California","Orange",30,2023-07-23,2023-07-29,26007,452,3142277,827.6,14.4,"0 - 126,593","0 - 127K","0 - 8,753","0 - 9K","0 - 5,021","0 - 5K","0 - 221","0 - 221"
"Southern California","Orange",31,2023-07-30,2023-08-05,33874,580,3142277,1078,18.5,"0 - 126,593","0 - 127K","0 - 8,753","0 - 9K","0 - 5,021","0 - 5K","0 - 221","0 - 221"
"Southern California","Orange",32,2023-08-06,2023-08-12,41841,718,3142277,1331.6,22.8,"0 - 126,593","0 - 127K","0 - 8,753","0 - 9K","0 - 5,021","0 - 5K","0 - 221","0 - 221"
"Southern California","Orange",33,2023-08-13,2023-08-19,51832,971,3142277,1649.5,30.9,"0 - 126,593","0 - 127K","0 - 8,753","0 - 9K","0 - 5,021","0 - 5K","0 - 221","0 - 221"
"Southern California","Orange",34,2023-08-20,2023-08-26,66836,1192,3142277,2127,37.9,"0 - 126,593","0 - 127K","0 - 8,753","0 - 9K","0 - 5,021","0 - 5K","0 - 221","0 - 221"
"Southern California","Orange",35,2023-08-27,2023-09-02,90115,1475,3142277,2867.8,46.9,"0 - 126,593","0 - 127K","0 - 8,753","0 - 9K","0 - 5,021","0 - 5K","0 - 221","0 - 221"
"Southern California","Orange",36,2023-09-03,2023-09-09,112799,1895,3142277,3589.7,60.3,"0 - 126,593","0 - 127K","0 - 8,753","0 - 9K","0 - 5,021","0 - 5K","0 - 221","0 - 221"
"Southern California","Orange",37,2023-09-10,2023-09-16,133780,2537,3142277,4257.4,80.7,"126,593 - 253,187","127K - 253K","0 - 8,753","0 - 9K","0 - 5,021","0 - 5K","0 - 221","0 - 221"
"Southern California","Orange",38,2023-09-17,2023-09-23,158153,3181,3142277,5033.1,101.2,"126,593 - 253,187","127K - 253K","0 - 8,753","0 - 9K","0 - 5,021","0 - 5K","0 - 221","0 - 221"
"Southern California","Orange",39,2023-09-24,2023-09-30,177940,3823,3142277,5662.8,121.7,"126,593 - 253,187","127K - 253K","0 - 8,753","0 - 9K","0 - 5,021","0 - 5K","0 - 221","0 - 221"
"Southern California","Orange",40,2023-10-01,2023-10-07,198074,4539,3142277,6303.5,144.4,"126,593 - 253,187","127K - 253K","0 - 8,753","0 - 9K","0 - 5,021","0 - 5K","0 - 221","0 - 221"
"Southern California","Orange",41,2023-10-08,2023-10-14,217862,5149,3142277,6933.3,163.9,"126,593 - 253,187","127K - 253K","0 - 8,753","0 - 9K","5,021 - 10,043","5K - 10K","0 - 221","0 - 221"
"Southern California","Orange",42,2023-10-15,2023-10-21,238293,5734,3142277,7583.4,182.5,"126,593 - 253,187","127K - 253K","0 - 8,753","0 - 9K","5,021 - 10,043","5K - 10K","0 - 221","0 - 221"
"Southern California","Orange",43,2023-10-22,2023-10-28,254570,6292,3142277,8101.4,200.2,"253,187 - 379,781","253K - 380K","0 - 8,753","0 - 9K","5,021 - 10,043","5K - 10K","0 - 221","0 - 221"
"Southern California","Orange",44,2023-10-29,2023-11-04,265507,6872,3142277,8449.5,218.7,"253,187 - 379,781","253K - 380K","0 - 8,753","0 - 9K","5,021 - 10,043","5K - 10K","0 - 221","0 - 221"
"Southern California","Orange",45,2023-11-05,2023-11-11,273506,7355,3142277,8704.1,234.1,"253,187 - 379,781","253K - 380K","0 - 8,753","0 - 9K","5,021 - 10,043","5K - 10K","221 - 442","221 - 442"
"Southern California","Orange",46,2023-11-12,2023-11-18,276172,7688,3142277,8788.9,244.7,"253,187 - 379,781","253K - 380K","8,753 - 17,506","9K - 18K","5,021 - 10,043","5K - 10K","221 - 442","221 - 442"
"Southern California","Orange",47,2023-11-19,2023-11-25,276519,7932,3142277,8800,252.4,"253,187 - 379,781","253K - 380K","8,753 - 17,506","9K - 18K","5,021 - 10,043","5K - 10K","221 - 442","221 - 442"
"Southern California","Orange",48,2023-11-26,2023-12-02,277024,8051,3142277,8816,256.2,"253,187 - 379,781","253K - 380K","8,753 - 17,506","9K - 18K","5,021 - 10,043","5K - 10K","221 - 442","221 - 442"
"Southern California","Orange",49,2023-12-03,2023-12-09,277024,8076,3142277,8816,257,"253,187 - 379,781","253K - 380K","8,753 - 17,506","9K - 18K","5,021 - 10,043","5K - 10K","221 - 442","221 - 442"
"Southern California","Orange",50,2023-12-10,2023-12-16,277514,8095,3142277,8831.6,257.6,"253,187 - 379,781","253K - 380K","8,753 - 17,506","9K - 18K","5,021 - 10,043","5K - 10K","221 - 442","221 - 442"
"Southern California","Orange",51,2023-12-17,2023-12-23,277514,8097,3142277,8831.6,257.7,"253,187 - 379,781","253K - 380K","8,753 - 17,506","9K - 18K","5,021 - 10,043","5K - 10K","221 - 442","221 - 442"
"Southern California","Orange",52,2023-12-24,2023-12-30,277514,8110,3142277,8831.6,258.1,"253,187 - 379,781","253K - 380K","8,753 - 17,506","9K - 18K","5,021 - 10,043","5K - 10K","221 - 442","221 - 442"
"Southern California","Riverside",22,2023-05-28,2023-06-03,676,0,2431254,27.8,0,"0 - 126,593","0 - 127K","0 - 8,753","0 - 9K","0 - 5,021","0 - 5K","0 - 221","0 - 221"
"Southern California","Riverside",23,2023-06-04,2023-06-10,1275,0,2431254,52.4,0,"0 - 126,593","0 - 127K","0 - 8,753","0 - 9K","0 - 5,021","0 - 5K","0 - 221","0 - 221"
"Southern California","Riverside",24,2023-06-11,2023-06-17,1863,16,2431254,76.6,0.7,"0 - 126,593","0 - 127K","0 - 8,753","0 - 9K","0 - 5,021","0 - 5K","0 - 221","0 - 221"
"Southern California","Riverside",25,2023-06-18,2023-06-24,3512,30,2431254,144.5,1.2,"0 - 126,593","0 - 127K","0 - 8,753","0 - 9K","0 - 5,021","0 - 5K","0 - 221","0 - 221"
"Southern California","Riverside",26,2023-06-25,2023-07-01,6139,54,2431254,252.5,2.2,"0 - 126,593","0 - 127K","0 - 8,753","0 - 9K","0 - 5,021","0 - 5K","0 - 221","0 - 221"
"Southern California","Riverside",27,2023-07-02,2023-07-08,9362,99,2431254,385.1,4.1,"0 - 126,593","0 - 127K","0 - 8,753","0 - 9K","0 - 5,021","0 - 5K","0 - 221","0 - 221"
"Southern California","Riverside",28,2023-07-09,2023-07-15,13547,181,2431254,557.2,7.4,"0 - 126,593","0 - 127K","0 - 8,753","0 - 9K","0 - 5,021","0 - 5K","0 - 221","0 - 221"
"Southern California","Riverside",29,2023-07-16,2023-07-22,16900,260,2431254,695.1,10.7,"0 - 126,593","0 - 127K","0 - 8,753","0 - 9K","0 - 5,021","0 - 5K","0 - 221","0 - 221"
"Southern California","Riverside",30,2023-07-23,2023-07-29,20377,364,2431254,838.1,15,"0 - 126,593","0 - 127K","0 - 8,753","0 - 9K","0 - 5,021","0 - 5K","0 - 221","0 - 221"
"Southern California","Riverside",31,2023-07-30,2023-08-05,26536,463,2431254,1091.5,19,"0 - 126,593","0 - 127K","0 - 8,753","0 - 9K","0 - 5,021","0 - 5K","0 - 221","0 - 221"
"Southern California","Riverside",32,2023-08-06,2023-08-12,32624,560,2431254,1341.9,23,"0 - 126,593","0 - 127K","0 - 8,753","0 - 9K","0 - 5,021","0 - 5K","0 - 221","0 - 221"
"Southern California","Riverside",33,2023-08-13,2023-08-19,40408,713,2431254,1662,29.3,"0 - 126,593","0 - 127K","0 - 8,753","0 - 9K","0 - 5,021","0 - 5K","0 - 221","0 - 221"
"Southern California","Riverside",34,2023-08-20,2023-08-26,51940,865,2431254,2136.3,35.6,"0 - 126,593","0 - 127K","0 - 8,753","0 - 9K","0 - 5,021","0 - 5K","0 - 221","0 - 221"
"Southern California","Riverside",35,2023-08-27,2023-09-02,70082,1075,2431254,2882.5,44.2,"0 - 126,593","0 - 127K","0 - 8,753","0 - 9K","0 - 5,021","0 - 5K","0 - 221","0 - 221"
"Southern California","Riverside",36,2023-09-03,2023-09-09,87749,1364,2431254,3609.2,56.1,"0 - 126,593","0 - 127K","0 - 8,753","0 - 9K","0 - 5,021","0 - 5K","0 - 221","0 - 221"
"Southern California","Riverside",37,2023-09-10,2023-09-16,104274,1874,2431254,4288.9,77.1,"0 - 126,593","0 - 127K","0 - 8,753","0 - 9K","0 - 5,021","0 - 5K","0 - 221","0 - 221"
"Southern California","Riverside",38,2023-09-17,2023-09-23,123260,2352,2431254,5069.8,96.7,"0 - 126,593","0 - 127K","0 - 8,753","0 - 9K","0 - 5,021","0 - 5K","0 - 221","0 - 221"
"Southern California","Riverside",39,2023-09-24,2023-09-30,138707,2908,2431254,5705.2,119.6,"126,593 - 253,187","127K - 253K","0 - 8,753","0 - 9K","0 - 5,021","0 - 5K","0 - 221","0 - 221"
"Southern California","Riverside",40,2023-10-01,2023-10-07,154582,3468,2431254,6358.1,142.6,"126,593 - 253,187","127K - 253K","0 - 8,753","0 - 9K","0 - 5,021","0 - 5K","0 - 221","0 - 221"
"Southern California","Riverside",41,2023-10-08,2023-10-14,170000,3909,2431254,6992.3,160.8,"126,593 - 253,187","127K - 253K","0 - 8,753","0 - 9K","0 - 5,021","0 - 5K","0 - 221","0 - 221"
"Southern California","Riverside",42,2023-10-15,2023-10-21,185688,4377,2431254,7637.5,180,"126,593 - 253,187","127K - 253K","0 - 8,753","0 - 9K","0 - 5,021","0 - 5K","0 - 221","0 - 221"
"Southern California","Riverside",43,2023-10-22,2023-10-28,198615,4828,2431254,8169.2,198.6,"126,593 - 253,187","127K - 253K","0 - 8,753","0 - 9K","0 - 5,021","0 - 5K","0 - 221","0 - 221"
"Southern California","Riverside",44,2023-10-29,2023-11-04,207339,5322,2431254,8528.1,218.9,"126,593 - 253,187","127K - 253K","0 - 8,753","0 - 9K","5,021 - 10,043","5K - 10K","0 - 221","0 - 221"
"Southern California","Riverside",45,2023-11-05,2023-11-11,213399,5741,2431254,8777.3,236.1,"126,593 - 253,187","127K - 253K","8,753 - 17,506","9K - 18K","5,021 - 10,043","5K - 10K","221 - 442","221 - 442"
"Southern California","Riverside",46,2023-11-12,2023-11-18,215527,6050,2431254,8864.8,248.8,"126,593 - 253,187","127K - 253K","8,753 - 17,506","9K - 18K","5,021 - 10,043","5K - 10K","221 - 442","221 - 442"
"Southern California","Riverside",47,2023-11-19,2023-11-25,215809,6245,2431254,8876.4,256.9,"126,593 - 253,187","127K - 253K","8,753 - 17,506","9K - 18K","5,021 - 10,043","5K - 10K","221 - 442","221 - 442"
"Southern California","Riverside",48,2023-11-26,2023-12-02,216198,6346,2431254,8892.4,261,"126,593 - 253,187","127K - 253K","8,753 - 17,506","9K - 18K","5,021 - 10,043","5K - 10K","221 - 442","221 - 442"
"Southern California","Riverside",49,2023-12-03,2023-12-09,216198,6367,2431254,8892.4,261.9,"126,593 - 253,187","127K - 253K","8,753 - 17,506","9K - 18K","5,021 - 10,043","5K - 10K","221 - 442","221 - 442"
"Southern California","Riverside",50,2023-12-10,2023-12-16,216609,6379,2431254,8909.4,262.4,"126,593 - 253,187","127K - 253K","8,753 - 17,506","9K - 18K","5,021 - 10,043","5K - 10K","221 - 442","221 - 442"
"Southern California","Riverside",51,2023-12-17,2023-12-23,216609,6382,2431254,8909.4,262.5,"126,593 - 253,187","127K - 253K","8,753 - 17,506","9K - 18K","5,021 - 10,043","5K - 10K","221 - 442","221 - 442"
"Southern California","Riverside",52,2023-12-24,2023-12-30,216609,6391,2431254,8909.4,262.9,"126,593 - 253,187","127K - 253K","8,753 - 17,506","9K - 18K","5,021 - 10,043","5K - 10K","221 - 442","221 - 442"
"Southern California","San Bernardino",22,2023-05-28,2023-06-03,1551,0,2170593,71.5,0,"0 - 126,593","0 - 127K","0 - 8,753","0 - 9K","0 - 5,021","0 - 5K","0 - 221","0 - 221"
"Southern California","San Bernardino",23,2023-06-04,2023-06-10,3134,0,2170593,144.4,0,"0 - 126,593","0 - 127K","0 - 8,753","0 - 9K","0 - 5,021","0 - 5K","0 - 221","0 - 221"
"Southern California","San Bernardino",24,2023-06-11,2023-06-17,4531,36,2170593,208.7,1.7,"0 - 126,593","0 - 127K","0 - 8,753","0 - 9K","0 - 5,021","0 - 5K","0 - 221","0 - 221"
"Southern California","San Bernardino",25,2023-06-18,2023-06-24,8568,69,2170593,394.7,3.2,"0 - 126,593","0 - 127K","0 - 8,753","0 - 9K","0 - 5,021","0 - 5K","0 - 221","0 - 221"
"Southern California","San Bernardino",26,2023-06-25,2023-07-01,15304,105,2170593,705.1,4.8,"0 - 126,593","0 - 127K","0 - 8,753","0 - 9K","0 - 5,021","0 - 5K","0 - 221","0 - 221"
"Southern California","San Bernardino",27,2023-07-02,2023-07-08,23140,189,2170593,1066.1,8.7,"0 - 126,593","0 - 127K","0 - 8,753","0 - 9K","0 - 5,021","0 - 5K","0 - 221","0 - 221"
"Southern California","San Bernardino",28,2023-07-09,2023-07-15,33498,339,2170593,1543.3,15.6,"0 - 126,593","0 - 127K","0 - 8,753","0 - 9K","0 - 5,021","0 - 5K","0 - 221","0 - 221"
"Southern California","San Bernardino",29,2023-07-16,2023-07-22,41391,546,2170593,1906.9,25.2,"0 - 126,593","0 - 127K","0 - 8,753","0 - 9K","0 - 5,021","0 - 5K","0 - 221","0 - 221"
"Southern California","San Bernardino",30,2023-07-23,2023-07-29,49787,788,2170593,2293.7,36.3,"0 - 126,593","0 - 127K","0 - 8,753","0 - 9K","0 - 5,021","0 - 5K","0 - 221","0 - 221"
"Southern California","San Bernardino",31,2023-07-30,2023-08-05,64728,998,2170593,2982,46,"0 - 126,593","0 - 127K","0 - 8,753","0 - 9K","0 - 5,021","0 - 5K","0 - 221","0 - 221"
"Southern California","San Bernardino",32,2023-08-06,2023-08-12,79416,1222,2170593,3658.7,56.3,"0 - 126,593","0 - 127K","0 - 8,753","0 - 9K","0 - 5,021","0 - 5K","0 - 221","0 - 221"
"Southern California","San Bernardino",33,2023-08-13,2023-08-19,97967,1555,2170593,4513.4,71.6,"0 - 126,593","0 - 127K","0 - 8,753","0 - 9K","0 - 5,021","0 - 5K","0 - 221","0 - 221"
"Southern California","San Bernardino",34,2023-08-20,2023-08-26,125751,1898,2170593,5793.4,87.4,"0 - 126,593","0 - 127K","0 - 8,753","0 - 9K","0 - 5,021","0 - 5K","0 - 221","0 - 221"
"Southern California","San Bernardino",35,2023-08-27,2023-09-02,168444,2334,2170593,7760.3,107.5,"126,593 - 253,187","127K - 253K","0 - 8,753","0 - 9K","0 - 5,021","0 - 5K","0 - 221","0 - 221"
"Southern California","San Bernardino",36,2023-09-03,2023-09-09,209453,2987,2170593,9649.6,137.6,"126,593 - 253,187","127K - 253K","8,753 - 17,506","9K - 18K","0 - 5,021","0 - 5K","0 - 221","0 - 221"
"Southern California","San Bernardino",37,2023-09-10,2023-09-16,247495,3949,2170593,11402.2,181.9,"126,593 - 253,187","127K - 253K","8,753 - 17,506","9K - 18K","0 - 5,021","0 - 5K","0 - 221","0 - 221"
"Southern California","San Bernardino",38,2023-09-17,2023-09-23,289960,4975,2170593,13358.6,229.2,"253,187 - 379,781","253K - 380K","8,753 - 17,506","9K - 18K","0 - 5,021","0 - 5K","221 - 442","221 - 442"
"Southern California","San Bernardino",39,2023-09-24,2023-09-30,323980,5904,2170593,14925.9,272,"253,187 - 379,781","253K - 380K","8,753 - 17,506","9K - 18K","5,021 - 10,043","5K - 10K","221 - 442","221 - 442"
"Southern California","San Bernardino",40,2023-10-01,2023-10-07,358041,6972,2170593,16495.1,321.2,"253,187 - 379,781","253K - 380K","8,753 - 17,506","9K - 18K","5,021 - 10,043","5K - 10K","221 - 442","221 - 442"
"Southern California","San Bernardino",41,2023-10-08,2023-10-14,391087,7859,2170593,18017.5,362.1,"379,781 - 506,374","380K - 506K","17,506 - 26,260","18K - 26K","5,021 - 10,043","5K - 10K","221 - 442","221 - 442"
"Southern California","San Bernardino",42,2023-10-15,2023-10-21,424793,8673,2170593,19570.4,399.6,"379,781 - 506,374","380K - 506K","17,506 - 26,260","18K - 26K","5,021 - 10,043","5K - 10K","221 - 442","221 - 442"
"Southern California","San Bernardino",43,2023-10-22,2023-10-28,451514,9426,2170593,20801.4,434.3,"379,781 - 506,374","380K - 506K","17,506 - 26,260","18K - 26K","5,021 - 10,043","5K - 10K","221 - 442","221 - 442"
"Southern California","San Bernardino",44,2023-10-29,2023-11-04,468990,10243,2170593,21606.5,471.9,"379,781 - 506,374","380K - 506K","17,506 - 26,260","18K - 26K","10,043 - 15,065","10K - 15K","442 - 663","442 - 663"
"Southern California","San Bernardino",45,2023-11-05,2023-11-11,481472,10967,2170593,22181.6,505.3,"379,781 - 506,374","380K - 506K","17,506 - 26,260","18K - 26K","10,043 - 15,065","10K - 15K","442 - 663","442 - 663"
"Southern California","San Bernardino",46,2023-11-12,2023-11-18,485676,11461,2170593,22375.3,528,"379,781 - 506,374","380K - 506K","17,506 - 26,260","18K - 26K","10,043 - 15,065","10K - 15K","442 - 663","442 - 663"
"Southern California","San Bernardino",47,2023-11-19,2023-11-25,486244,11806,2170593,22401.4,543.9,"379,781 - 506,374","380K - 506K","17,506 - 26,260","18K - 26K","10,043 - 15,065","10K - 15K","442 - 663","442 - 663"
"Southern California","San Bernardino",48,2023-11-26,2023-12-02,487055,11955,2170593,22438.8,550.8,"379,781 - 506,374","380K - 506K","17,506 - 26,260","18K - 26K","10,043 - 15,065","10K - 15K","442 - 663","442 - 663"
"Southern California","San Bernardino",49,2023-12-03,2023-12-09,487055,11998,2170593,22438.8,552.8,"379,781 - 506,374","380K - 506K","17,506 - 26,260","18K - 26K","10,043 - 15,065","10K - 15K","442 - 663","442 - 663"
"Southern California","San Bernardino",50,2023-12-10,2023-12-16,487857,12025,2170593,22475.7,554,"379,781 - 506,374","380K - 506K","17,506 - 26,260","18K - 26K","10,043 - 15,065","10K - 15K","442 - 663","442 - 663"
"Southern California","San Bernardino",51,2023-12-17,2023-12-23,487857,12027,2170593,22475.7,554.1,"379,781 - 506,374","380K - 506K","17,506 - 26,260","18K - 26K","10,043 - 15,065","10K - 15K","442 - 663","442 - 663"
"Southern California","San Bernardino",52,2023-12-24,2023-12-30,487857,12044,2170593,22475.7,554.9,"379,781 - 506,374","380K - 506K","17,506 - 26,260","18K - 26K","10,043 - 15,065","10K - 15K","442 - 663","442 - 663"
"Southern California","San Diego",22,2023-05-28,2023-06-03,854,0,3297860,25.9,0,"0 - 126,593","0 - 127K","0 - 8,753","0 - 9K","0 - 5,021","0 - 5K","0 - 221","0 - 221"
"Southern California","San Diego",23,2023-06-04,2023-06-10,1643,0,3297860,49.8,0,"0 - 126,593","0 - 127K","0 - 8,753","0 - 9K","0 - 5,021","0 - 5K","0 - 221","0 - 221"
"Southern California","San Diego",24,2023-06-11,2023-06-17,2361,25,3297860,71.6,0.8,"0 - 126,593","0 - 127K","0 - 8,753","0 - 9K","0 - 5,021","0 - 5K","0 - 221","0 - 221"
"Southern California","San Diego",25,2023-06-18,2023-06-24,4637,45,3297860,140.6,1.4,"0 - 126,593","0 - 127K","0 - 8,753","0 - 9K","0 - 5,021","0 - 5K","0 - 221","0 - 221"
"Southern California","San Diego",26,2023-06-25,2023-07-01,8223,66,3297860,249.3,2,"0 - 126,593","0 - 127K","0 - 8,753","0 - 9K","0 - 5,021","0 - 5K","0 - 221","0 - 221"
"Southern California","San Diego",27,2023-07-02,2023-07-08,12430,114,3297860,376.9,3.5,"0 - 126,593","0 - 127K","0 - 8,753","0 - 9K","0 - 5,021","0 - 5K","0 - 221","0 - 221"
"Southern California","San Diego",28,2023-07-09,2023-07-15,17957,205,3297860,544.5,6.2,"0 - 126,593","0 - 127K","0 - 8,753","0 - 9K","0 - 5,021","0 - 5K","0 - 221","0 - 221"
"Southern California","San Diego",29,2023-07-16,2023-07-22,22342,315,3297860,677.5,9.6,"0 - 126,593","0 - 127K","0 - 8,753","0 - 9K","0 - 5,021","0 - 5K","0 - 221","0 - 221"
"Southern California","San Diego",30,2023-07-23,2023-07-29,27015,440,3297860,819.2,13.3,"0 - 126,593","0 - 127K","0 - 8,753","0 - 9K","0 - 5,021","0 - 5K","0 - 221","0 - 221"
"Southern California","San Diego",31,2023-07-30,2023-08-05,35267,568,3297860,1069.4,17.2,"0 - 126,593","0 - 127K","0 - 8,753","0 - 9K","0 - 5,021","0 - 5K","0 - 221","0 - 221"
"Southern California","San Diego",32,2023-08-06,2023-08-12,43579,692,3297860,1321.4,21,"0 - 126,593","0 - 127K","0 - 8,753","0 - 9K","0 - 5,021","0 - 5K","0 - 221","0 - 221"
"Southern California","San Diego",33,2023-08-13,2023-08-19,53757,918,3297860,1630.1,27.8,"0 - 126,593","0 - 127K","0 - 8,753","0 - 9K","0 - 5,021","0 - 5K","0 - 221","0 - 221"
"Southern California","San Diego",34,2023-08-20,2023-08-26,69043,1177,3297860,2093.6,35.7,"0 - 126,593","0 - 127K","0 - 8,753","0 - 9K","0 - 5,021","0 - 5K","0 - 221","0 - 221"
"Southern California","San Diego",35,2023-08-27,2023-09-02,93065,1435,3297860,2822,43.5,"0 - 126,593","0 - 127K","0 - 8,753","0 - 9K","0 - 5,021","0 - 5K","0 - 221","0 - 221"
"Southern California","San Diego",36,2023-09-03,2023-09-09,116507,1834,3297860,3532.8,55.6,"0 - 126,593","0 - 127K","0 - 8,753","0 - 9K","0 - 5,021","0 - 5K","0 - 221","0 - 221"
"Southern California","San Diego",37,2023-09-10,2023-09-16,138613,2520,3297860,4203.1,76.4,"126,593 - 253,187","127K - 253K","0 - 8,753","0 - 9K","0 - 5,021","0 - 5K","0 - 221","0 - 221"
"Southern California","San Diego",38,2023-09-17,2023-09-23,163566,3175,3297860,4959.8,96.3,"126,593 - 253,187","127K - 253K","0 - 8,753","0 - 9K","0 - 5,021","0 - 5K","0 - 221","0 - 221"
"Southern California","San Diego",39,2023-09-24,2023-09-30,184234,3827,3297860,5586.5,116,"126,593 - 253,187","127K - 253K","0 - 8,753","0 - 9K","0 - 5,021","0 - 5K","0 - 221","0 - 221"
"Southern California","San Diego",40,2023-10-01,2023-10-07,204929,4528,3297860,6214,137.3,"126,593 - 253,187","127K - 253K","0 - 8,753","0 - 9K","0 - 5,021","0 - 5K","0 - 221","0 - 221"
"Southern California","San Diego",41,2023-10-08,2023-10-14,225295,5191,3297860,6831.6,157.4,"126,593 - 253,187","127K - 253K","0 - 8,753","0 - 9K","5,021 - 10,043","5K - 10K","0 - 221","0 - 221"
"Southern California","San Diego",42,2023-10-15,2023-10-21,246251,5812,3297860,7467,176.2,"126,593 - 253,187","127K - 253K","0 - 8,753","0 - 9K","5,021 - 10,043","5K - 10K","0 - 221","0 - 221"
"Southern California","San Diego",43,2023-10-22,2023-10-28,263327,6386,3297860,7984.8,193.6,"253,187 - 379,781","253K - 380K","0 - 8,753","0 - 9K","5,021 - 10,043","5K - 10K","0 - 221","0 - 221"
"Southern California","San Diego",44,2023-10-29,2023-11-04,274775,6979,3297860,8331.9,211.6,"253,187 - 379,781","253K - 380K","0 - 8,753","0 - 9K","5,021 - 10,043","5K - 10K","0 - 221","0 - 221"
"Southern California","San Diego",45,2023-11-05,2023-11-11,282873,7468,3297860,8577.5,226.4,"253,187 - 379,781","253K - 380K","0 - 8,753","0 - 9K","5,021 - 10,043","5K - 10K","221 - 442","221 - 442"
"Southern California","San Diego",46,2023-11-12,2023-11-18,285814,7830,3297860,8666.7,237.4,"253,187 - 379,781","253K - 380K","0 - 8,753","0 - 9K","5,021 - 10,043","5K - 10K","221 - 442","221 - 442"
"Southern California","San Diego",47,2023-11-19,2023-11-25,286238,8055,3297860,8679.5,244.2,"253,187 - 379,781","253K - 380K","0 - 8,753","0 - 9K","5,021 - 10,043","5K - 10K","221 - 442","221 - 442"
"Southern California","San Diego",48,2023-11-26,2023-12-02,286750,8184,3297860,8695,248.2,"253,187 - 379,781","253K - 380K","0 - 8,753","0 - 9K","5,021 - 10,043","5K - 10K","221 - 442","221 - 442"
"Southern California","San Diego",49,2023-12-03,2023-12-09,286750,8208,3297860,8695,248.9,"253,187 - 379,781","253K - 380K","0 - 8,753","0 - 9K","5,021 - 10,043","5K - 10K","221 - 442","221 - 442"
"Southern California","San Diego",50,2023-12-10,2023-12-16,287256,8231,3297860,8710.4,249.6,"253,187 - 379,781","253K - 380K","0 - 8,753","0 - 9K","5,021 - 10,043","5K - 10K","221 - 442","221 - 442"
"Southern California","San Diego",51,2023-12-17,2023-12-23,287256,8234,3297860,8710.4,249.7,"253,187 - 379,781","253K - 380K","0 - 8,753","0 - 9K","5,021 - 10,043","5K - 10K","221 - 442","221 - 442"
"Southern California","San Diego",52,2023-12-24,2023-12-30,287256,8248,3297860,8710.4,250.1,"253,187 - 379,781","253K - 380K","0 - 8,753","0 - 9K","5,021 - 10,043","5K - 10K","221 - 442","221 - 442"
"Southern California","San Luis Obispo",22,2023-05-28,2023-06-03,115,0,280251,41,0,"0 - 126,593","0 - 127K","0 - 8,753","0 - 9K","0 - 5,021","0 - 5K","0 - 221","0 - 221"
"Southern California","San Luis Obispo",23,2023-06-04,2023-06-10,228,0,280251,81.4,0,"0 - 126,593","0 - 127K","0 - 8,753","0 - 9K","0 - 5,021","0 - 5K","0 - 221","0 - 221"
"Southern California","San Luis Obispo",24,2023-06-11,2023-06-17,308,4,280251,109.9,1.4,"0 - 126,593","0 - 127K","0 - 8,753","0 - 9K","0 - 5,021","0 - 5K","0 - 221","0 - 221"
"Southern California","San Luis Obispo",25,2023-06-18,2023-06-24,565,6,280251,201.6,2.1,"0 - 126,593","0 - 127K","0 - 8,753","0 - 9K","0 - 5,021","0 - 5K","0 - 221","0 - 221"
"Southern California","San Luis Obispo",26,2023-06-25,2023-07-01,989,12,280251,352.9,4.3,"0 - 126,593","0 - 127K","0 - 8,753","0 - 9K","0 - 5,021","0 - 5K","0 - 221","0 - 221"
"Southern California","San Luis Obispo",27,2023-07-02,2023-07-08,1511,21,280251,539.2,7.5,"0 - 126,593","0 - 127K","0 - 8,753","0 - 9K","0 - 5,021","0 - 5K","0 - 221","0 - 221"
"Southern California","San Luis Obispo",28,2023-07-09,2023-07-15,2185,40,280251,779.7,14.3,"0 - 126,593","0 - 127K","0 - 8,753","0 - 9K","0 - 5,021","0 - 5K","0 - 221","0 - 221"
"Southern California","San Luis Obispo",29,2023-07-16,2023-07-22,2711,59,280251,967.3,21.1,"0 - 126,593","0 - 127K","0 - 8,753","0 - 9K","0 - 5,021","0 - 5K","0 - 221","0 - 221"
"Southern California","San Luis Obispo",30,2023-07-23,2023-07-29,3262,91,280251,1164,32.5,"0 - 126,593","0 - 127K","0 - 8,753","0 - 9K","0 - 5,021","0 - 5K","0 - 221","0 - 221"
"Southern California","San Luis Obispo",31,2023-07-30,2023-08-05,4269,108,280251,1523.3,38.5,"0 - 126,593","0 - 127K","0 - 8,753","0 - 9K","0 - 5,021","0 - 5K","0 - 221","0 - 221"
"Southern California","San Luis Obispo",32,2023-08-06,2023-08-12,5244,129,280251,1871.2,46,"0 - 126,593","0 - 127K","0 - 8,753","0 - 9K","0 - 5,021","0 - 5K","0 - 221","0 - 221"
"Southern California","San Luis Obispo",33,2023-08-13,2023-08-19,6494,161,280251,2317.2,57.4,"0 - 126,593","0 - 127K","0 - 8,753","0 - 9K","0 - 5,021","0 - 5K","0 - 221","0 - 221"
"Southern California","San Luis Obispo",34,2023-08-20,2023-08-26,8510,189,280251,3036.6,67.4,"0 - 126,593","0 - 127K","0 - 8,753","0 - 9K","0 - 5,021","0 - 5K","0 - 221","0 - 221"
"Southern California","San Luis Obispo",35,2023-08-27,2023-09-02,11363,233,280251,4054.6,83.1,"0 - 126,593","0 - 127K","0 - 8,753","0 - 9K","0 - 5,021","0 - 5K","0 - 221","0 - 221"
"Southern California","San Luis Obispo",36,2023-09-03,2023-09-09,14329,295,280251,5112.9,105.3,"0 - 126,593","0 - 127K","0 - 8,753","0 - 9K","0 - 5,021","0 - 5K","0 - 221","0 - 221"
"Southern California","San Luis Obispo",37,2023-09-10,2023-09-16,17213,373,280251,6142,133.1,"0 - 126,593","0 - 127K","0 - 8,753","0 - 9K","0 - 5,021","0 - 5K","0 - 221","0 - 221"
"Southern California","San Luis Obispo",38,2023-09-17,2023-09-23,20395,493,280251,7277.4,175.9,"0 - 126,593","0 - 127K","0 - 8,753","0 - 9K","0 - 5,021","0 - 5K","0 - 221","0 - 221"
"Southern California","San Luis Obispo",39,2023-09-24,2023-09-30,22836,602,280251,8148.4,214.8,"0 - 126,593","0 - 127K","0 - 8,753","0 - 9K","0 - 5,021","0 - 5K","0 - 221","0 - 221"
"Southern California","San Luis Obispo",40,2023-10-01,2023-10-07,25354,720,280251,9046.9,256.9,"0 - 126,593","0 - 127K","8,753 - 17,506","9K - 18K","0 - 5,021","0 - 5K","221 - 442","221 - 442"
"Southern California","San Luis Obispo",41,2023-10-08,2023-10-14,27821,820,280251,9927.2,292.6,"0 - 126,593","0 - 127K","8,753 - 17,506","9K - 18K","0 - 5,021","0 - 5K","221 - 442","221 - 442"
"Southern California","San Luis Obispo",42,2023-10-15,2023-10-21,30319,894,280251,10818.5,319,"0 - 126,593","0 - 127K","8,753 - 17,506","9K - 18K","0 - 5,021","0 - 5K","221 - 442","221 - 442"
"Southern California","San Luis Obispo",43,2023-10-22,2023-10-28,32377,981,280251,11552.9,350,"0 - 126,593","0 - 127K","8,753 - 17,506","9K - 18K","0 - 5,021","0 - 5K","221 - 442","221 - 442"
"Southern California","San Luis Obispo",44,2023-10-29,2023-11-04,33852,1055,280251,12079.2,376.4,"0 - 126,593","0 - 127K","8,753 - 17,506","9K - 18K","0 - 5,021","0 - 5K","221 - 442","221 - 442"
"Southern California","San Luis Obispo",45,2023-11-05,2023-11-11,34782,1121,280251,12411,400,"0 - 126,593","0 - 127K","8,753 - 17,506","9K - 18K","0 - 5,021","0 - 5K","221 - 442","221 - 442"
"Southern California","San Luis Obispo",46,2023-11-12,2023-11-18,35120,1173,280251,12531.6,418.6,"0 - 126,593","0 - 127K","8,753 - 17,506","9K - 18K","0 - 5,021","0 - 5K","221 - 442","221 - 442"
"Southern California","San Luis Obispo",47,2023-11-19,2023-11-25,35174,1221,280251,12550.9,435.7,"0 - 126,593","0 - 127K","8,753 - 17,506","9K - 18K","0 - 5,021","0 - 5K","221 - 442","221 - 442"
"Southern California","San Luis Obispo",48,2023-11-26,2023-12-02,35231,1238,280251,12571.2,441.7,"0 - 126,593","0 - 127K","8,753 - 17,506","9K - 18K","0 - 5,021","0 - 5K","221 - 442","221 - 442"
"Southern California","San Luis Obispo",49,2023-12-03,2023-12-09,35231,1242,280251,12571.2,443.2,"0 - 126,593","0 - 127K","8,753 - 17,506","9K - 18K","0 - 5,021","0 - 5K","442 - 663","442 - 663"
"Southern California","San Luis Obispo",50,2023-12-10,2023-12-16,35294,1247,280251,12593.7,445,"0 - 126,593","0 - 127K","8,753 - 17,506","9K - 18K","0 - 5,021","0 - 5K","442 - 663","442 - 663"
"Southern California","San Luis Obispo",51,2023-12-17,2023-12-23,35294,1247,280251,12593.7,445,"0 - 126,593","0 - 127K","8,753 - 17,506","9K - 18K","0 - 5,021","0 - 5K","442 - 663","442 - 663"
"Southern California","San Luis Obispo",52,2023-12-24,2023-12-30,35294,1250,280251,12593.7,446,"0 - 126,593","0 - 127K","8,753 - 17,506","9K - 18K","0 - 5,021","0 - 5K","442 - 663","442 - 663"
"Southern California","Santa Barbara",22,2023-05-28,2023-06-03,107,0,442614,24.2,0,"0 - 126,593","0 - 127K","0 - 8,753","0 - 9K","0 - 5,021","0 - 5K","0 - 221","0 - 221"
"Southern California","Santa Barbara",23,2023-06-04,2023-06-10,221,0,442614,49.9,0,"0 - 126,593","0 - 127K","0 - 8,753","0 - 9K","0 - 5,021","0 - 5K","0 - 221","0 - 221"
"Southern California","Santa Barbara",24,2023-06-11,2023-06-17,334,3,442614,75.5,0.7,"0 - 126,593","0 - 127K","0 - 8,753","0 - 9K","0 - 5,021","0 - 5K","0 - 221","0 - 221"
"Southern California","Santa Barbara",25,2023-06-18,2023-06-24,632,5,442614,142.8,1.1,"0 - 126,593","0 - 127K","0 - 8,753","0 - 9K","0 - 5,021","0 - 5K","0 - 221","0 - 221"
"Southern California","Santa Barbara",26,2023-06-25,2023-07-01,1135,7,442614,256.4,1.6,"0 - 126,593","0 - 127K","0 - 8,753","0 - 9K","0 - 5,021","0 - 5K","0 - 221","0 - 221"
"Southern California","Santa Barbara",27,2023-07-02,2023-07-08,1717,14,442614,387.9,3.2,"0 - 126,593","0 - 127K","0 - 8,753","0 - 9K","0 - 5,021","0 - 5K","0 - 221","0 - 221"
"Southern California","Santa Barbara",28,2023-07-09,2023-07-15,2526,30,442614,570.7,6.8,"0 - 126,593","0 - 127K","0 - 8,753","0 - 9K","0 - 5,021","0 - 5K","0 - 221","0 - 221"
"Southern California","Santa Barbara",29,2023-07-16,2023-07-22,3194,47,442614,721.6,10.6,"0 - 126,593","0 - 127K","0 - 8,753","0 - 9K","0 - 5,021","0 - 5K","0 - 221","0 - 221"
"Southern California","Santa Barbara",30,2023-07-23,2023-07-29,3847,75,442614,869.2,16.9,"0 - 126,593","0 - 127K","0 - 8,753","0 - 9K","0 - 5,021","0 - 5K","0 - 221","0 - 221"
"Southern California","Santa Barbara",31,2023-07-30,2023-08-05,5007,100,442614,1131.2,22.6,"0 - 126,593","0 - 127K","0 - 8,753","0 - 9K","0 - 5,021","0 - 5K","0 - 221","0 - 221"
"Southern California","Santa Barbara",32,2023-08-06,2023-08-12,6136,121,442614,1386.3,27.3,"0 - 126,593","0 - 127K","0 - 8,753","0 - 9K","0 - 5,021","0 - 5K","0 - 221","0 - 221"
"Southern California","Santa Barbara",33,2023-08-13,2023-08-19,7531,146,442614,1701.5,33,"0 - 126,593","0 - 127K","0 - 8,753","0 - 9K","0 - 5,021","0 - 5K","0 - 221","0 - 221"
"Southern California","Santa Barbara",34,2023-08-20,2023-08-26,9653,186,442614,2180.9,42,"0 - 126,593","0 - 127K","0 - 8,753","0 - 9K","0 - 5,021","0 - 5K","0 - 221","0 - 221"
"Southern California","Santa Barbara",35,2023-08-27,2023-09-02,13126,230,442614,2965.6,52,"0 - 126,593","0 - 127K","0 - 8,753","0 - 9K","0 - 5,021","0 - 5K","0 - 221","0 - 221"
"Southern California","Santa Barbara",36,2023-09-03,2023-09-09,16320,283,442614,3687.2,63.9,"0 - 126,593","0 - 127K","0 - 8,753","0 - 9K","0 - 5,021","0 - 5K","0 - 221","0 - 221"
"Southern California","Santa Barbara",37,2023-09-10,2023-09-16,19343,377,442614,4370.2,85.2,"0 - 126,593","0 - 127K","0 - 8,753","0 - 9K","0 - 5,021","0 - 5K","0 - 221","0 - 221"
"Southern California","Santa Barbara",38,2023-09-17,2023-09-23,22857,454,442614,5164.1,102.6,"0 - 126,593","0 - 127K","0 - 8,753","0 - 9K","0 - 5,021","0 - 5K","0 - 221","0 - 221"
"Southern California","Santa Barbara",39,2023-09-24,2023-09-30,25771,540,442614,5822.5,122,"0 - 126,593","0 - 127K","0 - 8,753","0 - 9K","0 - 5,021","0 - 5K","0 - 221","0 - 221"
"Southern California","Santa Barbara",40,2023-10-01,2023-10-07,28683,641,442614,6480.4,144.8,"0 - 126,593","0 - 127K","0 - 8,753","0 - 9K","0 - 5,021","0 - 5K","0 - 221","0 - 221"
"Southern California","Santa Barbara",41,2023-10-08,2023-10-14,31625,745,442614,7145.1,168.3,"0 - 126,593","0 - 127K","0 - 8,753","0 - 9K","0 - 5,021","0 - 5K","0 - 221","0 - 221"
"Southern California","Santa Barbara",42,2023-10-15,2023-10-21,34593,818,442614,7815.6,184.8,"0 - 126,593","0 - 127K","0 - 8,753","0 - 9K","0 - 5,021","0 - 5K","0 - 221","0 - 221"
"Southern California","Santa Barbara",43,2023-10-22,2023-10-28,36886,903,442614,8333.7,204,"0 - 126,593","0 - 127K","0 - 8,753","0 - 9K","0 - 5,021","0 - 5K","0 - 221","0 - 221"
"Southern California","Santa Barbara",44,2023-10-29,2023-11-04,38470,977,442614,8691.5,220.7,"0 - 126,593","0 - 127K","0 - 8,753","0 - 9K","0 - 5,021","0 - 5K","0 - 221","0 - 221"
"Southern California","Santa Barbara",45,2023-11-05,2023-11-11,39615,1041,442614,8950.2,235.2,"0 - 126,593","0 - 127K","8,753 - 17,506","9K - 18K","0 - 5,021","0 - 5K","221 - 442","221 - 442"
"Southern California","Santa Barbara",46,2023-11-12,2023-11-18,39972,1098,442614,9030.9,248.1,"0 - 126,593","0 - 127K","8,753 - 17,506","9K - 18K","0 - 5,021","0 - 5K","221 - 442","221 - 442"
"Southern California","Santa Barbara",47,2023-11-19,2023-11-25,40018,1133,442614,9041.3,256,"0 - 126,593","0 - 127K","8,753 - 17,506","9K - 18K","0 - 5,021","0 - 5K","221 - 442","221 - 442"
"Southern California","Santa Barbara",48,2023-11-26,2023-12-02,40082,1147,442614,9055.7,259.1,"0 - 126,593","0 - 127K","8,753 - 17,506","9K - 18K","0 - 5,021","0 - 5K","221 - 442","221 - 442"
"Southern California","Santa Barbara",49,2023-12-03,2023-12-09,40082,1151,442614,9055.7,260,"0 - 126,593","0 - 127K","8,753 - 17,506","9K - 18K","0 - 5,021","0 - 5K","221 - 442","221 - 442"
"Southern California","Santa Barbara",50,2023-12-10,2023-12-16,40150,1153,442614,9071.1,260.5,"0 - 126,593","0 - 127K","8,753 - 17,506","9K - 18K","0 - 5,021","0 - 5K","221 - 442","221 - 442"
"Southern California","Santa Barbara",51,2023-12-17,2023-12-23,40150,1153,442614,9071.1,260.5,"0 - 126,593","0 - 127K","8,753 - 17,506","9K - 18K","0 - 5,021","0 - 5K","221 - 442","221 - 442"
"Southern California","Santa Barbara",52,2023-12-24,2023-12-30,40150,1153,442614,9071.1,260.5,"0 - 126,593","0 - 127K","8,753 - 17,506","9K - 18K","0 - 5,021","0 - 5K","221 - 442","221 - 442"
"Southern California","Ventura",22,2023-05-28,2023-06-03,202,0,825937,24.5,0,"0 - 126,593","0 - 127K","0 - 8,753","0 - 9K","0 - 5,021","0 - 5K","0 - 221","0 - 221"
"Southern California","Ventura",23,2023-06-04,2023-06-10,403,0,825937,48.8,0,"0 - 126,593","0 - 127K","0 - 8,753","0 - 9K","0 - 5,021","0 - 5K","0 - 221","0 - 221"
"Southern California","Ventura",24,2023-06-11,2023-06-17,580,5,825937,70.2,0.6,"0 - 126,593","0 - 127K","0 - 8,753","0 - 9K","0 - 5,021","0 - 5K","0 - 221","0 - 221"
"Southern California","Ventura",25,2023-06-18,2023-06-24,1159,15,825937,140.3,1.8,"0 - 126,593","0 - 127K","0 - 8,753","0 - 9K","0 - 5,021","0 - 5K","0 - 221","0 - 221"
"Southern California","Ventura",26,2023-06-25,2023-07-01,2076,20,825937,251.4,2.4,"0 - 126,593","0 - 127K","0 - 8,753","0 - 9K","0 - 5,021","0 - 5K","0 - 221","0 - 221"
"Southern California","Ventura",27,2023-07-02,2023-07-08,3188,35,825937,386,4.2,"0 - 126,593","0 - 127K","0 - 8,753","0 - 9K","0 - 5,021","0 - 5K","0 - 221","0 - 221"
"Southern California","Ventura",28,2023-07-09,2023-07-15,4638,57,825937,561.5,6.9,"0 - 126,593","0 - 127K","0 - 8,753","0 - 9K","0 - 5,021","0 - 5K","0 - 221","0 - 221"
"Southern California","Ventura",29,2023-07-16,2023-07-22,5744,88,825937,695.5,10.7,"0 - 126,593","0 - 127K","0 - 8,753","0 - 9K","0 - 5,021","0 - 5K","0 - 221","0 - 221"
"Southern California","Ventura",30,2023-07-23,2023-07-29,6936,129,825937,839.8,15.6,"0 - 126,593","0 - 127K","0 - 8,753","0 - 9K","0 - 5,021","0 - 5K","0 - 221","0 - 221"
"Southern California","Ventura",31,2023-07-30,2023-08-05,9114,159,825937,1103.5,19.3,"0 - 126,593","0 - 127K","0 - 8,753","0 - 9K","0 - 5,021","0 - 5K","0 - 221","0 - 221"
"Southern California","Ventura",32,2023-08-06,2023-08-12,11285,197,825937,1366.3,23.9,"0 - 126,593","0 - 127K","0 - 8,753","0 - 9K","0 - 5,021","0 - 5K","0 - 221","0 - 221"
"Southern California","Ventura",33,2023-08-13,2023-08-19,13907,266,825937,1683.8,32.2,"0 - 126,593","0 - 127K","0 - 8,753","0 - 9K","0 - 5,021","0 - 5K","0 - 221","0 - 221"
"Southern California","Ventura",34,2023-08-20,2023-08-26,18002,324,825937,2179.6,39.2,"0 - 126,593","0 - 127K","0 - 8,753","0 - 9K","0 - 5,021","0 - 5K","0 - 221","0 - 221"
"Southern California","Ventura",35,2023-08-27,2023-09-02,24165,403,825937,2925.8,48.8,"0 - 126,593","0 - 127K","0 - 8,753","0 - 9K","0 - 5,021","0 - 5K","0 - 221","0 - 221"
"Southern California","Ventura",36,2023-09-03,2023-09-09,30297,523,825937,3668.2,63.3,"0 - 126,593","0 - 127K","0 - 8,753","0 - 9K","0 - 5,021","0 - 5K","0 - 221","0 - 221"
"Southern California","Ventura",37,2023-09-10,2023-09-16,35890,704,825937,4345.4,85.2,"0 - 126,593","0 - 127K","0 - 8,753","0 - 9K","0 - 5,021","0 - 5K","0 - 221","0 - 221"
"Southern California","Ventura",38,2023-09-17,2023-09-23,42427,879,825937,5136.8,106.4,"0 - 126,593","0 - 127K","0 - 8,753","0 - 9K","0 - 5,021","0 - 5K","0 - 221","0 - 221"
"Southern California","Ventura",39,2023-09-24,2023-09-30,47726,1032,825937,5778.4,124.9,"0 - 126,593","0 - 127K","0 - 8,753","0 - 9K","0 - 5,021","0 - 5K","0 - 221","0 - 221"
"Southern California","Ventura",40,2023-10-01,2023-10-07,53100,1240,825937,6429.1,150.1,"0 - 126,593","0 - 127K","0 - 8,753","0 - 9K","0 - 5,021","0 - 5K","0 - 221","0 - 221"
"Southern California","Ventura",41,2023-10-08,2023-10-14,58405,1401,825937,7071.4,169.6,"0 - 126,593","0 - 127K","0 - 8,753","0 - 9K","0 - 5,021","0 - 5K","0 - 221","0 - 221"
"Southern California","Ventura",42,2023-10-15,2023-10-21,63807,1563,825937,7725.4,189.2,"0 - 126,593","0 - 127K","0 - 8,753","0 - 9K","0 - 5,021","0 - 5K","0 - 221","0 - 221"
"Southern California","Ventura",43,2023-10-22,2023-10-28,68249,1722,825937,8263.2,208.5,"0 - 126,593","0 - 127K","0 - 8,753","0 - 9K","0 - 5,021","0 - 5K","0 - 221","0 - 221"
"Southern California","Ventura",44,2023-10-29,2023-11-04,71207,1885,825937,8621.4,228.2,"0 - 126,593","0 - 127K","0 - 8,753","0 - 9K","0 - 5,021","0 - 5K","221 - 442","221 - 442"
"Southern California","Ventura",45,2023-11-05,2023-11-11,73249,2018,825937,8868.6,244.3,"0 - 126,593","0 - 127K","8,753 - 17,506","9K - 18K","0 - 5,021","0 - 5K","221 - 442","221 - 442"
"Southern California","Ventura",46,2023-11-12,2023-11-18,74038,2132,825937,8964.1,258.1,"0 - 126,593","0 - 127K","8,753 - 17,506","9K - 18K","0 - 5,021","0 - 5K","221 - 442","221 - 442"
"Southern California","Ventura",47,2023-11-19,2023-11-25,74127,2193,825937,8974.9,265.5,"0 - 126,593","0 - 127K","8,753 - 17,506","9K - 18K","0 - 5,021","0 - 5K","221 - 442","221 - 442"
"Southern California","Ventura",48,2023-11-26,2023-12-02,74239,2232,825937,8988.5,270.2,"0 - 126,593","0 - 127K","8,753 - 17,506","9K - 18K","0 - 5,021","0 - 5K","221 - 442","221 - 442"
"Southern California","Ventura",49,2023-12-03,2023-12-09,74239,2242,825937,8988.5,271.4,"0 - 126,593","0 - 127K","8,753 - 17,506","9K - 18K","0 - 5,021","0 - 5K","221 - 442","221 - 442"
"Southern California","Ventura",50,2023-12-10,2023-12-16,74380,2244,825937,9005.5,271.7,"0 - 126,593","0 - 127K","8,753 - 17,506","9K - 18K","0 - 5,021","0 - 5K","221 - 442","221 - 442"
"Southern California","Ventura",51,2023-12-17,2023-12-23,74380,2245,825937,9005.5,271.8,"0 - 126,593","0 - 127K","8,753 - 17,506","9K - 18K","0 - 5,021","0 - 5K","221 - 442","221 - 442"
"Southern California","Ventura",52,2023-12-24,2023-12-30,74380,2247,825937,9005.5,272.1,"0 - 126,593","0 - 127K","8,753 - 17,506","9K - 18K","0 - 5,021","0 - 5K","221 - 442","221 - 442"
