"health_officer_region","county","mmwr_year","mmwr_week","start_date","end_date","mnth_lbl","total_ca_pop","total_cnty_pop","cumulative_infected","cumulative_severe","new_infections","new_severe","cum_rate_100k","inf_rate_100k","sev_rate_100k"
"Bay Area","Alameda",2023,22,2023-05-28,2023-06-03,"May",39109070,1656037,6,0,450,0,0.4,27.2,0
"Bay Area","Alameda",2023,23,2023-06-04,2023-06-10,"Jun",39109070,1656037,7,0,410,0,0.4,24.8,0
"Bay Area","Alameda",2023,24,2023-06-11,2023-06-17,"Jun",39109070,1656037,9,1,411,11,0.5,24.8,0.7
"Bay Area","Alameda",2023,25,2023-06-18,2023-06-24,"Jun",39109070,1656037,19,1,1167,9,1.1,70.5,0.5
"Bay Area","Alameda",2023,26,2023-06-25,2023-07-01,"Jun",39109070,1656037,38,1,1852,14,2.3,111.8,0.8
"Bay Area","Alameda",2023,27,2023-07-02,2023-07-08,"Jul",39109070,1656037,63,1,2203,39,3.8,133,2.4
"Bay Area","Alameda",2023,28,2023-07-09,2023-07-15,"Jul",39109070,1656037,86,1,2800,53,5.2,169.1,3.2
"Bay Area","Alameda",2023,29,2023-07-16,2023-07-22,"Jul",39109070,1656037,104,1,2258,53,6.3,136.3,3.2
"Bay Area","Alameda",2023,30,2023-07-23,2023-07-29,"Jul",39109070,1656037,126,1,2370,70,7.6,143.1,4.2
"Bay Area","Alameda",2023,31,2023-07-30,2023-08-05,"Jul",39109070,1656037,161,1,4117,52,9.7,248.6,3.1
"Bay Area","Alameda",2023,32,2023-08-06,2023-08-12,"Aug",39109070,1656037,190,1,4083,68,11.5,246.6,4.1
"Bay Area","Alameda",2023,33,2023-08-13,2023-08-19,"Aug",39109070,1656037,233,1,5373,107,14.1,324.4,6.5
"Bay Area","Alameda",2023,34,2023-08-20,2023-08-26,"Aug",39109070,1656037,302,1,7981,109,18.2,481.9,6.6
"Bay Area","Alameda",2023,35,2023-08-27,2023-09-02,"Aug",39109070,1656037,411,1,12542,147,24.8,757.4,8.9
"Bay Area","Alameda",2023,36,2023-09-03,2023-09-09,"Sep",39109070,1656037,511,1,12353,205,30.9,745.9,12.4
"Bay Area","Alameda",2023,37,2023-09-10,2023-09-16,"Sep",39109070,1656037,609,1,11478,341,36.8,693.1,20.6
"Bay Area","Alameda",2023,38,2023-09-17,2023-09-23,"Sep",39109070,1656037,722,1,12910,348,43.6,779.6,21
"Bay Area","Alameda",2023,39,2023-09-24,2023-09-30,"Sep",39109070,1656037,825,1,10749,321,49.8,649.1,19.4
"Bay Area","Alameda",2023,40,2023-10-01,2023-10-07,"Oct",39109070,1656037,918,1,10890,329,55.4,657.6,19.9
"Bay Area","Alameda",2023,41,2023-10-08,2023-10-14,"Oct",39109070,1656037,1024,2,10554,316,61.8,637.3,19.1
"Bay Area","Alameda",2023,42,2023-10-15,2023-10-21,"Oct",39109070,1656037,1126,2,10929,318,68,659.9,19.2
"Bay Area","Alameda",2023,43,2023-10-22,2023-10-28,"Oct",39109070,1656037,1227,2,8815,289,74.1,532.3,17.5
"Bay Area","Alameda",2023,44,2023-10-29,2023-11-04,"Oct",39109070,1656037,1276,2,5884,297,77.1,355.3,17.9
"Bay Area","Alameda",2023,45,2023-11-05,2023-11-11,"Nov",39109070,1656037,1314,2,4321,247,79.3,260.9,14.9
"Bay Area","Alameda",2023,46,2023-11-12,2023-11-18,"Nov",39109070,1656037,1325,2,1420,177,80,85.7,10.7
"Bay Area","Alameda",2023,47,2023-11-19,2023-11-25,"Nov",39109070,1656037,1327,2,188,128,80.1,11.4,7.7
"Bay Area","Alameda",2023,48,2023-11-26,2023-12-02,"Nov",39109070,1656037,1328,2,268,62,80.2,16.2,3.7
"Bay Area","Alameda",2023,49,2023-12-03,2023-12-09,"Dec",39109070,1656037,1328,2,0,17,80.2,0,1
"Bay Area","Alameda",2023,50,2023-12-10,2023-12-16,"Dec",39109070,1656037,1329,2,265,7,80.3,16,0.4
"Bay Area","Alameda",2023,51,2023-12-17,2023-12-23,"Dec",39109070,1656037,1329,2,0,2,80.3,0,0.1
"Bay Area","Alameda",2023,52,2023-12-24,2023-12-30,"Dec",39109070,1656037,1329,2,0,5,80.3,0,0.3
"Bay Area","Contra Costa",2023,22,2023-05-28,2023-06-03,"May",39109070,1146536,4,0,303,0,0.3,26.4,0
"Bay Area","Contra Costa",2023,23,2023-06-04,2023-06-10,"Jun",39109070,1146536,11,0,293,0,1,25.6,0
"Bay Area","Contra Costa",2023,24,2023-06-11,2023-06-17,"Jun",39109070,1146536,13,0,241,11,1.1,21,1
"Bay Area","Contra Costa",2023,25,2023-06-18,2023-06-24,"Jun",39109070,1146536,20,0,752,9,1.7,65.6,0.8
"Bay Area","Contra Costa",2023,26,2023-06-25,2023-07-01,"Jun",39109070,1146536,36,0,1257,6,3.1,109.6,0.5
"Bay Area","Contra Costa",2023,27,2023-07-02,2023-07-08,"Jul",39109070,1146536,60,0,1518,23,5.2,132.4,2
"Bay Area","Contra Costa",2023,28,2023-07-09,2023-07-15,"Jul",39109070,1146536,81,0,2025,35,7.1,176.6,3.1
"Bay Area","Contra Costa",2023,29,2023-07-16,2023-07-22,"Jul",39109070,1146536,98,0,1546,47,8.5,134.8,4.1
"Bay Area","Contra Costa",2023,30,2023-07-23,2023-07-29,"Jul",39109070,1146536,124,0,1662,50,10.8,145,4.4
"Bay Area","Contra Costa",2023,31,2023-07-30,2023-08-05,"Jul",39109070,1146536,164,0,2952,44,14.3,257.5,3.8
"Bay Area","Contra Costa",2023,32,2023-08-06,2023-08-12,"Aug",39109070,1146536,202,0,2941,51,17.6,256.5,4.4
"Bay Area","Contra Costa",2023,33,2023-08-13,2023-08-19,"Aug",39109070,1146536,250,1,3826,90,21.8,333.7,7.8
"Bay Area","Contra Costa",2023,34,2023-08-20,2023-08-26,"Aug",39109070,1146536,323,1,5531,92,28.2,482.4,8
"Bay Area","Contra Costa",2023,35,2023-08-27,2023-09-02,"Aug",39109070,1146536,409,1,8625,102,35.7,752.3,8.9
"Bay Area","Contra Costa",2023,36,2023-09-03,2023-09-09,"Sep",39109070,1146536,512,1,8437,138,44.7,735.9,12
"Bay Area","Contra Costa",2023,37,2023-09-10,2023-09-16,"Sep",39109070,1146536,603,1,7981,257,52.6,696.1,22.4
"Bay Area","Contra Costa",2023,38,2023-09-17,2023-09-23,"Sep",39109070,1146536,700,1,8932,264,61.1,779,23
"Bay Area","Contra Costa",2023,39,2023-09-24,2023-09-30,"Sep",39109070,1146536,775,1,7388,266,67.6,644.4,23.2
"Bay Area","Contra Costa",2023,40,2023-10-01,2023-10-07,"Oct",39109070,1146536,863,1,7390,288,75.3,644.6,25.1
"Bay Area","Contra Costa",2023,41,2023-10-08,2023-10-14,"Oct",39109070,1146536,961,1,7338,248,83.8,640,21.6
"Bay Area","Contra Costa",2023,42,2023-10-15,2023-10-21,"Oct",39109070,1146536,1053,1,7622,222,91.8,664.8,19.4
"Bay Area","Contra Costa",2023,43,2023-10-22,2023-10-28,"Oct",39109070,1146536,1134,1,6076,223,98.9,529.9,19.4
"Bay Area","Contra Costa",2023,44,2023-10-29,2023-11-04,"Oct",39109070,1146536,1185,1,4014,250,103.4,350.1,21.8
"Bay Area","Contra Costa",2023,45,2023-11-05,2023-11-11,"Nov",39109070,1146536,1216,1,2873,166,106.1,250.6,14.5
"Bay Area","Contra Costa",2023,46,2023-11-12,2023-11-18,"Nov",39109070,1146536,1227,1,1019,130,107,88.9,11.3
"Bay Area","Contra Costa",2023,47,2023-11-19,2023-11-25,"Nov",39109070,1146536,1230,1,129,115,107.3,11.3,10
"Bay Area","Contra Costa",2023,48,2023-11-26,2023-12-02,"Nov",39109070,1146536,1231,1,196,41,107.4,17.1,3.6
"Bay Area","Contra Costa",2023,49,2023-12-03,2023-12-09,"Dec",39109070,1146536,1231,1,0,17,107.4,0,1.5
"Bay Area","Contra Costa",2023,50,2023-12-10,2023-12-16,"Dec",39109070,1146536,1235,1,175,4,107.7,15.3,0.3
"Bay Area","Contra Costa",2023,51,2023-12-17,2023-12-23,"Dec",39109070,1146536,1235,1,0,1,107.7,0,0.1
"Bay Area","Contra Costa",2023,52,2023-12-24,2023-12-30,"Dec",39109070,1146536,1235,1,0,5,107.7,0,0.4
"Bay Area","Marin",2023,22,2023-05-28,2023-06-03,"May",39109070,254744,0,0,71,0,0,27.9,0
"Bay Area","Marin",2023,23,2023-06-04,2023-06-10,"Jun",39109070,254744,3,0,63,0,1.2,24.7,0
"Bay Area","Marin",2023,24,2023-06-11,2023-06-17,"Jun",39109070,254744,4,0,66,1,1.6,25.9,0.4
"Bay Area","Marin",2023,25,2023-06-18,2023-06-24,"Jun",39109070,254744,5,0,171,2,2,67.1,0.8
"Bay Area","Marin",2023,26,2023-06-25,2023-07-01,"Jun",39109070,254744,9,0,301,2,3.5,118.2,0.8
"Bay Area","Marin",2023,27,2023-07-02,2023-07-08,"Jul",39109070,254744,18,0,371,5,7.1,145.6,2
"Bay Area","Marin",2023,28,2023-07-09,2023-07-15,"Jul",39109070,254744,26,0,479,11,10.2,188,4.3
"Bay Area","Marin",2023,29,2023-07-16,2023-07-22,"Jul",39109070,254744,34,0,368,16,13.3,144.5,6.3
"Bay Area","Marin",2023,30,2023-07-23,2023-07-29,"Jul",39109070,254744,38,0,422,8,14.9,165.7,3.1
"Bay Area","Marin",2023,31,2023-07-30,2023-08-05,"Jul",39109070,254744,46,0,670,14,18.1,263,5.5
"Bay Area","Marin",2023,32,2023-08-06,2023-08-12,"Aug",39109070,254744,57,0,667,14,22.4,261.8,5.5
"Bay Area","Marin",2023,33,2023-08-13,2023-08-19,"Aug",39109070,254744,70,0,899,24,27.5,352.9,9.4
"Bay Area","Marin",2023,34,2023-08-20,2023-08-26,"Aug",39109070,254744,86,0,1383,23,33.8,542.9,9
"Bay Area","Marin",2023,35,2023-08-27,2023-09-02,"Aug",39109070,254744,112,0,2114,21,44,829.9,8.2
"Bay Area","Marin",2023,36,2023-09-03,2023-09-09,"Sep",39109070,254744,148,0,1961,43,58.1,769.8,16.9
"Bay Area","Marin",2023,37,2023-09-10,2023-09-16,"Sep",39109070,254744,179,0,1887,80,70.3,740.7,31.4
"Bay Area","Marin",2023,38,2023-09-17,2023-09-23,"Sep",39109070,254744,218,0,2133,76,85.6,837.3,29.8
"Bay Area","Marin",2023,39,2023-09-24,2023-09-30,"Sep",39109070,254744,248,0,1703,77,97.4,668.5,30.2
"Bay Area","Marin",2023,40,2023-10-01,2023-10-07,"Oct",39109070,254744,272,0,1707,72,106.8,670.1,28.3
"Bay Area","Marin",2023,41,2023-10-08,2023-10-14,"Oct",39109070,254744,301,0,1706,88,118.2,669.7,34.5
"Bay Area","Marin",2023,42,2023-10-15,2023-10-21,"Oct",39109070,254744,334,0,1806,62,131.1,708.9,24.3
"Bay Area","Marin",2023,43,2023-10-22,2023-10-28,"Oct",39109070,254744,364,0,1431,81,142.9,561.7,31.8
"Bay Area","Marin",2023,44,2023-10-29,2023-11-04,"Oct",39109070,254744,373,0,911,66,146.4,357.6,25.9
"Bay Area","Marin",2023,45,2023-11-05,2023-11-11,"Nov",39109070,254744,388,0,682,52,152.3,267.7,20.4
"Bay Area","Marin",2023,46,2023-11-12,2023-11-18,"Nov",39109070,254744,390,0,239,42,153.1,93.8,16.5
"Bay Area","Marin",2023,47,2023-11-19,2023-11-25,"Nov",39109070,254744,391,0,26,25,153.5,10.2,9.8
"Bay Area","Marin",2023,48,2023-11-26,2023-12-02,"Nov",39109070,254744,391,0,38,15,153.5,14.9,5.9
"Bay Area","Marin",2023,49,2023-12-03,2023-12-09,"Dec",39109070,254744,391,0,0,2,153.5,0,0.8
"Bay Area","Marin",2023,50,2023-12-10,2023-12-16,"Dec",39109070,254744,392,0,43,2,153.9,16.9,0.8
"Bay Area","Marin",2023,51,2023-12-17,2023-12-23,"Dec",39109070,254744,392,0,0,0,153.9,0,0
"Bay Area","Marin",2023,52,2023-12-24,2023-12-30,"Dec",39109070,254744,392,0,0,2,153.9,0,0.8
"Bay Area","Monterey",2023,22,2023-05-28,2023-06-03,"May",39109070,436476,2,0,124,0,0.5,28.4,0
"Bay Area","Monterey",2023,23,2023-06-04,2023-06-10,"Jun",39109070,436476,3,0,134,0,0.7,30.7,0
"Bay Area","Monterey",2023,24,2023-06-11,2023-06-17,"Jun",39109070,436476,4,0,98,3,0.9,22.5,0.7
"Bay Area","Monterey",2023,25,2023-06-18,2023-06-24,"Jun",39109070,436476,6,0,319,4,1.4,73.1,0.9
"Bay Area","Monterey",2023,26,2023-06-25,2023-07-01,"Jun",39109070,436476,9,0,572,0,2.1,131,0
"Bay Area","Monterey",2023,27,2023-07-02,2023-07-08,"Jul",39109070,436476,14,0,644,7,3.2,147.5,1.6
"Bay Area","Monterey",2023,28,2023-07-09,2023-07-15,"Jul",39109070,436476,16,0,840,11,3.7,192.5,2.5
"Bay Area","Monterey",2023,29,2023-07-16,2023-07-22,"Jul",39109070,436476,18,0,648,20,4.1,148.5,4.6
"Bay Area","Monterey",2023,30,2023-07-23,2023-07-29,"Jul",39109070,436476,27,0,734,24,6.2,168.2,5.5
"Bay Area","Monterey",2023,31,2023-07-30,2023-08-05,"Jul",39109070,436476,33,0,1179,15,7.6,270.1,3.4
"Bay Area","Monterey",2023,32,2023-08-06,2023-08-12,"Aug",39109070,436476,39,0,1248,18,8.9,285.9,4.1
"Bay Area","Monterey",2023,33,2023-08-13,2023-08-19,"Aug",39109070,436476,51,0,1617,40,11.7,370.5,9.2
"Bay Area","Monterey",2023,34,2023-08-20,2023-08-26,"Aug",39109070,436476,69,0,2485,36,15.8,569.3,8.2
"Bay Area","Monterey",2023,35,2023-08-27,2023-09-02,"Aug",39109070,436476,101,0,3637,35,23.1,833.3,8
"Bay Area","Monterey",2023,36,2023-09-03,2023-09-09,"Sep",39109070,436476,126,0,3676,73,28.9,842.2,16.7
"Bay Area","Monterey",2023,37,2023-09-10,2023-09-16,"Sep",39109070,436476,158,0,3347,89,36.2,766.8,20.4
"Bay Area","Monterey",2023,38,2023-09-17,2023-09-23,"Sep",39109070,436476,187,0,3941,125,42.8,902.9,28.6
"Bay Area","Monterey",2023,39,2023-09-24,2023-09-30,"Sep",39109070,436476,213,0,3169,106,48.8,726,24.3
"Bay Area","Monterey",2023,40,2023-10-01,2023-10-07,"Oct",39109070,436476,244,0,3124,115,55.9,715.7,26.3
"Bay Area","Monterey",2023,41,2023-10-08,2023-10-14,"Oct",39109070,436476,273,0,3187,95,62.5,730.2,21.8
"Bay Area","Monterey",2023,42,2023-10-15,2023-10-21,"Oct",39109070,436476,294,0,3115,101,67.4,713.7,23.1
"Bay Area","Monterey",2023,43,2023-10-22,2023-10-28,"Oct",39109070,436476,317,0,2649,89,72.6,606.9,20.4
"Bay Area","Monterey",2023,44,2023-10-29,2023-11-04,"Oct",39109070,436476,332,0,1757,92,76.1,402.5,21.1
"Bay Area","Monterey",2023,45,2023-11-05,2023-11-11,"Nov",39109070,436476,341,0,1284,73,78.1,294.2,16.7
"Bay Area","Monterey",2023,46,2023-11-12,2023-11-18,"Nov",39109070,436476,342,0,426,65,78.4,97.6,14.9
"Bay Area","Monterey",2023,47,2023-11-19,2023-11-25,"Nov",39109070,436476,342,0,50,45,78.4,11.5,10.3
"Bay Area","Monterey",2023,48,2023-11-26,2023-12-02,"Nov",39109070,436476,342,0,67,16,78.4,15.4,3.7
"Bay Area","Monterey",2023,49,2023-12-03,2023-12-09,"Dec",39109070,436476,342,0,0,6,78.4,0,1.4
"Bay Area","Monterey",2023,50,2023-12-10,2023-12-16,"Dec",39109070,436476,342,0,65,3,78.4,14.9,0.7
"Bay Area","Monterey",2023,51,2023-12-17,2023-12-23,"Dec",39109070,436476,342,0,0,1,78.4,0,0.2
"Bay Area","Monterey",2023,52,2023-12-24,2023-12-30,"Dec",39109070,436476,342,0,0,0,78.4,0,0
"Bay Area","Napa",2023,22,2023-05-28,2023-06-03,"May",39109070,134484,0,0,29,0,0,21.6,0
"Bay Area","Napa",2023,23,2023-06-04,2023-06-10,"Jun",39109070,134484,0,0,45,0,0,33.5,0
"Bay Area","Napa",2023,24,2023-06-11,2023-06-17,"Jun",39109070,134484,2,0,37,0,1.5,27.5,0
"Bay Area","Napa",2023,25,2023-06-18,2023-06-24,"Jun",39109070,134484,3,0,98,0,2.2,72.9,0
"Bay Area","Napa",2023,26,2023-06-25,2023-07-01,"Jun",39109070,134484,7,0,144,2,5.2,107.1,1.5
"Bay Area","Napa",2023,27,2023-07-02,2023-07-08,"Jul",39109070,134484,10,0,180,2,7.4,133.8,1.5
"Bay Area","Napa",2023,28,2023-07-09,2023-07-15,"Jul",39109070,134484,14,0,245,2,10.4,182.2,1.5
"Bay Area","Napa",2023,29,2023-07-16,2023-07-22,"Jul",39109070,134484,17,0,191,6,12.6,142,4.5
"Bay Area","Napa",2023,30,2023-07-23,2023-07-29,"Jul",39109070,134484,20,0,206,10,14.9,153.2,7.4
"Bay Area","Napa",2023,31,2023-07-30,2023-08-05,"Jul",39109070,134484,24,0,369,4,17.8,274.4,3
"Bay Area","Napa",2023,32,2023-08-06,2023-08-12,"Aug",39109070,134484,29,0,399,4,21.6,296.7,3
"Bay Area","Napa",2023,33,2023-08-13,2023-08-19,"Aug",39109070,134484,35,0,465,8,26,345.8,5.9
"Bay Area","Napa",2023,34,2023-08-20,2023-08-26,"Aug",39109070,134484,40,0,646,14,29.7,480.4,10.4
"Bay Area","Napa",2023,35,2023-08-27,2023-09-02,"Aug",39109070,134484,45,0,1030,13,33.5,765.9,9.7
"Bay Area","Napa",2023,36,2023-09-03,2023-09-09,"Sep",39109070,134484,54,0,1005,22,40.2,747.3,16.4
"Bay Area","Napa",2023,37,2023-09-10,2023-09-16,"Sep",39109070,134484,70,0,1024,21,52.1,761.4,15.6
"Bay Area","Napa",2023,38,2023-09-17,2023-09-23,"Sep",39109070,134484,87,0,1062,27,64.7,789.7,20.1
"Bay Area","Napa",2023,39,2023-09-24,2023-09-30,"Sep",39109070,134484,99,0,975,42,73.6,725,31.2
"Bay Area","Napa",2023,40,2023-10-01,2023-10-07,"Oct",39109070,134484,106,0,931,35,78.8,692.3,26
"Bay Area","Napa",2023,41,2023-10-08,2023-10-14,"Oct",39109070,134484,119,0,902,35,88.5,670.7,26
"Bay Area","Napa",2023,42,2023-10-15,2023-10-21,"Oct",39109070,134484,133,0,892,25,98.9,663.3,18.6
"Bay Area","Napa",2023,43,2023-10-22,2023-10-28,"Oct",39109070,134484,139,0,759,37,103.4,564.4,27.5
"Bay Area","Napa",2023,44,2023-10-29,2023-11-04,"Oct",39109070,134484,147,0,469,34,109.3,348.7,25.3
"Bay Area","Napa",2023,45,2023-11-05,2023-11-11,"Nov",39109070,134484,148,0,388,22,110.1,288.5,16.4
"Bay Area","Napa",2023,46,2023-11-12,2023-11-18,"Nov",39109070,134484,149,0,119,18,110.8,88.5,13.4
"Bay Area","Napa",2023,47,2023-11-19,2023-11-25,"Nov",39109070,134484,149,0,11,10,110.8,8.2,7.4
"Bay Area","Napa",2023,48,2023-11-26,2023-12-02,"Nov",39109070,134484,149,0,24,4,110.8,17.8,3
"Bay Area","Napa",2023,49,2023-12-03,2023-12-09,"Dec",39109070,134484,149,0,0,3,110.8,0,2.2
"Bay Area","Napa",2023,50,2023-12-10,2023-12-16,"Dec",39109070,134484,149,0,28,1,110.8,20.8,0.7
"Bay Area","Napa",2023,51,2023-12-17,2023-12-23,"Dec",39109070,134484,149,0,0,0,110.8,0,0
"Bay Area","Napa",2023,52,2023-12-24,2023-12-30,"Dec",39109070,134484,149,0,0,1,110.8,0,0.7
"Bay Area","San Benito",2023,22,2023-05-28,2023-06-03,"May",39109070,65082,0,0,14,0,0,21.5,0
"Bay Area","San Benito",2023,23,2023-06-04,2023-06-10,"Jun",39109070,65082,0,0,15,0,0,23,0
"Bay Area","San Benito",2023,24,2023-06-11,2023-06-17,"Jun",39109070,65082,0,0,20,0,0,30.7,0
"Bay Area","San Benito",2023,25,2023-06-18,2023-06-24,"Jun",39109070,65082,1,0,35,0,1.5,53.8,0
"Bay Area","San Benito",2023,26,2023-06-25,2023-07-01,"Jun",39109070,65082,1,0,46,0,1.5,70.7,0
"Bay Area","San Benito",2023,27,2023-07-02,2023-07-08,"Jul",39109070,65082,3,0,81,1,4.6,124.5,1.5
"Bay Area","San Benito",2023,28,2023-07-09,2023-07-15,"Jul",39109070,65082,3,0,94,2,4.6,144.4,3.1
"Bay Area","San Benito",2023,29,2023-07-16,2023-07-22,"Jul",39109070,65082,5,0,82,4,7.7,126,6.1
"Bay Area","San Benito",2023,30,2023-07-23,2023-07-29,"Jul",39109070,65082,6,0,91,3,9.2,139.8,4.6
"Bay Area","San Benito",2023,31,2023-07-30,2023-08-05,"Jul",39109070,65082,8,0,153,5,12.3,235.1,7.7
"Bay Area","San Benito",2023,32,2023-08-06,2023-08-12,"Aug",39109070,65082,9,0,158,2,13.8,242.8,3.1
"Bay Area","San Benito",2023,33,2023-08-13,2023-08-19,"Aug",39109070,65082,14,0,198,2,21.5,304.2,3.1
"Bay Area","San Benito",2023,34,2023-08-20,2023-08-26,"Aug",39109070,65082,17,0,287,4,26.1,441,6.1
"Bay Area","San Benito",2023,35,2023-08-27,2023-09-02,"Aug",39109070,65082,20,0,432,7,30.7,663.8,10.8
"Bay Area","San Benito",2023,36,2023-09-03,2023-09-09,"Sep",39109070,65082,21,0,385,7,32.3,591.6,10.8
"Bay Area","San Benito",2023,37,2023-09-10,2023-09-16,"Sep",39109070,65082,27,0,410,13,41.5,630,20
"Bay Area","San Benito",2023,38,2023-09-17,2023-09-23,"Sep",39109070,65082,31,0,463,13,47.6,711.4,20
"Bay Area","San Benito",2023,39,2023-09-24,2023-09-30,"Sep",39109070,65082,35,0,420,11,53.8,645.3,16.9
"Bay Area","San Benito",2023,40,2023-10-01,2023-10-07,"Oct",39109070,65082,39,0,389,10,59.9,597.7,15.4
"Bay Area","San Benito",2023,41,2023-10-08,2023-10-14,"Oct",39109070,65082,49,0,375,12,75.3,576.2,18.4
"Bay Area","San Benito",2023,42,2023-10-15,2023-10-21,"Oct",39109070,65082,52,0,372,13,79.9,571.6,20
"Bay Area","San Benito",2023,43,2023-10-22,2023-10-28,"Oct",39109070,65082,56,0,326,8,86,500.9,12.3
"Bay Area","San Benito",2023,44,2023-10-29,2023-11-04,"Oct",39109070,65082,57,0,225,16,87.6,345.7,24.6
"Bay Area","San Benito",2023,45,2023-11-05,2023-11-11,"Nov",39109070,65082,60,0,146,12,92.2,224.3,18.4
"Bay Area","San Benito",2023,46,2023-11-12,2023-11-18,"Nov",39109070,65082,60,0,55,6,92.2,84.5,9.2
"Bay Area","San Benito",2023,47,2023-11-19,2023-11-25,"Nov",39109070,65082,60,0,8,5,92.2,12.3,7.7
"Bay Area","San Benito",2023,48,2023-11-26,2023-12-02,"Nov",39109070,65082,60,0,5,2,92.2,7.7,3.1
"Bay Area","San Benito",2023,49,2023-12-03,2023-12-09,"Dec",39109070,65082,60,0,0,0,92.2,0,0
"Bay Area","San Benito",2023,50,2023-12-10,2023-12-16,"Dec",39109070,65082,60,0,6,1,92.2,9.2,1.5
"Bay Area","San Benito",2023,51,2023-12-17,2023-12-23,"Dec",39109070,65082,60,0,0,1,92.2,0,1.5
"Bay Area","San Benito",2023,52,2023-12-24,2023-12-30,"Dec",39109070,65082,60,0,0,0,92.2,0,0
"Bay Area","San Francisco",2023,22,2023-05-28,2023-06-03,"May",39109070,848019,3,0,279,0,0.4,32.9,0
"Bay Area","San Francisco",2023,23,2023-06-04,2023-06-10,"Jun",39109070,848019,6,0,240,0,0.7,28.3,0
"Bay Area","San Francisco",2023,24,2023-06-11,2023-06-17,"Jun",39109070,848019,6,0,210,12,0.7,24.8,1.4
"Bay Area","San Francisco",2023,25,2023-06-18,2023-06-24,"Jun",39109070,848019,14,0,683,6,1.7,80.5,0.7
"Bay Area","San Francisco",2023,26,2023-06-25,2023-07-01,"Jun",39109070,848019,27,0,1055,6,3.2,124.4,0.7
"Bay Area","San Francisco",2023,27,2023-07-02,2023-07-08,"Jul",39109070,848019,43,0,1322,21,5.1,155.9,2.5
"Bay Area","San Francisco",2023,28,2023-07-09,2023-07-15,"Jul",39109070,848019,60,0,1589,36,7.1,187.4,4.2
"Bay Area","San Francisco",2023,29,2023-07-16,2023-07-22,"Jul",39109070,848019,72,0,1340,38,8.5,158,4.5
"Bay Area","San Francisco",2023,30,2023-07-23,2023-07-29,"Jul",39109070,848019,86,0,1367,42,10.1,161.2,5
"Bay Area","San Francisco",2023,31,2023-07-30,2023-08-05,"Jul",39109070,848019,124,0,2425,41,14.6,286,4.8
"Bay Area","San Francisco",2023,32,2023-08-06,2023-08-12,"Aug",39109070,848019,147,0,2360,48,17.3,278.3,5.7
"Bay Area","San Francisco",2023,33,2023-08-13,2023-08-19,"Aug",39109070,848019,189,0,3076,69,22.3,362.7,8.1
"Bay Area","San Francisco",2023,34,2023-08-20,2023-08-26,"Aug",39109070,848019,228,0,4708,74,26.9,555.2,8.7
"Bay Area","San Francisco",2023,35,2023-08-27,2023-09-02,"Aug",39109070,848019,304,0,7098,73,35.8,837,8.6
"Bay Area","San Francisco",2023,36,2023-09-03,2023-09-09,"Sep",39109070,848019,374,0,7062,128,44.1,832.8,15.1
"Bay Area","San Francisco",2023,37,2023-09-10,2023-09-16,"Sep",39109070,848019,425,0,6400,164,50.1,754.7,19.3
"Bay Area","San Francisco",2023,38,2023-09-17,2023-09-23,"Sep",39109070,848019,487,0,7507,195,57.4,885.2,23
"Bay Area","San Francisco",2023,39,2023-09-24,2023-09-30,"Sep",39109070,848019,536,0,6161,166,63.2,726.5,19.6
"Bay Area","San Francisco",2023,40,2023-10-01,2023-10-07,"Oct",39109070,848019,597,0,6158,198,70.4,726.2,23.3
"Bay Area","San Francisco",2023,41,2023-10-08,2023-10-14,"Oct",39109070,848019,666,0,6007,179,78.5,708.4,21.1
"Bay Area","San Francisco",2023,42,2023-10-15,2023-10-21,"Oct",39109070,848019,725,0,6036,154,85.5,711.8,18.2
"Bay Area","San Francisco",2023,43,2023-10-22,2023-10-28,"Oct",39109070,848019,776,0,4976,184,91.5,586.8,21.7
"Bay Area","San Francisco",2023,44,2023-10-29,2023-11-04,"Oct",39109070,848019,804,0,3336,159,94.8,393.4,18.7
"Bay Area","San Francisco",2023,45,2023-11-05,2023-11-11,"Nov",39109070,848019,830,0,2420,149,97.9,285.4,17.6
"Bay Area","San Francisco",2023,46,2023-11-12,2023-11-18,"Nov",39109070,848019,847,0,902,100,99.9,106.4,11.8
"Bay Area","San Francisco",2023,47,2023-11-19,2023-11-25,"Nov",39109070,848019,847,0,111,70,99.9,13.1,8.3
"Bay Area","San Francisco",2023,48,2023-11-26,2023-12-02,"Nov",39109070,848019,847,0,152,46,99.9,17.9,5.4
"Bay Area","San Francisco",2023,49,2023-12-03,2023-12-09,"Dec",39109070,848019,847,0,0,11,99.9,0,1.3
"Bay Area","San Francisco",2023,50,2023-12-10,2023-12-16,"Dec",39109070,848019,850,0,136,4,100.2,16,0.5
"Bay Area","San Francisco",2023,51,2023-12-17,2023-12-23,"Dec",39109070,848019,850,0,0,2,100.2,0,0.2
"Bay Area","San Francisco",2023,52,2023-12-24,2023-12-30,"Dec",39109070,848019,850,0,0,4,100.2,0,0.5
"Bay Area","San Mateo",2023,22,2023-05-28,2023-06-03,"May",39109070,749075,2,0,206,0,0.3,27.5,0
"Bay Area","San Mateo",2023,23,2023-06-04,2023-06-10,"Jun",39109070,749075,5,0,198,0,0.7,26.4,0
"Bay Area","San Mateo",2023,24,2023-06-11,2023-06-17,"Jun",39109070,749075,9,0,157,3,1.2,21,0.4
"Bay Area","San Mateo",2023,25,2023-06-18,2023-06-24,"Jun",39109070,749075,12,0,504,6,1.6,67.3,0.8
"Bay Area","San Mateo",2023,26,2023-06-25,2023-07-01,"Jun",39109070,749075,16,0,863,4,2.1,115.2,0.5
"Bay Area","San Mateo",2023,27,2023-07-02,2023-07-08,"Jul",39109070,749075,19,0,979,11,2.5,130.7,1.5
"Bay Area","San Mateo",2023,28,2023-07-09,2023-07-15,"Jul",39109070,749075,34,0,1326,18,4.5,177,2.4
"Bay Area","San Mateo",2023,29,2023-07-16,2023-07-22,"Jul",39109070,749075,41,0,986,32,5.5,131.6,4.3
"Bay Area","San Mateo",2023,30,2023-07-23,2023-07-29,"Jul",39109070,749075,54,0,1067,38,7.2,142.4,5.1
"Bay Area","San Mateo",2023,31,2023-07-30,2023-08-05,"Jul",39109070,749075,84,0,1921,27,11.2,256.4,3.6
"Bay Area","San Mateo",2023,32,2023-08-06,2023-08-12,"Aug",39109070,749075,107,0,1919,39,14.3,256.2,5.2
"Bay Area","San Mateo",2023,33,2023-08-13,2023-08-19,"Aug",39109070,749075,129,0,2467,49,17.2,329.3,6.5
"Bay Area","San Mateo",2023,34,2023-08-20,2023-08-26,"Aug",39109070,749075,162,0,3631,63,21.6,484.7,8.4
"Bay Area","San Mateo",2023,35,2023-08-27,2023-09-02,"Aug",39109070,749075,219,0,5632,80,29.2,751.9,10.7
"Bay Area","San Mateo",2023,36,2023-09-03,2023-09-09,"Sep",39109070,749075,285,0,5568,106,38,743.3,14.2
"Bay Area","San Mateo",2023,37,2023-09-10,2023-09-16,"Sep",39109070,749075,339,0,5282,165,45.3,705.1,22
"Bay Area","San Mateo",2023,38,2023-09-17,2023-09-23,"Sep",39109070,749075,407,0,6024,175,54.3,804.2,23.4
"Bay Area","San Mateo",2023,39,2023-09-24,2023-09-30,"Sep",39109070,749075,458,0,4835,163,61.1,645.5,21.8
"Bay Area","San Mateo",2023,40,2023-10-01,2023-10-07,"Oct",39109070,749075,507,0,4978,220,67.7,664.6,29.4
"Bay Area","San Mateo",2023,41,2023-10-08,2023-10-14,"Oct",39109070,749075,545,0,4854,153,72.8,648,20.4
"Bay Area","San Mateo",2023,42,2023-10-15,2023-10-21,"Oct",39109070,749075,600,0,5004,139,80.1,668,18.6
"Bay Area","San Mateo",2023,43,2023-10-22,2023-10-28,"Oct",39109070,749075,647,0,3961,146,86.4,528.8,19.5
"Bay Area","San Mateo",2023,44,2023-10-29,2023-11-04,"Oct",39109070,749075,673,0,2688,146,89.8,358.8,19.5
"Bay Area","San Mateo",2023,45,2023-11-05,2023-11-11,"Nov",39109070,749075,699,0,1961,130,93.3,261.8,17.4
"Bay Area","San Mateo",2023,46,2023-11-12,2023-11-18,"Nov",39109070,749075,709,0,650,96,94.7,86.8,12.8
"Bay Area","San Mateo",2023,47,2023-11-19,2023-11-25,"Nov",39109070,749075,709,0,84,85,94.7,11.2,11.3
"Bay Area","San Mateo",2023,48,2023-11-26,2023-12-02,"Nov",39109070,749075,711,0,135,37,94.9,18,4.9
"Bay Area","San Mateo",2023,49,2023-12-03,2023-12-09,"Dec",39109070,749075,711,0,0,12,94.9,0,1.6
"Bay Area","San Mateo",2023,50,2023-12-10,2023-12-16,"Dec",39109070,749075,711,0,106,5,94.9,14.2,0.7
"Bay Area","San Mateo",2023,51,2023-12-17,2023-12-23,"Dec",39109070,749075,711,0,0,1,94.9,0,0.1
"Bay Area","San Mateo",2023,52,2023-12-24,2023-12-30,"Dec",39109070,749075,711,0,0,3,94.9,0,0.4
"Bay Area","Santa Clara",2023,22,2023-05-28,2023-06-03,"May",39109070,1911749,3,0,536,0,0.2,28,0
"Bay Area","Santa Clara",2023,23,2023-06-04,2023-06-10,"Jun",39109070,1911749,5,0,476,0,0.3,24.9,0
"Bay Area","Santa Clara",2023,24,2023-06-11,2023-06-17,"Jun",39109070,1911749,5,0,435,16,0.3,22.8,0.8
"Bay Area","Santa Clara",2023,25,2023-06-18,2023-06-24,"Jun",39109070,1911749,15,0,1314,14,0.8,68.7,0.7
"Bay Area","Santa Clara",2023,26,2023-06-25,2023-07-01,"Jun",39109070,1911749,34,0,2087,13,1.8,109.2,0.7
"Bay Area","Santa Clara",2023,27,2023-07-02,2023-07-08,"Jul",39109070,1911749,62,0,2538,29,3.2,132.8,1.5
"Bay Area","Santa Clara",2023,28,2023-07-09,2023-07-15,"Jul",39109070,1911749,87,0,3289,47,4.6,172,2.5
"Bay Area","Santa Clara",2023,29,2023-07-16,2023-07-22,"Jul",39109070,1911749,101,0,2695,86,5.3,141,4.5
"Bay Area","Santa Clara",2023,30,2023-07-23,2023-07-29,"Jul",39109070,1911749,131,0,2849,105,6.9,149,5.5
"Bay Area","Santa Clara",2023,31,2023-07-30,2023-08-05,"Jul",39109070,1911749,178,0,4920,93,9.3,257.4,4.9
"Bay Area","Santa Clara",2023,32,2023-08-06,2023-08-12,"Aug",39109070,1911749,212,0,4951,76,11.1,259,4
"Bay Area","Santa Clara",2023,33,2023-08-13,2023-08-19,"Aug",39109070,1911749,261,0,6280,129,13.7,328.5,6.7
"Bay Area","Santa Clara",2023,34,2023-08-20,2023-08-26,"Aug",39109070,1911749,342,0,9345,127,17.9,488.8,6.6
"Bay Area","Santa Clara",2023,35,2023-08-27,2023-09-02,"Aug",39109070,1911749,477,0,14499,163,25,758.4,8.5
"Bay Area","Santa Clara",2023,36,2023-09-03,2023-09-09,"Sep",39109070,1911749,630,0,14138,242,33,739.5,12.7
"Bay Area","Santa Clara",2023,37,2023-09-10,2023-09-16,"Sep",39109070,1911749,763,0,13160,377,39.9,688.4,19.7
"Bay Area","Santa Clara",2023,38,2023-09-17,2023-09-23,"Sep",39109070,1911749,916,0,14955,419,47.9,782.3,21.9
"Bay Area","Santa Clara",2023,39,2023-09-24,2023-09-30,"Sep",39109070,1911749,1010,1,12454,381,52.8,651.4,19.9
"Bay Area","Santa Clara",2023,40,2023-10-01,2023-10-07,"Oct",39109070,1911749,1118,1,12520,435,58.5,654.9,22.8
"Bay Area","Santa Clara",2023,41,2023-10-08,2023-10-14,"Oct",39109070,1911749,1233,1,12432,377,64.5,650.3,19.7
"Bay Area","Santa Clara",2023,42,2023-10-15,2023-10-21,"Oct",39109070,1911749,1336,1,12677,326,69.9,663.1,17.1
"Bay Area","Santa Clara",2023,43,2023-10-22,2023-10-28,"Oct",39109070,1911749,1437,1,10236,372,75.2,535.4,19.5
"Bay Area","Santa Clara",2023,44,2023-10-29,2023-11-04,"Oct",39109070,1911749,1519,1,6863,393,79.5,359,20.6
"Bay Area","Santa Clara",2023,45,2023-11-05,2023-11-11,"Nov",39109070,1911749,1571,1,4854,294,82.2,253.9,15.4
"Bay Area","Santa Clara",2023,46,2023-11-12,2023-11-18,"Nov",39109070,1911749,1580,1,1733,220,82.6,90.6,11.5
"Bay Area","Santa Clara",2023,47,2023-11-19,2023-11-25,"Nov",39109070,1911749,1584,1,228,147,82.9,11.9,7.7
"Bay Area","Santa Clara",2023,48,2023-11-26,2023-12-02,"Nov",39109070,1911749,1585,1,317,65,82.9,16.6,3.4
"Bay Area","Santa Clara",2023,49,2023-12-03,2023-12-09,"Dec",39109070,1911749,1585,1,0,15,82.9,0,0.8
"Bay Area","Santa Clara",2023,50,2023-12-10,2023-12-16,"Dec",39109070,1911749,1585,1,293,10,82.9,15.3,0.5
"Bay Area","Santa Clara",2023,51,2023-12-17,2023-12-23,"Dec",39109070,1911749,1585,1,0,0,82.9,0,0
"Bay Area","Santa Clara",2023,52,2023-12-24,2023-12-30,"Dec",39109070,1911749,1585,1,0,12,82.9,0,0.6
"Bay Area","Santa Cruz",2023,22,2023-05-28,2023-06-03,"May",39109070,263101,3,0,76,0,1.1,28.9,0
"Bay Area","Santa Cruz",2023,23,2023-06-04,2023-06-10,"Jun",39109070,263101,4,0,80,0,1.5,30.4,0
"Bay Area","Santa Cruz",2023,24,2023-06-11,2023-06-17,"Jun",39109070,263101,5,0,66,1,1.9,25.1,0.4
"Bay Area","Santa Cruz",2023,25,2023-06-18,2023-06-24,"Jun",39109070,263101,9,0,192,3,3.4,73,1.1
"Bay Area","Santa Cruz",2023,26,2023-06-25,2023-07-01,"Jun",39109070,263101,11,0,350,1,4.2,133,0.4
"Bay Area","Santa Cruz",2023,27,2023-07-02,2023-07-08,"Jul",39109070,263101,20,0,388,3,7.6,147.5,1.1
"Bay Area","Santa Cruz",2023,28,2023-07-09,2023-07-15,"Jul",39109070,263101,27,0,540,10,10.3,205.2,3.8
"Bay Area","Santa Cruz",2023,29,2023-07-16,2023-07-22,"Jul",39109070,263101,30,0,423,10,11.4,160.8,3.8
"Bay Area","Santa Cruz",2023,30,2023-07-23,2023-07-29,"Jul",39109070,263101,40,0,435,9,15.2,165.3,3.4
"Bay Area","Santa Cruz",2023,31,2023-07-30,2023-08-05,"Jul",39109070,263101,51,0,794,19,19.4,301.8,7.2
"Bay Area","Santa Cruz",2023,32,2023-08-06,2023-08-12,"Aug",39109070,263101,59,0,751,13,22.4,285.4,4.9
"Bay Area","Santa Cruz",2023,33,2023-08-13,2023-08-19,"Aug",39109070,263101,69,0,960,20,26.2,364.9,7.6
"Bay Area","Santa Cruz",2023,34,2023-08-20,2023-08-26,"Aug",39109070,263101,80,0,1389,34,30.4,527.9,12.9
"Bay Area","Santa Cruz",2023,35,2023-08-27,2023-09-02,"Aug",39109070,263101,115,0,2250,27,43.7,855.2,10.3
"Bay Area","Santa Cruz",2023,36,2023-09-03,2023-09-09,"Sep",39109070,263101,148,0,2116,53,56.3,804.3,20.1
"Bay Area","Santa Cruz",2023,37,2023-09-10,2023-09-16,"Sep",39109070,263101,188,0,1975,76,71.5,750.7,28.9
"Bay Area","Santa Cruz",2023,38,2023-09-17,2023-09-23,"Sep",39109070,263101,219,0,2270,65,83.2,862.8,24.7
"Bay Area","Santa Cruz",2023,39,2023-09-24,2023-09-30,"Sep",39109070,263101,241,0,1869,75,91.6,710.4,28.5
"Bay Area","Santa Cruz",2023,40,2023-10-01,2023-10-07,"Oct",39109070,263101,273,0,1937,68,103.8,736.2,25.8
"Bay Area","Santa Cruz",2023,41,2023-10-08,2023-10-14,"Oct",39109070,263101,304,0,1858,60,115.5,706.2,22.8
"Bay Area","Santa Cruz",2023,42,2023-10-15,2023-10-21,"Oct",39109070,263101,331,0,1907,62,125.8,724.8,23.6
"Bay Area","Santa Cruz",2023,43,2023-10-22,2023-10-28,"Oct",39109070,263101,353,0,1542,55,134.2,586.1,20.9
"Bay Area","Santa Cruz",2023,44,2023-10-29,2023-11-04,"Oct",39109070,263101,366,0,1019,64,139.1,387.3,24.3
"Bay Area","Santa Cruz",2023,45,2023-11-05,2023-11-11,"Nov",39109070,263101,381,0,783,54,144.8,297.6,20.5
"Bay Area","Santa Cruz",2023,46,2023-11-12,2023-11-18,"Nov",39109070,263101,383,0,230,28,145.6,87.4,10.6
"Bay Area","Santa Cruz",2023,47,2023-11-19,2023-11-25,"Nov",39109070,263101,384,0,33,21,146,12.5,8
"Bay Area","Santa Cruz",2023,48,2023-11-26,2023-12-02,"Nov",39109070,263101,384,0,47,7,146,17.9,2.7
"Bay Area","Santa Cruz",2023,49,2023-12-03,2023-12-09,"Dec",39109070,263101,384,0,0,1,146,0,0.4
"Bay Area","Santa Cruz",2023,50,2023-12-10,2023-12-16,"Dec",39109070,263101,385,0,53,2,146.3,20.1,0.8
"Bay Area","Santa Cruz",2023,51,2023-12-17,2023-12-23,"Dec",39109070,263101,385,0,0,0,146.3,0,0
"Bay Area","Santa Cruz",2023,52,2023-12-24,2023-12-30,"Dec",39109070,263101,385,0,0,0,146.3,0,0
"Bay Area","Solano",2023,22,2023-05-28,2023-06-03,"May",39109070,446745,1,0,285,0,0.2,63.8,0
"Bay Area","Solano",2023,23,2023-06-04,2023-06-10,"Jun",39109070,446745,2,0,257,0,0.4,57.5,0
"Bay Area","Solano",2023,24,2023-06-11,2023-06-17,"Jun",39109070,446745,3,0,220,4,0.7,49.2,0.9
"Bay Area","Solano",2023,25,2023-06-18,2023-06-24,"Jun",39109070,446745,10,0,651,8,2.2,145.7,1.8
"Bay Area","Solano",2023,26,2023-06-25,2023-07-01,"Jun",39109070,446745,19,0,1059,7,4.3,237,1.6
"Bay Area","Solano",2023,27,2023-07-02,2023-07-08,"Jul",39109070,446745,26,0,1349,21,5.8,302,4.7
"Bay Area","Solano",2023,28,2023-07-09,2023-07-15,"Jul",39109070,446745,44,0,1757,37,9.8,393.3,8.3
"Bay Area","Solano",2023,29,2023-07-16,2023-07-22,"Jul",39109070,446745,60,0,1321,42,13.4,295.7,9.4
"Bay Area","Solano",2023,30,2023-07-23,2023-07-29,"Jul",39109070,446745,71,0,1427,58,15.9,319.4,13
"Bay Area","Solano",2023,31,2023-07-30,2023-08-05,"Jul",39109070,446745,103,0,2606,48,23.1,583.3,10.7
"Bay Area","Solano",2023,32,2023-08-06,2023-08-12,"Aug",39109070,446745,126,0,2522,49,28.2,564.5,11
"Bay Area","Solano",2023,33,2023-08-13,2023-08-19,"Aug",39109070,446745,159,0,3135,59,35.6,701.7,13.2
"Bay Area","Solano",2023,34,2023-08-20,2023-08-26,"Aug",39109070,446745,223,0,4707,75,49.9,1053.6,16.8
"Bay Area","Solano",2023,35,2023-08-27,2023-09-02,"Aug",39109070,446745,311,0,7257,80,69.6,1624.4,17.9
"Bay Area","Solano",2023,36,2023-09-03,2023-09-09,"Sep",39109070,446745,387,0,7181,131,86.6,1607.4,29.3
"Bay Area","Solano",2023,37,2023-09-10,2023-09-16,"Sep",39109070,446745,456,0,6385,189,102.1,1429.2,42.3
"Bay Area","Solano",2023,38,2023-09-17,2023-09-23,"Sep",39109070,446745,550,0,7366,194,123.1,1648.8,43.4
"Bay Area","Solano",2023,39,2023-09-24,2023-09-30,"Sep",39109070,446745,613,0,5815,200,137.2,1301.6,44.8
"Bay Area","Solano",2023,40,2023-10-01,2023-10-07,"Oct",39109070,446745,689,0,5934,192,154.2,1328.3,43
"Bay Area","Solano",2023,41,2023-10-08,2023-10-14,"Oct",39109070,446745,766,0,5863,175,171.5,1312.4,39.2
"Bay Area","Solano",2023,42,2023-10-15,2023-10-21,"Oct",39109070,446745,828,0,5990,152,185.3,1340.8,34
"Bay Area","Solano",2023,43,2023-10-22,2023-10-28,"Oct",39109070,446745,887,0,4729,184,198.5,1058.5,41.2
"Bay Area","Solano",2023,44,2023-10-29,2023-11-04,"Oct",39109070,446745,931,0,3261,176,208.4,729.9,39.4
"Bay Area","Solano",2023,45,2023-11-05,2023-11-11,"Nov",39109070,446745,960,0,2129,150,214.9,476.6,33.6
"Bay Area","Solano",2023,46,2023-11-12,2023-11-18,"Nov",39109070,446745,971,0,745,118,217.3,166.8,26.4
"Bay Area","Solano",2023,47,2023-11-19,2023-11-25,"Nov",39109070,446745,974,0,104,75,218,23.3,16.8
"Bay Area","Solano",2023,48,2023-11-26,2023-12-02,"Nov",39109070,446745,976,0,130,33,218.5,29.1,7.4
"Bay Area","Solano",2023,49,2023-12-03,2023-12-09,"Dec",39109070,446745,976,0,0,11,218.5,0,2.5
"Bay Area","Solano",2023,50,2023-12-10,2023-12-16,"Dec",39109070,446745,977,0,143,5,218.7,32,1.1
"Bay Area","Solano",2023,51,2023-12-17,2023-12-23,"Dec",39109070,446745,977,0,0,0,218.7,0,0
"Bay Area","Solano",2023,52,2023-12-24,2023-12-30,"Dec",39109070,446745,977,0,0,4,218.7,0,0.9
"Bay Area","Sonoma",2023,22,2023-05-28,2023-06-03,"May",39109070,479826,1,0,122,0,0.2,25.4,0
"Bay Area","Sonoma",2023,23,2023-06-04,2023-06-10,"Jun",39109070,479826,2,0,136,0,0.4,28.3,0
"Bay Area","Sonoma",2023,24,2023-06-11,2023-06-17,"Jun",39109070,479826,4,0,124,7,0.8,25.8,1.5
"Bay Area","Sonoma",2023,25,2023-06-18,2023-06-24,"Jun",39109070,479826,10,0,371,2,2.1,77.3,0.4
"Bay Area","Sonoma",2023,26,2023-06-25,2023-07-01,"Jun",39109070,479826,17,0,542,2,3.5,113,0.4
"Bay Area","Sonoma",2023,27,2023-07-02,2023-07-08,"Jul",39109070,479826,32,0,708,16,6.7,147.6,3.3
"Bay Area","Sonoma",2023,28,2023-07-09,2023-07-15,"Jul",39109070,479826,41,0,927,16,8.5,193.2,3.3
"Bay Area","Sonoma",2023,29,2023-07-16,2023-07-22,"Jul",39109070,479826,54,0,738,27,11.3,153.8,5.6
"Bay Area","Sonoma",2023,30,2023-07-23,2023-07-29,"Jul",39109070,479826,61,0,706,36,12.7,147.1,7.5
"Bay Area","Sonoma",2023,31,2023-07-30,2023-08-05,"Jul",39109070,479826,74,0,1385,29,15.4,288.6,6
"Bay Area","Sonoma",2023,32,2023-08-06,2023-08-12,"Aug",39109070,479826,95,0,1302,34,19.8,271.3,7.1
"Bay Area","Sonoma",2023,33,2023-08-13,2023-08-19,"Aug",39109070,479826,124,0,1657,56,25.8,345.3,11.7
"Bay Area","Sonoma",2023,34,2023-08-20,2023-08-26,"Aug",39109070,479826,159,1,2542,32,33.1,529.8,6.7
"Bay Area","Sonoma",2023,35,2023-08-27,2023-09-02,"Aug",39109070,479826,222,1,3811,60,46.3,794.2,12.5
"Bay Area","Sonoma",2023,36,2023-09-03,2023-09-09,"Sep",39109070,479826,269,1,3795,75,56.1,790.9,15.6
"Bay Area","Sonoma",2023,37,2023-09-10,2023-09-16,"Sep",39109070,479826,315,1,3560,104,65.6,741.9,21.7
"Bay Area","Sonoma",2023,38,2023-09-17,2023-09-23,"Sep",39109070,479826,361,1,4016,143,75.2,837,29.8
"Bay Area","Sonoma",2023,39,2023-09-24,2023-09-30,"Sep",39109070,479826,419,1,3336,112,87.3,695.3,23.3
"Bay Area","Sonoma",2023,40,2023-10-01,2023-10-07,"Oct",39109070,479826,471,1,3287,150,98.2,685,31.3
"Bay Area","Sonoma",2023,41,2023-10-08,2023-10-14,"Oct",39109070,479826,515,1,3325,116,107.3,693,24.2
"Bay Area","Sonoma",2023,42,2023-10-15,2023-10-21,"Oct",39109070,479826,575,1,3408,122,119.8,710.3,25.4
"Bay Area","Sonoma",2023,43,2023-10-22,2023-10-28,"Oct",39109070,479826,607,1,2655,117,126.5,553.3,24.4
"Bay Area","Sonoma",2023,44,2023-10-29,2023-11-04,"Oct",39109070,479826,632,1,1903,120,131.7,396.6,25
"Bay Area","Sonoma",2023,45,2023-11-05,2023-11-11,"Nov",39109070,479826,654,1,1319,90,136.3,274.9,18.8
"Bay Area","Sonoma",2023,46,2023-11-12,2023-11-18,"Nov",39109070,479826,662,1,433,57,138,90.2,11.9
"Bay Area","Sonoma",2023,47,2023-11-19,2023-11-25,"Nov",39109070,479826,662,1,52,59,138,10.8,12.3
"Bay Area","Sonoma",2023,48,2023-11-26,2023-12-02,"Nov",39109070,479826,663,1,79,17,138.2,16.5,3.5
"Bay Area","Sonoma",2023,49,2023-12-03,2023-12-09,"Dec",39109070,479826,663,1,0,8,138.2,0,1.7
"Bay Area","Sonoma",2023,50,2023-12-10,2023-12-16,"Dec",39109070,479826,663,1,83,4,138.2,17.3,0.8
"Bay Area","Sonoma",2023,51,2023-12-17,2023-12-23,"Dec",39109070,479826,663,1,0,1,138.2,0,0.2
"Bay Area","Sonoma",2023,52,2023-12-24,2023-12-30,"Dec",39109070,479826,663,1,0,2,138.2,0,0.4
"Central California","Calaveras",2023,22,2023-05-28,2023-06-03,"May",39109070,44605,1,0,11,0,2.2,24.7,0
"Central California","Calaveras",2023,23,2023-06-04,2023-06-10,"Jun",39109070,44605,2,0,13,0,4.5,29.1,0
"Central California","Calaveras",2023,24,2023-06-11,2023-06-17,"Jun",39109070,44605,2,0,10,0,4.5,22.4,0
"Central California","Calaveras",2023,25,2023-06-18,2023-06-24,"Jun",39109070,44605,3,0,45,0,6.7,100.9,0
"Central California","Calaveras",2023,26,2023-06-25,2023-07-01,"Jun",39109070,44605,3,0,49,0,6.7,109.9,0
"Central California","Calaveras",2023,27,2023-07-02,2023-07-08,"Jul",39109070,44605,4,0,64,1,9,143.5,2.2
"Central California","Calaveras",2023,28,2023-07-09,2023-07-15,"Jul",39109070,44605,5,0,87,0,11.2,195,0
"Central California","Calaveras",2023,29,2023-07-16,2023-07-22,"Jul",39109070,44605,5,0,83,1,11.2,186.1,2.2
"Central California","Calaveras",2023,30,2023-07-23,2023-07-29,"Jul",39109070,44605,6,0,73,4,13.5,163.7,9
"Central California","Calaveras",2023,31,2023-07-30,2023-08-05,"Jul",39109070,44605,9,0,149,2,20.2,334,4.5
"Central California","Calaveras",2023,32,2023-08-06,2023-08-12,"Aug",39109070,44605,13,0,126,4,29.1,282.5,9
"Central California","Calaveras",2023,33,2023-08-13,2023-08-19,"Aug",39109070,44605,13,0,178,3,29.1,399.1,6.7
"Central California","Calaveras",2023,34,2023-08-20,2023-08-26,"Aug",39109070,44605,18,0,262,5,40.4,587.4,11.2
"Central California","Calaveras",2023,35,2023-08-27,2023-09-02,"Aug",39109070,44605,25,0,375,4,56,840.7,9
"Central California","Calaveras",2023,36,2023-09-03,2023-09-09,"Sep",39109070,44605,30,0,374,20,67.3,838.5,44.8
"Central California","Calaveras",2023,37,2023-09-10,2023-09-16,"Sep",39109070,44605,35,0,372,9,78.5,834,20.2
"Central California","Calaveras",2023,38,2023-09-17,2023-09-23,"Sep",39109070,44605,40,0,404,12,89.7,905.7,26.9
"Central California","Calaveras",2023,39,2023-09-24,2023-09-30,"Sep",39109070,44605,43,0,309,14,96.4,692.7,31.4
"Central California","Calaveras",2023,40,2023-10-01,2023-10-07,"Oct",39109070,44605,50,0,337,23,112.1,755.5,51.6
"Central California","Calaveras",2023,41,2023-10-08,2023-10-14,"Oct",39109070,44605,53,0,313,19,118.8,701.7,42.6
"Central California","Calaveras",2023,42,2023-10-15,2023-10-21,"Oct",39109070,44605,59,0,366,21,132.3,820.5,47.1
"Central California","Calaveras",2023,43,2023-10-22,2023-10-28,"Oct",39109070,44605,64,0,293,13,143.5,656.9,29.1
"Central California","Calaveras",2023,44,2023-10-29,2023-11-04,"Oct",39109070,44605,66,0,197,10,148,441.7,22.4
"Central California","Calaveras",2023,45,2023-11-05,2023-11-11,"Nov",39109070,44605,68,0,116,19,152.4,260.1,42.6
"Central California","Calaveras",2023,46,2023-11-12,2023-11-18,"Nov",39109070,44605,69,0,41,7,154.7,91.9,15.7
"Central California","Calaveras",2023,47,2023-11-19,2023-11-25,"Nov",39109070,44605,69,0,8,5,154.7,17.9,11.2
"Central California","Calaveras",2023,48,2023-11-26,2023-12-02,"Nov",39109070,44605,70,0,11,4,156.9,24.7,9
"Central California","Calaveras",2023,49,2023-12-03,2023-12-09,"Dec",39109070,44605,70,0,0,0,156.9,0,0
"Central California","Calaveras",2023,50,2023-12-10,2023-12-16,"Dec",39109070,44605,70,0,10,0,156.9,22.4,0
"Central California","Calaveras",2023,51,2023-12-17,2023-12-23,"Dec",39109070,44605,70,0,0,0,156.9,0,0
"Central California","Calaveras",2023,52,2023-12-24,2023-12-30,"Dec",39109070,44605,70,0,0,0,156.9,0,0
"Central California","Fresno",2023,22,2023-05-28,2023-06-03,"May",39109070,1012424,1,0,254,0,0.1,25.1,0
"Central California","Fresno",2023,23,2023-06-04,2023-06-10,"Jun",39109070,1012424,4,0,220,0,0.4,21.7,0
"Central California","Fresno",2023,24,2023-06-11,2023-06-17,"Jun",39109070,1012424,7,0,207,8,0.7,20.4,0.8
"Central California","Fresno",2023,25,2023-06-18,2023-06-24,"Jun",39109070,1012424,17,0,624,3,1.7,61.6,0.3
"Central California","Fresno",2023,26,2023-06-25,2023-07-01,"Jun",39109070,1012424,28,0,1032,2,2.8,101.9,0.2
"Central California","Fresno",2023,27,2023-07-02,2023-07-08,"Jul",39109070,1012424,39,0,1261,18,3.9,124.6,1.8
"Central California","Fresno",2023,28,2023-07-09,2023-07-15,"Jul",39109070,1012424,55,0,1690,18,5.4,166.9,1.8
"Central California","Fresno",2023,29,2023-07-16,2023-07-22,"Jul",39109070,1012424,69,0,1310,26,6.8,129.4,2.6
"Central California","Fresno",2023,30,2023-07-23,2023-07-29,"Jul",39109070,1012424,83,0,1369,50,8.2,135.2,4.9
"Central California","Fresno",2023,31,2023-07-30,2023-08-05,"Jul",39109070,1012424,108,0,2384,40,10.7,235.5,4
"Central California","Fresno",2023,32,2023-08-06,2023-08-12,"Aug",39109070,1012424,133,0,2450,45,13.1,242,4.4
"Central California","Fresno",2023,33,2023-08-13,2023-08-19,"Aug",39109070,1012424,165,0,3161,48,16.3,312.2,4.7
"Central California","Fresno",2023,34,2023-08-20,2023-08-26,"Aug",39109070,1012424,202,0,4535,49,20,447.9,4.8
"Central California","Fresno",2023,35,2023-08-27,2023-09-02,"Aug",39109070,1012424,268,0,7339,73,26.5,724.9,7.2
"Central California","Fresno",2023,36,2023-09-03,2023-09-09,"Sep",39109070,1012424,346,0,7107,115,34.2,702,11.4
"Central California","Fresno",2023,37,2023-09-10,2023-09-16,"Sep",39109070,1012424,416,0,6544,186,41.1,646.4,18.4
"Central California","Fresno",2023,38,2023-09-17,2023-09-23,"Sep",39109070,1012424,481,1,7511,190,47.5,741.9,18.8
"Central California","Fresno",2023,39,2023-09-24,2023-09-30,"Sep",39109070,1012424,544,1,6196,163,53.7,612,16.1
"Central California","Fresno",2023,40,2023-10-01,2023-10-07,"Oct",39109070,1012424,607,1,6178,199,60,610.2,19.7
"Central California","Fresno",2023,41,2023-10-08,2023-10-14,"Oct",39109070,1012424,666,1,6152,154,65.8,607.7,15.2
"Central California","Fresno",2023,42,2023-10-15,2023-10-21,"Oct",39109070,1012424,732,1,6107,184,72.3,603.2,18.2
"Central California","Fresno",2023,43,2023-10-22,2023-10-28,"Oct",39109070,1012424,777,1,5141,142,76.7,507.8,14
"Central California","Fresno",2023,44,2023-10-29,2023-11-04,"Oct",39109070,1012424,820,1,3478,147,81,343.5,14.5
"Central California","Fresno",2023,45,2023-11-05,2023-11-11,"Nov",39109070,1012424,861,1,2530,155,85,249.9,15.3
"Central California","Fresno",2023,46,2023-11-12,2023-11-18,"Nov",39109070,1012424,867,1,788,86,85.6,77.8,8.5
"Central California","Fresno",2023,47,2023-11-19,2023-11-25,"Nov",39109070,1012424,868,1,99,63,85.7,9.8,6.2
"Central California","Fresno",2023,48,2023-11-26,2023-12-02,"Nov",39109070,1012424,871,1,144,32,86,14.2,3.2
"Central California","Fresno",2023,49,2023-12-03,2023-12-09,"Dec",39109070,1012424,871,1,0,9,86,0,0.9
"Central California","Fresno",2023,50,2023-12-10,2023-12-16,"Dec",39109070,1012424,874,1,148,7,86.3,14.6,0.7
"Central California","Fresno",2023,51,2023-12-17,2023-12-23,"Dec",39109070,1012424,874,1,0,1,86.3,0,0.1
"Central California","Fresno",2023,52,2023-12-24,2023-12-30,"Dec",39109070,1012424,874,1,0,4,86.3,0,0.4
"Central California","Kern",2023,22,2023-05-28,2023-06-03,"May",39109070,903372,15,0,689,0,1.7,76.3,0
"Central California","Kern",2023,23,2023-06-04,2023-06-10,"Jun",39109070,903372,24,0,733,0,2.7,81.1,0
"Central California","Kern",2023,24,2023-06-11,2023-06-17,"Jun",39109070,903372,30,0,618,14,3.3,68.4,1.5
"Central California","Kern",2023,25,2023-06-18,2023-06-24,"Jun",39109070,903372,47,0,1894,17,5.2,209.7,1.9
"Central California","Kern",2023,26,2023-06-25,2023-07-01,"Jun",39109070,903372,88,0,2976,14,9.7,329.4,1.5
"Central California","Kern",2023,27,2023-07-02,2023-07-08,"Jul",39109070,903372,129,0,3461,43,14.3,383.1,4.8
"Central California","Kern",2023,28,2023-07-09,2023-07-15,"Jul",39109070,903372,188,0,4728,74,20.8,523.4,8.2
"Central California","Kern",2023,29,2023-07-16,2023-07-22,"Jul",39109070,903372,247,0,3635,67,27.3,402.4,7.4
"Central California","Kern",2023,30,2023-07-23,2023-07-29,"Jul",39109070,903372,290,0,3967,114,32.1,439.1,12.6
"Central California","Kern",2023,31,2023-07-30,2023-08-05,"Jul",39109070,903372,385,0,6777,79,42.6,750.2,8.7
"Central California","Kern",2023,32,2023-08-06,2023-08-12,"Aug",39109070,903372,471,0,6715,91,52.1,743.3,10.1
"Central California","Kern",2023,33,2023-08-13,2023-08-19,"Aug",39109070,903372,591,0,8252,144,65.4,913.5,15.9
"Central California","Kern",2023,34,2023-08-20,2023-08-26,"Aug",39109070,903372,751,0,12558,157,83.1,1390.1,17.4
"Central California","Kern",2023,35,2023-08-27,2023-09-02,"Aug",39109070,903372,1004,0,18931,167,111.1,2095.6,18.5
"Central California","Kern",2023,36,2023-09-03,2023-09-09,"Sep",39109070,903372,1237,0,18564,305,136.9,2055,33.8
"Central California","Kern",2023,37,2023-09-10,2023-09-16,"Sep",39109070,903372,1477,0,16813,424,163.5,1861.1,46.9
"Central California","Kern",2023,38,2023-09-17,2023-09-23,"Sep",39109070,903372,1746,0,18948,443,193.3,2097.5,49
"Central California","Kern",2023,39,2023-09-24,2023-09-30,"Sep",39109070,903372,1935,0,15520,424,214.2,1718,46.9
"Central California","Kern",2023,40,2023-10-01,2023-10-07,"Oct",39109070,903372,2169,1,15079,448,240.1,1669.2,49.6
"Central California","Kern",2023,41,2023-10-08,2023-10-14,"Oct",39109070,903372,2395,1,14764,371,265.1,1634.3,41.1
"Central California","Kern",2023,42,2023-10-15,2023-10-21,"Oct",39109070,903372,2607,1,15010,311,288.6,1661.6,34.4
"Central California","Kern",2023,43,2023-10-22,2023-10-28,"Oct",39109070,903372,2793,1,11545,308,309.2,1278,34.1
"Central California","Kern",2023,44,2023-10-29,2023-11-04,"Oct",39109070,903372,2902,1,7887,330,321.2,873.1,36.5
"Central California","Kern",2023,45,2023-11-05,2023-11-11,"Nov",39109070,903372,3000,1,5552,274,332.1,614.6,30.3
"Central California","Kern",2023,46,2023-11-12,2023-11-18,"Nov",39109070,903372,3037,2,1971,182,336.2,218.2,20.1
"Central California","Kern",2023,47,2023-11-19,2023-11-25,"Nov",39109070,903372,3041,2,272,137,336.6,30.1,15.2
"Central California","Kern",2023,48,2023-11-26,2023-12-02,"Nov",39109070,903372,3041,2,356,59,336.6,39.4,6.5
"Central California","Kern",2023,49,2023-12-03,2023-12-09,"Dec",39109070,903372,3041,2,0,13,336.6,0,1.4
"Central California","Kern",2023,50,2023-12-10,2023-12-16,"Dec",39109070,903372,3046,2,339,11,337.2,37.5,1.2
"Central California","Kern",2023,51,2023-12-17,2023-12-23,"Dec",39109070,903372,3046,2,0,1,337.2,0,0.1
"Central California","Kern",2023,52,2023-12-24,2023-12-30,"Dec",39109070,903372,3046,2,0,6,337.2,0,0.7
"Central California","Kings",2023,22,2023-05-28,2023-06-03,"May",39109070,152405,2,0,107,0,1.3,70.2,0
"Central California","Kings",2023,23,2023-06-04,2023-06-10,"Jun",39109070,152405,3,0,108,0,2,70.9,0
"Central California","Kings",2023,24,2023-06-11,2023-06-17,"Jun",39109070,152405,6,0,115,2,3.9,75.5,1.3
"Central California","Kings",2023,25,2023-06-18,2023-06-24,"Jun",39109070,152405,10,0,298,4,6.6,195.5,2.6
"Central California","Kings",2023,26,2023-06-25,2023-07-01,"Jun",39109070,152405,19,0,469,2,12.5,307.7,1.3
"Central California","Kings",2023,27,2023-07-02,2023-07-08,"Jul",39109070,152405,35,0,554,7,23,363.5,4.6
"Central California","Kings",2023,28,2023-07-09,2023-07-15,"Jul",39109070,152405,44,1,746,10,28.9,489.5,6.6
"Central California","Kings",2023,29,2023-07-16,2023-07-22,"Jul",39109070,152405,54,1,572,7,35.4,375.3,4.6
"Central California","Kings",2023,30,2023-07-23,2023-07-29,"Jul",39109070,152405,68,1,609,19,44.6,399.6,12.5
"Central California","Kings",2023,31,2023-07-30,2023-08-05,"Jul",39109070,152405,82,1,1026,9,53.8,673.2,5.9
"Central California","Kings",2023,32,2023-08-06,2023-08-12,"Aug",39109070,152405,95,1,988,12,62.3,648.3,7.9
"Central California","Kings",2023,33,2023-08-13,2023-08-19,"Aug",39109070,152405,122,1,1311,21,80,860.2,13.8
"Central California","Kings",2023,34,2023-08-20,2023-08-26,"Aug",39109070,152405,154,1,1994,22,101,1308.4,14.4
"Central California","Kings",2023,35,2023-08-27,2023-09-02,"Aug",39109070,152405,194,1,3056,23,127.3,2005.2,15.1
"Central California","Kings",2023,36,2023-09-03,2023-09-09,"Sep",39109070,152405,230,1,2965,39,150.9,1945.5,25.6
"Central California","Kings",2023,37,2023-09-10,2023-09-16,"Sep",39109070,152405,266,1,2718,67,174.5,1783.4,44
"Central California","Kings",2023,38,2023-09-17,2023-09-23,"Sep",39109070,152405,309,1,2921,78,202.7,1916.6,51.2
"Central California","Kings",2023,39,2023-09-24,2023-09-30,"Sep",39109070,152405,348,1,2454,64,228.3,1610.2,42
"Central California","Kings",2023,40,2023-10-01,2023-10-07,"Oct",39109070,152405,395,1,2421,67,259.2,1588.5,44
"Central California","Kings",2023,41,2023-10-08,2023-10-14,"Oct",39109070,152405,433,1,2394,57,284.1,1570.8,37.4
"Central California","Kings",2023,42,2023-10-15,2023-10-21,"Oct",39109070,152405,469,1,2314,66,307.7,1518.3,43.3
"Central California","Kings",2023,43,2023-10-22,2023-10-28,"Oct",39109070,152405,508,1,1919,61,333.3,1259.1,40
"Central California","Kings",2023,44,2023-10-29,2023-11-04,"Oct",39109070,152405,530,1,1312,56,347.8,860.9,36.7
"Central California","Kings",2023,45,2023-11-05,2023-11-11,"Nov",39109070,152405,537,1,955,35,352.4,626.6,23
"Central California","Kings",2023,46,2023-11-12,2023-11-18,"Nov",39109070,152405,544,1,314,26,356.9,206,17.1
"Central California","Kings",2023,47,2023-11-19,2023-11-25,"Nov",39109070,152405,546,1,45,29,358.3,29.5,19
"Central California","Kings",2023,48,2023-11-26,2023-12-02,"Nov",39109070,152405,548,1,70,10,359.6,45.9,6.6
"Central California","Kings",2023,49,2023-12-03,2023-12-09,"Dec",39109070,152405,548,1,0,5,359.6,0,3.3
"Central California","Kings",2023,50,2023-12-10,2023-12-16,"Dec",39109070,152405,548,1,60,3,359.6,39.4,2
"Central California","Kings",2023,51,2023-12-17,2023-12-23,"Dec",39109070,152405,548,1,0,0,359.6,0,0
"Central California","Kings",2023,52,2023-12-24,2023-12-30,"Dec",39109070,152405,548,1,0,2,359.6,0,1.3
"Central California","Madera",2023,22,2023-05-28,2023-06-03,"May",39109070,158457,0,0,56,0,0,35.3,0
"Central California","Madera",2023,23,2023-06-04,2023-06-10,"Jun",39109070,158457,0,0,56,0,0,35.3,0
"Central California","Madera",2023,24,2023-06-11,2023-06-17,"Jun",39109070,158457,1,0,47,2,0.6,29.7,1.3
"Central California","Madera",2023,25,2023-06-18,2023-06-24,"Jun",39109070,158457,1,0,118,1,0.6,74.5,0.6
"Central California","Madera",2023,26,2023-06-25,2023-07-01,"Jun",39109070,158457,4,0,226,2,2.5,142.6,1.3
"Central California","Madera",2023,27,2023-07-02,2023-07-08,"Jul",39109070,158457,6,0,231,3,3.8,145.8,1.9
"Central California","Madera",2023,28,2023-07-09,2023-07-15,"Jul",39109070,158457,10,0,312,6,6.3,196.9,3.8
"Central California","Madera",2023,29,2023-07-16,2023-07-22,"Jul",39109070,158457,13,0,243,8,8.2,153.4,5
"Central California","Madera",2023,30,2023-07-23,2023-07-29,"Jul",39109070,158457,16,0,256,7,10.1,161.6,4.4
"Central California","Madera",2023,31,2023-07-30,2023-08-05,"Jul",39109070,158457,20,0,460,9,12.6,290.3,5.7
"Central California","Madera",2023,32,2023-08-06,2023-08-12,"Aug",39109070,158457,30,0,464,6,18.9,292.8,3.8
"Central California","Madera",2023,33,2023-08-13,2023-08-19,"Aug",39109070,158457,36,0,628,17,22.7,396.3,10.7
"Central California","Madera",2023,34,2023-08-20,2023-08-26,"Aug",39109070,158457,43,0,831,13,27.1,524.4,8.2
"Central California","Madera",2023,35,2023-08-27,2023-09-02,"Aug",39109070,158457,58,0,1436,18,36.6,906.2,11.4
"Central California","Madera",2023,36,2023-09-03,2023-09-09,"Sep",39109070,158457,80,0,1437,17,50.5,906.9,10.7
"Central California","Madera",2023,37,2023-09-10,2023-09-16,"Sep",39109070,158457,96,1,1274,44,60.6,804,27.8
"Central California","Madera",2023,38,2023-09-17,2023-09-23,"Sep",39109070,158457,109,1,1461,43,68.8,922,27.1
"Central California","Madera",2023,39,2023-09-24,2023-09-30,"Sep",39109070,158457,119,1,1208,33,75.1,762.4,20.8
"Central California","Madera",2023,40,2023-10-01,2023-10-07,"Oct",39109070,158457,131,1,1288,41,82.7,812.8,25.9
"Central California","Madera",2023,41,2023-10-08,2023-10-14,"Oct",39109070,158457,146,1,1217,33,92.1,768,20.8
"Central California","Madera",2023,42,2023-10-15,2023-10-21,"Oct",39109070,158457,160,1,1209,35,101,763,22.1
"Central California","Madera",2023,43,2023-10-22,2023-10-28,"Oct",39109070,158457,171,1,1094,29,107.9,690.4,18.3
"Central California","Madera",2023,44,2023-10-29,2023-11-04,"Oct",39109070,158457,179,1,656,24,113,414,15.1
"Central California","Madera",2023,45,2023-11-05,2023-11-11,"Nov",39109070,158457,185,1,488,25,116.8,308,15.8
"Central California","Madera",2023,46,2023-11-12,2023-11-18,"Nov",39109070,158457,186,1,159,13,117.4,100.3,8.2
"Central California","Madera",2023,47,2023-11-19,2023-11-25,"Nov",39109070,158457,186,1,21,8,117.4,13.3,5
"Central California","Madera",2023,48,2023-11-26,2023-12-02,"Nov",39109070,158457,186,1,35,6,117.4,22.1,3.8
"Central California","Madera",2023,49,2023-12-03,2023-12-09,"Dec",39109070,158457,186,1,0,2,117.4,0,1.3
"Central California","Madera",2023,50,2023-12-10,2023-12-16,"Dec",39109070,158457,186,1,32,0,117.4,20.2,0
"Central California","Madera",2023,51,2023-12-17,2023-12-23,"Dec",39109070,158457,186,1,0,0,117.4,0,0
"Central California","Madera",2023,52,2023-12-24,2023-12-30,"Dec",39109070,158457,186,1,0,3,117.4,0,1.9
"Central California","Mariposa",2023,22,2023-05-28,2023-06-03,"May",39109070,16860,0,0,5,0,0,29.7,0
"Central California","Mariposa",2023,23,2023-06-04,2023-06-10,"Jun",39109070,16860,0,0,7,0,0,41.5,0
"Central California","Mariposa",2023,24,2023-06-11,2023-06-17,"Jun",39109070,16860,0,0,9,0,0,53.4,0
"Central California","Mariposa",2023,25,2023-06-18,2023-06-24,"Jun",39109070,16860,0,0,10,0,0,59.3,0
"Central California","Mariposa",2023,26,2023-06-25,2023-07-01,"Jun",39109070,16860,0,0,26,1,0,154.2,5.9
"Central California","Mariposa",2023,27,2023-07-02,2023-07-08,"Jul",39109070,16860,0,0,36,0,0,213.5,0
"Central California","Mariposa",2023,28,2023-07-09,2023-07-15,"Jul",39109070,16860,0,0,44,1,0,261,5.9
"Central California","Mariposa",2023,29,2023-07-16,2023-07-22,"Jul",39109070,16860,0,0,31,1,0,183.9,5.9
"Central California","Mariposa",2023,30,2023-07-23,2023-07-29,"Jul",39109070,16860,0,0,30,3,0,177.9,17.8
"Central California","Mariposa",2023,31,2023-07-30,2023-08-05,"Jul",39109070,16860,0,0,51,0,0,302.5,0
"Central California","Mariposa",2023,32,2023-08-06,2023-08-12,"Aug",39109070,16860,0,0,53,0,0,314.4,0
"Central California","Mariposa",2023,33,2023-08-13,2023-08-19,"Aug",39109070,16860,1,0,73,4,5.9,433,23.7
"Central California","Mariposa",2023,34,2023-08-20,2023-08-26,"Aug",39109070,16860,1,0,111,6,5.9,658.4,35.6
"Central California","Mariposa",2023,35,2023-08-27,2023-09-02,"Aug",39109070,16860,5,0,145,6,29.7,860,35.6
"Central California","Mariposa",2023,36,2023-09-03,2023-09-09,"Sep",39109070,16860,6,0,148,3,35.6,877.8,17.8
"Central California","Mariposa",2023,37,2023-09-10,2023-09-16,"Sep",39109070,16860,9,0,145,6,53.4,860,35.6
"Central California","Mariposa",2023,38,2023-09-17,2023-09-23,"Sep",39109070,16860,10,0,171,3,59.3,1014.2,17.8
"Central California","Mariposa",2023,39,2023-09-24,2023-09-30,"Sep",39109070,16860,13,0,136,6,77.1,806.6,35.6
"Central California","Mariposa",2023,40,2023-10-01,2023-10-07,"Oct",39109070,16860,14,0,148,9,83,877.8,53.4
"Central California","Mariposa",2023,41,2023-10-08,2023-10-14,"Oct",39109070,16860,14,0,141,4,83,836.3,23.7
"Central California","Mariposa",2023,42,2023-10-15,2023-10-21,"Oct",39109070,16860,16,0,143,7,94.9,848.2,41.5
"Central California","Mariposa",2023,43,2023-10-22,2023-10-28,"Oct",39109070,16860,17,0,88,6,100.8,521.9,35.6
"Central California","Mariposa",2023,44,2023-10-29,2023-11-04,"Oct",39109070,16860,19,0,62,3,112.7,367.7,17.8
"Central California","Mariposa",2023,45,2023-11-05,2023-11-11,"Nov",39109070,16860,21,0,59,4,124.6,349.9,23.7
"Central California","Mariposa",2023,46,2023-11-12,2023-11-18,"Nov",39109070,16860,21,0,20,2,124.6,118.6,11.9
"Central California","Mariposa",2023,47,2023-11-19,2023-11-25,"Nov",39109070,16860,21,0,2,1,124.6,11.9,5.9
"Central California","Mariposa",2023,48,2023-11-26,2023-12-02,"Nov",39109070,16860,21,0,3,1,124.6,17.8,5.9
"Central California","Mariposa",2023,49,2023-12-03,2023-12-09,"Dec",39109070,16860,21,0,0,0,124.6,0,0
"Central California","Mariposa",2023,50,2023-12-10,2023-12-16,"Dec",39109070,16860,21,0,3,0,124.6,17.8,0
"Central California","Mariposa",2023,51,2023-12-17,2023-12-23,"Dec",39109070,16860,21,0,0,0,124.6,0,0
"Central California","Mariposa",2023,52,2023-12-24,2023-12-30,"Dec",39109070,16860,21,0,0,0,124.6,0,0
"Central California","Merced",2023,22,2023-05-28,2023-06-03,"May",39109070,285600,5,0,206,0,1.8,72.1,0
"Central California","Merced",2023,23,2023-06-04,2023-06-10,"Jun",39109070,285600,7,0,224,0,2.5,78.4,0
"Central California","Merced",2023,24,2023-06-11,2023-06-17,"Jun",39109070,285600,12,0,145,4,4.2,50.8,1.4
"Central California","Merced",2023,25,2023-06-18,2023-06-24,"Jun",39109070,285600,16,0,510,4,5.6,178.6,1.4
"Central California","Merced",2023,26,2023-06-25,2023-07-01,"Jun",39109070,285600,24,0,903,2,8.4,316.2,0.7
"Central California","Merced",2023,27,2023-07-02,2023-07-08,"Jul",39109070,285600,42,0,1026,10,14.7,359.2,3.5
"Central California","Merced",2023,28,2023-07-09,2023-07-15,"Jul",39109070,285600,53,0,1378,22,18.6,482.5,7.7
"Central California","Merced",2023,29,2023-07-16,2023-07-22,"Jul",39109070,285600,65,0,1070,31,22.8,374.6,10.9
"Central California","Merced",2023,30,2023-07-23,2023-07-29,"Jul",39109070,285600,77,0,1117,36,27,391.1,12.6
"Central California","Merced",2023,31,2023-07-30,2023-08-05,"Jul",39109070,285600,96,0,2011,21,33.6,704.1,7.4
"Central California","Merced",2023,32,2023-08-06,2023-08-12,"Aug",39109070,285600,117,0,2030,23,41,710.8,8.1
"Central California","Merced",2023,33,2023-08-13,2023-08-19,"Aug",39109070,285600,139,0,2481,51,48.7,868.7,17.9
"Central California","Merced",2023,34,2023-08-20,2023-08-26,"Aug",39109070,285600,177,0,3611,48,62,1264.4,16.8
"Central California","Merced",2023,35,2023-08-27,2023-09-02,"Aug",39109070,285600,243,0,5688,45,85.1,1991.6,15.8
"Central California","Merced",2023,36,2023-09-03,2023-09-09,"Sep",39109070,285600,296,0,5487,76,103.6,1921.2,26.6
"Central California","Merced",2023,37,2023-09-10,2023-09-16,"Sep",39109070,285600,349,0,5004,104,122.2,1752.1,36.4
"Central California","Merced",2023,38,2023-09-17,2023-09-23,"Sep",39109070,285600,400,0,5516,144,140.1,1931.4,50.4
"Central California","Merced",2023,39,2023-09-24,2023-09-30,"Sep",39109070,285600,457,0,4499,123,160,1575.3,43.1
"Central California","Merced",2023,40,2023-10-01,2023-10-07,"Oct",39109070,285600,518,0,4587,129,181.4,1606.1,45.2
"Central California","Merced",2023,41,2023-10-08,2023-10-14,"Oct",39109070,285600,555,0,4370,117,194.3,1530.1,41
"Central California","Merced",2023,42,2023-10-15,2023-10-21,"Oct",39109070,285600,602,0,4472,107,210.8,1565.8,37.5
"Central California","Merced",2023,43,2023-10-22,2023-10-28,"Oct",39109070,285600,658,0,3465,96,230.4,1213.2,33.6
"Central California","Merced",2023,44,2023-10-29,2023-11-04,"Oct",39109070,285600,693,0,2396,104,242.6,838.9,36.4
"Central California","Merced",2023,45,2023-11-05,2023-11-11,"Nov",39109070,285600,718,0,1557,93,251.4,545.2,32.6
"Central California","Merced",2023,46,2023-11-12,2023-11-18,"Nov",39109070,285600,728,0,547,79,254.9,191.5,27.7
"Central California","Merced",2023,47,2023-11-19,2023-11-25,"Nov",39109070,285600,730,0,85,51,255.6,29.8,17.9
"Central California","Merced",2023,48,2023-11-26,2023-12-02,"Nov",39109070,285600,731,0,107,8,256,37.5,2.8
"Central California","Merced",2023,49,2023-12-03,2023-12-09,"Dec",39109070,285600,731,0,0,2,256,0,0.7
"Central California","Merced",2023,50,2023-12-10,2023-12-16,"Dec",39109070,285600,733,0,99,2,256.7,34.7,0.7
"Central California","Merced",2023,51,2023-12-17,2023-12-23,"Dec",39109070,285600,733,0,0,1,256.7,0,0.4
"Central California","Merced",2023,52,2023-12-24,2023-12-30,"Dec",39109070,285600,733,0,0,3,256.7,0,1.1
"Central California","San Joaquin",2023,22,2023-05-28,2023-06-03,"May",39109070,784528,5,0,475,0,0.6,60.5,0
"Central California","San Joaquin",2023,23,2023-06-04,2023-06-10,"Jun",39109070,784528,8,0,454,0,1,57.9,0
"Central California","San Joaquin",2023,24,2023-06-11,2023-06-17,"Jun",39109070,784528,9,0,409,18,1.1,52.1,2.3
"Central California","San Joaquin",2023,25,2023-06-18,2023-06-24,"Jun",39109070,784528,19,0,1203,15,2.4,153.3,1.9
"Central California","San Joaquin",2023,26,2023-06-25,2023-07-01,"Jun",39109070,784528,37,0,2033,16,4.7,259.1,2
"Central California","San Joaquin",2023,27,2023-07-02,2023-07-08,"Jul",39109070,784528,58,0,2423,24,7.4,308.8,3.1
"Central California","San Joaquin",2023,28,2023-07-09,2023-07-15,"Jul",39109070,784528,95,0,3110,53,12.1,396.4,6.8
"Central California","San Joaquin",2023,29,2023-07-16,2023-07-22,"Jul",39109070,784528,124,0,2452,51,15.8,312.5,6.5
"Central California","San Joaquin",2023,30,2023-07-23,2023-07-29,"Jul",39109070,784528,141,0,2677,68,18,341.2,8.7
"Central California","San Joaquin",2023,31,2023-07-30,2023-08-05,"Jul",39109070,784528,199,0,4417,62,25.4,563,7.9
"Central California","San Joaquin",2023,32,2023-08-06,2023-08-12,"Aug",39109070,784528,249,0,4400,81,31.7,560.8,10.3
"Central California","San Joaquin",2023,33,2023-08-13,2023-08-19,"Aug",39109070,784528,309,0,5683,114,39.4,724.4,14.5
"Central California","San Joaquin",2023,34,2023-08-20,2023-08-26,"Aug",39109070,784528,405,0,8371,107,51.6,1067,13.6
"Central California","San Joaquin",2023,35,2023-08-27,2023-09-02,"Aug",39109070,784528,557,0,12803,132,71,1631.9,16.8
"Central California","San Joaquin",2023,36,2023-09-03,2023-09-09,"Sep",39109070,784528,704,0,12613,192,89.7,1607.7,24.5
"Central California","San Joaquin",2023,37,2023-09-10,2023-09-16,"Sep",39109070,784528,825,0,11539,294,105.2,1470.8,37.5
"Central California","San Joaquin",2023,38,2023-09-17,2023-09-23,"Sep",39109070,784528,987,1,12949,345,125.8,1650.5,44
"Central California","San Joaquin",2023,39,2023-09-24,2023-09-30,"Sep",39109070,784528,1124,1,10627,288,143.3,1354.6,36.7
"Central California","San Joaquin",2023,40,2023-10-01,2023-10-07,"Oct",39109070,784528,1256,1,10717,362,160.1,1366,46.1
"Central California","San Joaquin",2023,41,2023-10-08,2023-10-14,"Oct",39109070,784528,1382,2,10511,250,176.2,1339.8,31.9
"Central California","San Joaquin",2023,42,2023-10-15,2023-10-21,"Oct",39109070,784528,1516,3,10316,278,193.2,1314.9,35.4
"Central California","San Joaquin",2023,43,2023-10-22,2023-10-28,"Oct",39109070,784528,1598,3,8435,277,203.7,1075.2,35.3
"Central California","San Joaquin",2023,44,2023-10-29,2023-11-04,"Oct",39109070,784528,1660,3,5502,255,211.6,701.3,32.5
"Central California","San Joaquin",2023,45,2023-11-05,2023-11-11,"Nov",39109070,784528,1707,3,4063,219,217.6,517.9,27.9
"Central California","San Joaquin",2023,46,2023-11-12,2023-11-18,"Nov",39109070,784528,1725,3,1378,156,219.9,175.6,19.9
"Central California","San Joaquin",2023,47,2023-11-19,2023-11-25,"Nov",39109070,784528,1726,3,178,102,220,22.7,13
"Central California","San Joaquin",2023,48,2023-11-26,2023-12-02,"Nov",39109070,784528,1729,3,250,49,220.4,31.9,6.2
"Central California","San Joaquin",2023,49,2023-12-03,2023-12-09,"Dec",39109070,784528,1729,3,0,15,220.4,0,1.9
"Central California","San Joaquin",2023,50,2023-12-10,2023-12-16,"Dec",39109070,784528,1732,3,273,5,220.8,34.8,0.6
"Central California","San Joaquin",2023,51,2023-12-17,2023-12-23,"Dec",39109070,784528,1732,3,0,0,220.8,0,0
"Central California","San Joaquin",2023,52,2023-12-24,2023-12-30,"Dec",39109070,784528,1732,3,0,7,220.8,0,0.9
"Central California","Stanislaus",2023,22,2023-05-28,2023-06-03,"May",39109070,545704,8,0,335,0,1.5,61.4,0
"Central California","Stanislaus",2023,23,2023-06-04,2023-06-10,"Jun",39109070,545704,12,0,365,0,2.2,66.9,0
"Central California","Stanislaus",2023,24,2023-06-11,2023-06-17,"Jun",39109070,545704,17,0,297,10,3.1,54.4,1.8
"Central California","Stanislaus",2023,25,2023-06-18,2023-06-24,"Jun",39109070,545704,32,0,884,5,5.9,162,0.9
"Central California","Stanislaus",2023,26,2023-06-25,2023-07-01,"Jun",39109070,545704,49,0,1480,7,9,271.2,1.3
"Central California","Stanislaus",2023,27,2023-07-02,2023-07-08,"Jul",39109070,545704,65,0,1728,21,11.9,316.7,3.8
"Central California","Stanislaus",2023,28,2023-07-09,2023-07-15,"Jul",39109070,545704,89,0,2327,32,16.3,426.4,5.9
"Central California","Stanislaus",2023,29,2023-07-16,2023-07-22,"Jul",39109070,545704,112,0,1711,34,20.5,313.5,6.2
"Central California","Stanislaus",2023,30,2023-07-23,2023-07-29,"Jul",39109070,545704,140,0,1820,52,25.7,333.5,9.5
"Central California","Stanislaus",2023,31,2023-07-30,2023-08-05,"Jul",39109070,545704,188,0,3242,57,34.5,594.1,10.4
"Central California","Stanislaus",2023,32,2023-08-06,2023-08-12,"Aug",39109070,545704,235,0,3332,46,43.1,610.6,8.4
"Central California","Stanislaus",2023,33,2023-08-13,2023-08-19,"Aug",39109070,545704,316,0,4119,92,57.9,754.8,16.9
"Central California","Stanislaus",2023,34,2023-08-20,2023-08-26,"Aug",39109070,545704,407,0,6058,85,74.6,1110.1,15.6
"Central California","Stanislaus",2023,35,2023-08-27,2023-09-02,"Aug",39109070,545704,554,1,9375,107,101.5,1718,19.6
"Central California","Stanislaus",2023,36,2023-09-03,2023-09-09,"Sep",39109070,545704,669,1,9089,155,122.6,1665.6,28.4
"Central California","Stanislaus",2023,37,2023-09-10,2023-09-16,"Sep",39109070,545704,784,1,8467,242,143.7,1551.6,44.3
"Central California","Stanislaus",2023,38,2023-09-17,2023-09-23,"Sep",39109070,545704,914,1,9520,255,167.5,1744.5,46.7
"Central California","Stanislaus",2023,39,2023-09-24,2023-09-30,"Sep",39109070,545704,1025,1,7671,230,187.8,1405.7,42.1
"Central California","Stanislaus",2023,40,2023-10-01,2023-10-07,"Oct",39109070,545704,1128,1,7655,253,206.7,1402.8,46.4
"Central California","Stanislaus",2023,41,2023-10-08,2023-10-14,"Oct",39109070,545704,1255,1,7463,210,230,1367.6,38.5
"Central California","Stanislaus",2023,42,2023-10-15,2023-10-21,"Oct",39109070,545704,1374,1,7501,195,251.8,1374.6,35.7
"Central California","Stanislaus",2023,43,2023-10-22,2023-10-28,"Oct",39109070,545704,1472,3,6059,187,269.7,1110.3,34.3
"Central California","Stanislaus",2023,44,2023-10-29,2023-11-04,"Oct",39109070,545704,1528,3,3976,207,280,728.6,37.9
"Central California","Stanislaus",2023,45,2023-11-05,2023-11-11,"Nov",39109070,545704,1571,3,2885,149,287.9,528.7,27.3
"Central California","Stanislaus",2023,46,2023-11-12,2023-11-18,"Nov",39109070,545704,1592,3,1030,97,291.7,188.7,17.8
"Central California","Stanislaus",2023,47,2023-11-19,2023-11-25,"Nov",39109070,545704,1594,3,137,88,292.1,25.1,16.1
"Central California","Stanislaus",2023,48,2023-11-26,2023-12-02,"Nov",39109070,545704,1600,3,165,42,293.2,30.2,7.7
"Central California","Stanislaus",2023,49,2023-12-03,2023-12-09,"Dec",39109070,545704,1600,3,0,15,293.2,0,2.7
"Central California","Stanislaus",2023,50,2023-12-10,2023-12-16,"Dec",39109070,545704,1604,3,181,4,293.9,33.2,0.7
"Central California","Stanislaus",2023,51,2023-12-17,2023-12-23,"Dec",39109070,545704,1604,3,0,1,293.9,0,0.2
"Central California","Stanislaus",2023,52,2023-12-24,2023-12-30,"Dec",39109070,545704,1604,3,0,4,293.9,0,0.7
"Central California","Tulare",2023,22,2023-05-28,2023-06-03,"May",39109070,474792,4,0,345,0,0.8,72.7,0
"Central California","Tulare",2023,23,2023-06-04,2023-06-10,"Jun",39109070,474792,5,0,364,0,1.1,76.7,0
"Central California","Tulare",2023,24,2023-06-11,2023-06-17,"Jun",39109070,474792,7,0,337,2,1.5,71,0.4
"Central California","Tulare",2023,25,2023-06-18,2023-06-24,"Jun",39109070,474792,19,0,902,13,4,190,2.7
"Central California","Tulare",2023,26,2023-06-25,2023-07-01,"Jun",39109070,474792,31,0,1599,6,6.5,336.8,1.3
"Central California","Tulare",2023,27,2023-07-02,2023-07-08,"Jul",39109070,474792,48,0,1859,29,10.1,391.5,6.1
"Central California","Tulare",2023,28,2023-07-09,2023-07-15,"Jul",39109070,474792,82,0,2358,36,17.3,496.6,7.6
"Central California","Tulare",2023,29,2023-07-16,2023-07-22,"Jul",39109070,474792,109,0,1840,54,23,387.5,11.4
"Central California","Tulare",2023,30,2023-07-23,2023-07-29,"Jul",39109070,474792,130,0,1931,61,27.4,406.7,12.8
"Central California","Tulare",2023,31,2023-07-30,2023-08-05,"Jul",39109070,474792,168,0,3403,45,35.4,716.7,9.5
"Central California","Tulare",2023,32,2023-08-06,2023-08-12,"Aug",39109070,474792,202,0,3437,49,42.5,723.9,10.3
"Central California","Tulare",2023,33,2023-08-13,2023-08-19,"Aug",39109070,474792,245,0,4433,78,51.6,933.7,16.4
"Central California","Tulare",2023,34,2023-08-20,2023-08-26,"Aug",39109070,474792,318,0,6467,77,67,1362.1,16.2
"Central California","Tulare",2023,35,2023-08-27,2023-09-02,"Aug",39109070,474792,419,0,9691,78,88.2,2041.1,16.4
"Central California","Tulare",2023,36,2023-09-03,2023-09-09,"Sep",39109070,474792,535,1,9648,132,112.7,2032,27.8
"Central California","Tulare",2023,37,2023-09-10,2023-09-16,"Sep",39109070,474792,639,1,8748,212,134.6,1842.5,44.7
"Central California","Tulare",2023,38,2023-09-17,2023-09-23,"Sep",39109070,474792,740,1,9670,227,155.9,2036.7,47.8
"Central California","Tulare",2023,39,2023-09-24,2023-09-30,"Sep",39109070,474792,844,1,7906,203,177.8,1665.2,42.8
"Central California","Tulare",2023,40,2023-10-01,2023-10-07,"Oct",39109070,474792,941,1,7899,225,198.2,1663.7,47.4
"Central California","Tulare",2023,41,2023-10-08,2023-10-14,"Oct",39109070,474792,1030,1,7538,196,216.9,1587.6,41.3
"Central California","Tulare",2023,42,2023-10-15,2023-10-21,"Oct",39109070,474792,1118,1,7566,182,235.5,1593.5,38.3
"Central California","Tulare",2023,43,2023-10-22,2023-10-28,"Oct",39109070,474792,1179,1,6028,186,248.3,1269.6,39.2
"Central California","Tulare",2023,44,2023-10-29,2023-11-04,"Oct",39109070,474792,1254,1,4053,172,264.1,853.6,36.2
"Central California","Tulare",2023,45,2023-11-05,2023-11-11,"Nov",39109070,474792,1291,1,2926,145,271.9,616.3,30.5
"Central California","Tulare",2023,46,2023-11-12,2023-11-18,"Nov",39109070,474792,1308,1,1029,115,275.5,216.7,24.2
"Central California","Tulare",2023,47,2023-11-19,2023-11-25,"Nov",39109070,474792,1312,1,143,98,276.3,30.1,20.6
"Central California","Tulare",2023,48,2023-11-26,2023-12-02,"Nov",39109070,474792,1318,1,195,24,277.6,41.1,5.1
"Central California","Tulare",2023,49,2023-12-03,2023-12-09,"Dec",39109070,474792,1318,1,0,8,277.6,0,1.7
"Central California","Tulare",2023,50,2023-12-10,2023-12-16,"Dec",39109070,474792,1319,1,184,2,277.8,38.8,0.4
"Central California","Tulare",2023,51,2023-12-17,2023-12-23,"Dec",39109070,474792,1319,1,0,1,277.8,0,0.2
"Central California","Tulare",2023,52,2023-12-24,2023-12-30,"Dec",39109070,474792,1319,1,0,8,277.8,0,1.7
"Central California","Tuolumne",2023,22,2023-05-28,2023-06-03,"May",39109070,53387,0,0,8,0,0,15,0
"Central California","Tuolumne",2023,23,2023-06-04,2023-06-10,"Jun",39109070,53387,0,0,26,0,0,48.7,0
"Central California","Tuolumne",2023,24,2023-06-11,2023-06-17,"Jun",39109070,53387,0,0,12,0,0,22.5,0
"Central California","Tuolumne",2023,25,2023-06-18,2023-06-24,"Jun",39109070,53387,1,0,36,1,1.9,67.4,1.9
"Central California","Tuolumne",2023,26,2023-06-25,2023-07-01,"Jun",39109070,53387,2,0,63,1,3.7,118,1.9
"Central California","Tuolumne",2023,27,2023-07-02,2023-07-08,"Jul",39109070,53387,2,0,78,0,3.7,146.1,0
"Central California","Tuolumne",2023,28,2023-07-09,2023-07-15,"Jul",39109070,53387,3,0,111,2,5.6,207.9,3.7
"Central California","Tuolumne",2023,29,2023-07-16,2023-07-22,"Jul",39109070,53387,6,0,85,5,11.2,159.2,9.4
"Central California","Tuolumne",2023,30,2023-07-23,2023-07-29,"Jul",39109070,53387,6,0,79,6,11.2,148,11.2
"Central California","Tuolumne",2023,31,2023-07-30,2023-08-05,"Jul",39109070,53387,8,0,162,0,15,303.4,0
"Central California","Tuolumne",2023,32,2023-08-06,2023-08-12,"Aug",39109070,53387,13,0,180,6,24.4,337.2,11.2
"Central California","Tuolumne",2023,33,2023-08-13,2023-08-19,"Aug",39109070,53387,16,0,192,4,30,359.6,7.5
"Central California","Tuolumne",2023,34,2023-08-20,2023-08-26,"Aug",39109070,53387,23,0,304,5,43.1,569.4,9.4
"Central California","Tuolumne",2023,35,2023-08-27,2023-09-02,"Aug",39109070,53387,32,0,476,7,59.9,891.6,13.1
"Central California","Tuolumne",2023,36,2023-09-03,2023-09-09,"Sep",39109070,53387,38,0,410,11,71.2,768,20.6
"Central California","Tuolumne",2023,37,2023-09-10,2023-09-16,"Sep",39109070,53387,45,0,427,19,84.3,799.8,35.6
"Central California","Tuolumne",2023,38,2023-09-17,2023-09-23,"Sep",39109070,53387,58,0,466,11,108.6,872.9,20.6
"Central California","Tuolumne",2023,39,2023-09-24,2023-09-30,"Sep",39109070,53387,65,0,409,22,121.8,766.1,41.2
"Central California","Tuolumne",2023,40,2023-10-01,2023-10-07,"Oct",39109070,53387,71,0,354,21,133,663.1,39.3
"Central California","Tuolumne",2023,41,2023-10-08,2023-10-14,"Oct",39109070,53387,76,0,382,13,142.4,715.5,24.4
"Central California","Tuolumne",2023,42,2023-10-15,2023-10-21,"Oct",39109070,53387,89,0,423,9,166.7,792.3,16.9
"Central California","Tuolumne",2023,43,2023-10-22,2023-10-28,"Oct",39109070,53387,96,0,299,17,179.8,560.1,31.8
"Central California","Tuolumne",2023,44,2023-10-29,2023-11-04,"Oct",39109070,53387,97,0,216,6,181.7,404.6,11.2
"Central California","Tuolumne",2023,45,2023-11-05,2023-11-11,"Nov",39109070,53387,102,0,167,12,191.1,312.8,22.5
"Central California","Tuolumne",2023,46,2023-11-12,2023-11-18,"Nov",39109070,53387,103,0,60,7,192.9,112.4,13.1
"Central California","Tuolumne",2023,47,2023-11-19,2023-11-25,"Nov",39109070,53387,104,0,9,10,194.8,16.9,18.7
"Central California","Tuolumne",2023,48,2023-11-26,2023-12-02,"Nov",39109070,53387,105,0,10,8,196.7,18.7,15
"Central California","Tuolumne",2023,49,2023-12-03,2023-12-09,"Dec",39109070,53387,105,0,0,3,196.7,0,5.6
"Central California","Tuolumne",2023,50,2023-12-10,2023-12-16,"Dec",39109070,53387,105,0,3,0,196.7,5.6,0
"Central California","Tuolumne",2023,51,2023-12-17,2023-12-23,"Dec",39109070,53387,105,0,0,0,196.7,0,0
"Central California","Tuolumne",2023,52,2023-12-24,2023-12-30,"Dec",39109070,53387,105,0,0,1,196.7,0,1.9
"Greater Sierra Sacramento","Alpine",2023,22,2023-05-28,2023-06-03,"May",39109070,1165,0,0,0,0,0,0,0
"Greater Sierra Sacramento","Alpine",2023,23,2023-06-04,2023-06-10,"Jun",39109070,1165,0,0,0,0,0,0,0
"Greater Sierra Sacramento","Alpine",2023,24,2023-06-11,2023-06-17,"Jun",39109070,1165,0,0,0,0,0,0,0
"Greater Sierra Sacramento","Alpine",2023,25,2023-06-18,2023-06-24,"Jun",39109070,1165,0,0,0,0,0,0,0
"Greater Sierra Sacramento","Alpine",2023,26,2023-06-25,2023-07-01,"Jun",39109070,1165,0,0,2,0,0,171.7,0
"Greater Sierra Sacramento","Alpine",2023,27,2023-07-02,2023-07-08,"Jul",39109070,1165,0,0,2,0,0,171.7,0
"Greater Sierra Sacramento","Alpine",2023,28,2023-07-09,2023-07-15,"Jul",39109070,1165,0,0,4,0,0,343.3,0
"Greater Sierra Sacramento","Alpine",2023,29,2023-07-16,2023-07-22,"Jul",39109070,1165,0,0,3,0,0,257.5,0
"Greater Sierra Sacramento","Alpine",2023,30,2023-07-23,2023-07-29,"Jul",39109070,1165,0,0,0,0,0,0,0
"Greater Sierra Sacramento","Alpine",2023,31,2023-07-30,2023-08-05,"Jul",39109070,1165,0,0,7,0,0,600.9,0
"Greater Sierra Sacramento","Alpine",2023,32,2023-08-06,2023-08-12,"Aug",39109070,1165,0,0,3,0,0,257.5,0
"Greater Sierra Sacramento","Alpine",2023,33,2023-08-13,2023-08-19,"Aug",39109070,1165,0,0,8,0,0,686.7,0
"Greater Sierra Sacramento","Alpine",2023,34,2023-08-20,2023-08-26,"Aug",39109070,1165,0,0,9,0,0,772.5,0
"Greater Sierra Sacramento","Alpine",2023,35,2023-08-27,2023-09-02,"Aug",39109070,1165,0,0,11,0,0,944.2,0
"Greater Sierra Sacramento","Alpine",2023,36,2023-09-03,2023-09-09,"Sep",39109070,1165,0,0,7,0,0,600.9,0
"Greater Sierra Sacramento","Alpine",2023,37,2023-09-10,2023-09-16,"Sep",39109070,1165,0,0,11,1,0,944.2,85.8
"Greater Sierra Sacramento","Alpine",2023,38,2023-09-17,2023-09-23,"Sep",39109070,1165,0,0,8,0,0,686.7,0
"Greater Sierra Sacramento","Alpine",2023,39,2023-09-24,2023-09-30,"Sep",39109070,1165,0,0,11,0,0,944.2,0
"Greater Sierra Sacramento","Alpine",2023,40,2023-10-01,2023-10-07,"Oct",39109070,1165,1,0,13,0,85.8,1115.9,0
"Greater Sierra Sacramento","Alpine",2023,41,2023-10-08,2023-10-14,"Oct",39109070,1165,1,0,9,0,85.8,772.5,0
"Greater Sierra Sacramento","Alpine",2023,42,2023-10-15,2023-10-21,"Oct",39109070,1165,1,0,5,0,85.8,429.2,0
"Greater Sierra Sacramento","Alpine",2023,43,2023-10-22,2023-10-28,"Oct",39109070,1165,1,0,6,1,85.8,515,85.8
"Greater Sierra Sacramento","Alpine",2023,44,2023-10-29,2023-11-04,"Oct",39109070,1165,1,0,5,0,85.8,429.2,0
"Greater Sierra Sacramento","Alpine",2023,45,2023-11-05,2023-11-11,"Nov",39109070,1165,1,0,3,1,85.8,257.5,85.8
"Greater Sierra Sacramento","Alpine",2023,46,2023-11-12,2023-11-18,"Nov",39109070,1165,1,0,1,1,85.8,85.8,85.8
"Greater Sierra Sacramento","Alpine",2023,47,2023-11-19,2023-11-25,"Nov",39109070,1165,1,0,0,0,85.8,0,0
"Greater Sierra Sacramento","Alpine",2023,48,2023-11-26,2023-12-02,"Nov",39109070,1165,1,0,0,0,85.8,0,0
"Greater Sierra Sacramento","Alpine",2023,49,2023-12-03,2023-12-09,"Dec",39109070,1165,1,0,0,0,85.8,0,0
"Greater Sierra Sacramento","Alpine",2023,50,2023-12-10,2023-12-16,"Dec",39109070,1165,1,0,0,0,85.8,0,0
"Greater Sierra Sacramento","Alpine",2023,51,2023-12-17,2023-12-23,"Dec",39109070,1165,1,0,0,0,85.8,0,0
"Greater Sierra Sacramento","Alpine",2023,52,2023-12-24,2023-12-30,"Dec",39109070,1165,1,0,0,0,85.8,0,0
"Greater Sierra Sacramento","Amador",2023,22,2023-05-28,2023-06-03,"May",39109070,40122,0,0,6,0,0,15,0
"Greater Sierra Sacramento","Amador",2023,23,2023-06-04,2023-06-10,"Jun",39109070,40122,0,0,7,0,0,17.4,0
"Greater Sierra Sacramento","Amador",2023,24,2023-06-11,2023-06-17,"Jun",39109070,40122,0,0,7,2,0,17.4,5
"Greater Sierra Sacramento","Amador",2023,25,2023-06-18,2023-06-24,"Jun",39109070,40122,2,0,25,0,5,62.3,0
"Greater Sierra Sacramento","Amador",2023,26,2023-06-25,2023-07-01,"Jun",39109070,40122,2,0,42,0,5,104.7,0
"Greater Sierra Sacramento","Amador",2023,27,2023-07-02,2023-07-08,"Jul",39109070,40122,2,0,46,2,5,114.7,5
"Greater Sierra Sacramento","Amador",2023,28,2023-07-09,2023-07-15,"Jul",39109070,40122,4,0,72,2,10,179.5,5
"Greater Sierra Sacramento","Amador",2023,29,2023-07-16,2023-07-22,"Jul",39109070,40122,4,0,55,2,10,137.1,5
"Greater Sierra Sacramento","Amador",2023,30,2023-07-23,2023-07-29,"Jul",39109070,40122,6,0,54,3,15,134.6,7.5
"Greater Sierra Sacramento","Amador",2023,31,2023-07-30,2023-08-05,"Jul",39109070,40122,9,0,101,3,22.4,251.7,7.5
"Greater Sierra Sacramento","Amador",2023,32,2023-08-06,2023-08-12,"Aug",39109070,40122,10,0,99,1,24.9,246.7,2.5
"Greater Sierra Sacramento","Amador",2023,33,2023-08-13,2023-08-19,"Aug",39109070,40122,14,0,138,6,34.9,344,15
"Greater Sierra Sacramento","Amador",2023,34,2023-08-20,2023-08-26,"Aug",39109070,40122,16,0,199,4,39.9,496,10
"Greater Sierra Sacramento","Amador",2023,35,2023-08-27,2023-09-02,"Aug",39109070,40122,23,0,280,5,57.3,697.9,12.5
"Greater Sierra Sacramento","Amador",2023,36,2023-09-03,2023-09-09,"Sep",39109070,40122,27,0,325,6,67.3,810,15
"Greater Sierra Sacramento","Amador",2023,37,2023-09-10,2023-09-16,"Sep",39109070,40122,34,0,277,7,84.7,690.4,17.4
"Greater Sierra Sacramento","Amador",2023,38,2023-09-17,2023-09-23,"Sep",39109070,40122,41,0,289,13,102.2,720.3,32.4
"Greater Sierra Sacramento","Amador",2023,39,2023-09-24,2023-09-30,"Sep",39109070,40122,44,0,259,11,109.7,645.5,27.4
"Greater Sierra Sacramento","Amador",2023,40,2023-10-01,2023-10-07,"Oct",39109070,40122,47,0,260,13,117.1,648,32.4
"Greater Sierra Sacramento","Amador",2023,41,2023-10-08,2023-10-14,"Oct",39109070,40122,51,0,264,6,127.1,658,15
"Greater Sierra Sacramento","Amador",2023,42,2023-10-15,2023-10-21,"Oct",39109070,40122,52,0,238,8,129.6,593.2,19.9
"Greater Sierra Sacramento","Amador",2023,43,2023-10-22,2023-10-28,"Oct",39109070,40122,53,0,216,13,132.1,538.4,32.4
"Greater Sierra Sacramento","Amador",2023,44,2023-10-29,2023-11-04,"Oct",39109070,40122,53,0,139,6,132.1,346.4,15
"Greater Sierra Sacramento","Amador",2023,45,2023-11-05,2023-11-11,"Nov",39109070,40122,54,0,88,12,134.6,219.3,29.9
"Greater Sierra Sacramento","Amador",2023,46,2023-11-12,2023-11-18,"Nov",39109070,40122,54,0,33,4,134.6,82.2,10
"Greater Sierra Sacramento","Amador",2023,47,2023-11-19,2023-11-25,"Nov",39109070,40122,54,0,3,8,134.6,7.5,19.9
"Greater Sierra Sacramento","Amador",2023,48,2023-11-26,2023-12-02,"Nov",39109070,40122,54,0,7,3,134.6,17.4,7.5
"Greater Sierra Sacramento","Amador",2023,49,2023-12-03,2023-12-09,"Dec",39109070,40122,54,0,0,0,134.6,0,0
"Greater Sierra Sacramento","Amador",2023,50,2023-12-10,2023-12-16,"Dec",39109070,40122,54,0,2,0,134.6,5,0
"Greater Sierra Sacramento","Amador",2023,51,2023-12-17,2023-12-23,"Dec",39109070,40122,54,0,0,0,134.6,0,0
"Greater Sierra Sacramento","Amador",2023,52,2023-12-24,2023-12-30,"Dec",39109070,40122,54,0,0,0,134.6,0,0
"Greater Sierra Sacramento","Butte",2023,22,2023-05-28,2023-06-03,"May",39109070,205860,0,0,67,0,0,32.5,0
"Greater Sierra Sacramento","Butte",2023,23,2023-06-04,2023-06-10,"Jun",39109070,205860,0,0,63,0,0,30.6,0
"Greater Sierra Sacramento","Butte",2023,24,2023-06-11,2023-06-17,"Jun",39109070,205860,0,0,45,1,0,21.9,0.5
"Greater Sierra Sacramento","Butte",2023,25,2023-06-18,2023-06-24,"Jun",39109070,205860,1,0,151,5,0.5,73.4,2.4
"Greater Sierra Sacramento","Butte",2023,26,2023-06-25,2023-07-01,"Jun",39109070,205860,11,0,271,2,5.3,131.6,1
"Greater Sierra Sacramento","Butte",2023,27,2023-07-02,2023-07-08,"Jul",39109070,205860,19,0,323,6,9.2,156.9,2.9
"Greater Sierra Sacramento","Butte",2023,28,2023-07-09,2023-07-15,"Jul",39109070,205860,24,0,395,5,11.7,191.9,2.4
"Greater Sierra Sacramento","Butte",2023,29,2023-07-16,2023-07-22,"Jul",39109070,205860,26,0,305,12,12.6,148.2,5.8
"Greater Sierra Sacramento","Butte",2023,30,2023-07-23,2023-07-29,"Jul",39109070,205860,29,0,336,13,14.1,163.2,6.3
"Greater Sierra Sacramento","Butte",2023,31,2023-07-30,2023-08-05,"Jul",39109070,205860,40,0,606,6,19.4,294.4,2.9
"Greater Sierra Sacramento","Butte",2023,32,2023-08-06,2023-08-12,"Aug",39109070,205860,51,0,567,16,24.8,275.4,7.8
"Greater Sierra Sacramento","Butte",2023,33,2023-08-13,2023-08-19,"Aug",39109070,205860,69,0,752,26,33.5,365.3,12.6
"Greater Sierra Sacramento","Butte",2023,34,2023-08-20,2023-08-26,"Aug",39109070,205860,90,0,1134,21,43.7,550.9,10.2
"Greater Sierra Sacramento","Butte",2023,35,2023-08-27,2023-09-02,"Aug",39109070,205860,123,0,1717,21,59.7,834.1,10.2
"Greater Sierra Sacramento","Butte",2023,36,2023-09-03,2023-09-09,"Sep",39109070,205860,155,0,1756,38,75.3,853,18.5
"Greater Sierra Sacramento","Butte",2023,37,2023-09-10,2023-09-16,"Sep",39109070,205860,177,0,1574,53,86,764.6,25.7
"Greater Sierra Sacramento","Butte",2023,38,2023-09-17,2023-09-23,"Sep",39109070,205860,210,0,1838,52,102,892.8,25.3
"Greater Sierra Sacramento","Butte",2023,39,2023-09-24,2023-09-30,"Sep",39109070,205860,245,0,1553,58,119,754.4,28.2
"Greater Sierra Sacramento","Butte",2023,40,2023-10-01,2023-10-07,"Oct",39109070,205860,284,0,1488,59,138,722.8,28.7
"Greater Sierra Sacramento","Butte",2023,41,2023-10-08,2023-10-14,"Oct",39109070,205860,311,0,1468,42,151.1,713.1,20.4
"Greater Sierra Sacramento","Butte",2023,42,2023-10-15,2023-10-21,"Oct",39109070,205860,345,0,1533,48,167.6,744.7,23.3
"Greater Sierra Sacramento","Butte",2023,43,2023-10-22,2023-10-28,"Oct",39109070,205860,370,0,1228,44,179.7,596.5,21.4
"Greater Sierra Sacramento","Butte",2023,44,2023-10-29,2023-11-04,"Oct",39109070,205860,395,0,801,56,191.9,389.1,27.2
"Greater Sierra Sacramento","Butte",2023,45,2023-11-05,2023-11-11,"Nov",39109070,205860,413,0,579,35,200.6,281.3,17
"Greater Sierra Sacramento","Butte",2023,46,2023-11-12,2023-11-18,"Nov",39109070,205860,418,0,198,29,203.1,96.2,14.1
"Greater Sierra Sacramento","Butte",2023,47,2023-11-19,2023-11-25,"Nov",39109070,205860,419,0,26,22,203.5,12.6,10.7
"Greater Sierra Sacramento","Butte",2023,48,2023-11-26,2023-12-02,"Nov",39109070,205860,421,0,27,9,204.5,13.1,4.4
"Greater Sierra Sacramento","Butte",2023,49,2023-12-03,2023-12-09,"Dec",39109070,205860,421,0,0,3,204.5,0,1.5
"Greater Sierra Sacramento","Butte",2023,50,2023-12-10,2023-12-16,"Dec",39109070,205860,422,0,40,0,205,19.4,0
"Greater Sierra Sacramento","Butte",2023,51,2023-12-17,2023-12-23,"Dec",39109070,205860,422,0,0,0,205,0,0
"Greater Sierra Sacramento","Butte",2023,52,2023-12-24,2023-12-30,"Dec",39109070,205860,422,0,0,2,205,0,1
"Greater Sierra Sacramento","Colusa",2023,22,2023-05-28,2023-06-03,"May",39109070,21905,0,0,12,0,0,54.8,0
"Greater Sierra Sacramento","Colusa",2023,23,2023-06-04,2023-06-10,"Jun",39109070,21905,0,0,17,0,0,77.6,0
"Greater Sierra Sacramento","Colusa",2023,24,2023-06-11,2023-06-17,"Jun",39109070,21905,0,0,16,0,0,73,0
"Greater Sierra Sacramento","Colusa",2023,25,2023-06-18,2023-06-24,"Jun",39109070,21905,2,0,37,0,9.1,168.9,0
"Greater Sierra Sacramento","Colusa",2023,26,2023-06-25,2023-07-01,"Jun",39109070,21905,3,0,58,0,13.7,264.8,0
"Greater Sierra Sacramento","Colusa",2023,27,2023-07-02,2023-07-08,"Jul",39109070,21905,5,0,73,3,22.8,333.3,13.7
"Greater Sierra Sacramento","Colusa",2023,28,2023-07-09,2023-07-15,"Jul",39109070,21905,7,0,114,0,32,520.4,0
"Greater Sierra Sacramento","Colusa",2023,29,2023-07-16,2023-07-22,"Jul",39109070,21905,7,0,84,1,32,383.5,4.6
"Greater Sierra Sacramento","Colusa",2023,30,2023-07-23,2023-07-29,"Jul",39109070,21905,7,0,66,5,32,301.3,22.8
"Greater Sierra Sacramento","Colusa",2023,31,2023-07-30,2023-08-05,"Jul",39109070,21905,7,0,134,2,32,611.7,9.1
"Greater Sierra Sacramento","Colusa",2023,32,2023-08-06,2023-08-12,"Aug",39109070,21905,10,0,117,1,45.7,534.1,4.6
"Greater Sierra Sacramento","Colusa",2023,33,2023-08-13,2023-08-19,"Aug",39109070,21905,10,0,163,6,45.7,744.1,27.4
"Greater Sierra Sacramento","Colusa",2023,34,2023-08-20,2023-08-26,"Aug",39109070,21905,20,0,274,1,91.3,1250.9,4.6
"Greater Sierra Sacramento","Colusa",2023,35,2023-08-27,2023-09-02,"Aug",39109070,21905,25,0,376,5,114.1,1716.5,22.8
"Greater Sierra Sacramento","Colusa",2023,36,2023-09-03,2023-09-09,"Sep",39109070,21905,28,0,393,8,127.8,1794.1,36.5
"Greater Sierra Sacramento","Colusa",2023,37,2023-09-10,2023-09-16,"Sep",39109070,21905,32,0,382,10,146.1,1743.9,45.7
"Greater Sierra Sacramento","Colusa",2023,38,2023-09-17,2023-09-23,"Sep",39109070,21905,40,0,416,14,182.6,1899.1,63.9
"Greater Sierra Sacramento","Colusa",2023,39,2023-09-24,2023-09-30,"Sep",39109070,21905,42,0,338,10,191.7,1543,45.7
"Greater Sierra Sacramento","Colusa",2023,40,2023-10-01,2023-10-07,"Oct",39109070,21905,45,0,328,10,205.4,1497.4,45.7
"Greater Sierra Sacramento","Colusa",2023,41,2023-10-08,2023-10-14,"Oct",39109070,21905,47,0,309,14,214.6,1410.6,63.9
"Greater Sierra Sacramento","Colusa",2023,42,2023-10-15,2023-10-21,"Oct",39109070,21905,49,0,327,8,223.7,1492.8,36.5
"Greater Sierra Sacramento","Colusa",2023,43,2023-10-22,2023-10-28,"Oct",39109070,21905,52,0,236,6,237.4,1077.4,27.4
"Greater Sierra Sacramento","Colusa",2023,44,2023-10-29,2023-11-04,"Oct",39109070,21905,52,0,179,11,237.4,817.2,50.2
"Greater Sierra Sacramento","Colusa",2023,45,2023-11-05,2023-11-11,"Nov",39109070,21905,53,0,108,4,242,493,18.3
"Greater Sierra Sacramento","Colusa",2023,46,2023-11-12,2023-11-18,"Nov",39109070,21905,54,0,45,5,246.5,205.4,22.8
"Greater Sierra Sacramento","Colusa",2023,47,2023-11-19,2023-11-25,"Nov",39109070,21905,54,0,6,8,246.5,27.4,36.5
"Greater Sierra Sacramento","Colusa",2023,48,2023-11-26,2023-12-02,"Nov",39109070,21905,54,0,11,2,246.5,50.2,9.1
"Greater Sierra Sacramento","Colusa",2023,49,2023-12-03,2023-12-09,"Dec",39109070,21905,54,0,0,0,246.5,0,0
"Greater Sierra Sacramento","Colusa",2023,50,2023-12-10,2023-12-16,"Dec",39109070,21905,55,0,8,1,251.1,36.5,4.6
"Greater Sierra Sacramento","Colusa",2023,51,2023-12-17,2023-12-23,"Dec",39109070,21905,55,0,0,0,251.1,0,0
"Greater Sierra Sacramento","Colusa",2023,52,2023-12-24,2023-12-30,"Dec",39109070,21905,55,0,0,0,251.1,0,0
"Greater Sierra Sacramento","El Dorado",2023,22,2023-05-28,2023-06-03,"May",39109070,187285,1,0,53,0,0.5,28.3,0
"Greater Sierra Sacramento","El Dorado",2023,23,2023-06-04,2023-06-10,"Jun",39109070,187285,2,0,77,0,1.1,41.1,0
"Greater Sierra Sacramento","El Dorado",2023,24,2023-06-11,2023-06-17,"Jun",39109070,187285,3,0,59,3,1.6,31.5,1.6
"Greater Sierra Sacramento","El Dorado",2023,25,2023-06-18,2023-06-24,"Jun",39109070,187285,5,0,143,0,2.7,76.4,0
"Greater Sierra Sacramento","El Dorado",2023,26,2023-06-25,2023-07-01,"Jun",39109070,187285,10,0,250,1,5.3,133.5,0.5
"Greater Sierra Sacramento","El Dorado",2023,27,2023-07-02,2023-07-08,"Jul",39109070,187285,17,0,291,5,9.1,155.4,2.7
"Greater Sierra Sacramento","El Dorado",2023,28,2023-07-09,2023-07-15,"Jul",39109070,187285,24,0,397,8,12.8,212,4.3
"Greater Sierra Sacramento","El Dorado",2023,29,2023-07-16,2023-07-22,"Jul",39109070,187285,33,0,281,8,17.6,150,4.3
"Greater Sierra Sacramento","El Dorado",2023,30,2023-07-23,2023-07-29,"Jul",39109070,187285,40,0,318,14,21.4,169.8,7.5
"Greater Sierra Sacramento","El Dorado",2023,31,2023-07-30,2023-08-05,"Jul",39109070,187285,48,0,564,6,25.6,301.1,3.2
"Greater Sierra Sacramento","El Dorado",2023,32,2023-08-06,2023-08-12,"Aug",39109070,187285,61,0,532,6,32.6,284.1,3.2
"Greater Sierra Sacramento","El Dorado",2023,33,2023-08-13,2023-08-19,"Aug",39109070,187285,70,0,699,14,37.4,373.2,7.5
"Greater Sierra Sacramento","El Dorado",2023,34,2023-08-20,2023-08-26,"Aug",39109070,187285,81,0,995,18,43.2,531.3,9.6
"Greater Sierra Sacramento","El Dorado",2023,35,2023-08-27,2023-09-02,"Aug",39109070,187285,114,0,1504,18,60.9,803.1,9.6
"Greater Sierra Sacramento","El Dorado",2023,36,2023-09-03,2023-09-09,"Sep",39109070,187285,131,0,1501,38,69.9,801.5,20.3
"Greater Sierra Sacramento","El Dorado",2023,37,2023-09-10,2023-09-16,"Sep",39109070,187285,160,0,1445,60,85.4,771.6,32
"Greater Sierra Sacramento","El Dorado",2023,38,2023-09-17,2023-09-23,"Sep",39109070,187285,191,0,1709,59,102,912.5,31.5
"Greater Sierra Sacramento","El Dorado",2023,39,2023-09-24,2023-09-30,"Sep",39109070,187285,221,0,1377,54,118,735.2,28.8
"Greater Sierra Sacramento","El Dorado",2023,40,2023-10-01,2023-10-07,"Oct",39109070,187285,246,0,1382,74,131.4,737.9,39.5
"Greater Sierra Sacramento","El Dorado",2023,41,2023-10-08,2023-10-14,"Oct",39109070,187285,261,0,1335,50,139.4,712.8,26.7
"Greater Sierra Sacramento","El Dorado",2023,42,2023-10-15,2023-10-21,"Oct",39109070,187285,291,0,1365,63,155.4,728.8,33.6
"Greater Sierra Sacramento","El Dorado",2023,43,2023-10-22,2023-10-28,"Oct",39109070,187285,313,0,1101,46,167.1,587.9,24.6
"Greater Sierra Sacramento","El Dorado",2023,44,2023-10-29,2023-11-04,"Oct",39109070,187285,326,0,755,53,174.1,403.1,28.3
"Greater Sierra Sacramento","El Dorado",2023,45,2023-11-05,2023-11-11,"Nov",39109070,187285,335,0,535,33,178.9,285.7,17.6
"Greater Sierra Sacramento","El Dorado",2023,46,2023-11-12,2023-11-18,"Nov",39109070,187285,342,0,165,36,182.6,88.1,19.2
"Greater Sierra Sacramento","El Dorado",2023,47,2023-11-19,2023-11-25,"Nov",39109070,187285,344,0,26,22,183.7,13.9,11.7
"Greater Sierra Sacramento","El Dorado",2023,48,2023-11-26,2023-12-02,"Nov",39109070,187285,345,0,31,11,184.2,16.6,5.9
"Greater Sierra Sacramento","El Dorado",2023,49,2023-12-03,2023-12-09,"Dec",39109070,187285,345,0,0,2,184.2,0,1.1
"Greater Sierra Sacramento","El Dorado",2023,50,2023-12-10,2023-12-16,"Dec",39109070,187285,346,0,28,2,184.7,15,1.1
"Greater Sierra Sacramento","El Dorado",2023,51,2023-12-17,2023-12-23,"Dec",39109070,187285,346,0,0,1,184.7,0,0.5
"Greater Sierra Sacramento","El Dorado",2023,52,2023-12-24,2023-12-30,"Dec",39109070,187285,346,0,0,1,184.7,0,0.5
"Greater Sierra Sacramento","Nevada",2023,22,2023-05-28,2023-06-03,"May",39109070,100400,0,0,35,0,0,34.9,0
"Greater Sierra Sacramento","Nevada",2023,23,2023-06-04,2023-06-10,"Jun",39109070,100400,0,0,25,0,0,24.9,0
"Greater Sierra Sacramento","Nevada",2023,24,2023-06-11,2023-06-17,"Jun",39109070,100400,2,0,24,1,2,23.9,1
"Greater Sierra Sacramento","Nevada",2023,25,2023-06-18,2023-06-24,"Jun",39109070,100400,2,0,82,0,2,81.7,0
"Greater Sierra Sacramento","Nevada",2023,26,2023-06-25,2023-07-01,"Jun",39109070,100400,7,0,125,1,7,124.5,1
"Greater Sierra Sacramento","Nevada",2023,27,2023-07-02,2023-07-08,"Jul",39109070,100400,9,0,129,2,9,128.5,2
"Greater Sierra Sacramento","Nevada",2023,28,2023-07-09,2023-07-15,"Jul",39109070,100400,13,0,180,3,12.9,179.3,3
"Greater Sierra Sacramento","Nevada",2023,29,2023-07-16,2023-07-22,"Jul",39109070,100400,16,0,133,4,15.9,132.5,4
"Greater Sierra Sacramento","Nevada",2023,30,2023-07-23,2023-07-29,"Jul",39109070,100400,17,0,143,11,16.9,142.4,11
"Greater Sierra Sacramento","Nevada",2023,31,2023-07-30,2023-08-05,"Jul",39109070,100400,25,0,291,5,24.9,289.8,5
"Greater Sierra Sacramento","Nevada",2023,32,2023-08-06,2023-08-12,"Aug",39109070,100400,29,0,279,8,28.9,277.9,8
"Greater Sierra Sacramento","Nevada",2023,33,2023-08-13,2023-08-19,"Aug",39109070,100400,35,0,336,15,34.9,334.7,14.9
"Greater Sierra Sacramento","Nevada",2023,34,2023-08-20,2023-08-26,"Aug",39109070,100400,45,0,517,11,44.8,514.9,11
"Greater Sierra Sacramento","Nevada",2023,35,2023-08-27,2023-09-02,"Aug",39109070,100400,56,0,857,15,55.8,853.6,14.9
"Greater Sierra Sacramento","Nevada",2023,36,2023-09-03,2023-09-09,"Sep",39109070,100400,67,0,783,20,66.7,779.9,19.9
"Greater Sierra Sacramento","Nevada",2023,37,2023-09-10,2023-09-16,"Sep",39109070,100400,83,0,800,27,82.7,796.8,26.9
"Greater Sierra Sacramento","Nevada",2023,38,2023-09-17,2023-09-23,"Sep",39109070,100400,101,0,874,33,100.6,870.5,32.9
"Greater Sierra Sacramento","Nevada",2023,39,2023-09-24,2023-09-30,"Sep",39109070,100400,107,0,706,23,106.6,703.2,22.9
"Greater Sierra Sacramento","Nevada",2023,40,2023-10-01,2023-10-07,"Oct",39109070,100400,118,0,735,43,117.5,732.1,42.8
"Greater Sierra Sacramento","Nevada",2023,41,2023-10-08,2023-10-14,"Oct",39109070,100400,135,0,770,34,134.5,766.9,33.9
"Greater Sierra Sacramento","Nevada",2023,42,2023-10-15,2023-10-21,"Oct",39109070,100400,145,0,726,33,144.4,723.1,32.9
"Greater Sierra Sacramento","Nevada",2023,43,2023-10-22,2023-10-28,"Oct",39109070,100400,152,0,546,35,151.4,543.8,34.9
"Greater Sierra Sacramento","Nevada",2023,44,2023-10-29,2023-11-04,"Oct",39109070,100400,159,0,393,27,158.4,391.4,26.9
"Greater Sierra Sacramento","Nevada",2023,45,2023-11-05,2023-11-11,"Nov",39109070,100400,163,0,265,18,162.4,263.9,17.9
"Greater Sierra Sacramento","Nevada",2023,46,2023-11-12,2023-11-18,"Nov",39109070,100400,163,0,83,15,162.4,82.7,14.9
"Greater Sierra Sacramento","Nevada",2023,47,2023-11-19,2023-11-25,"Nov",39109070,100400,163,0,11,9,162.4,11,9
"Greater Sierra Sacramento","Nevada",2023,48,2023-11-26,2023-12-02,"Nov",39109070,100400,163,0,13,4,162.4,12.9,4
"Greater Sierra Sacramento","Nevada",2023,49,2023-12-03,2023-12-09,"Dec",39109070,100400,163,0,0,1,162.4,0,1
"Greater Sierra Sacramento","Nevada",2023,50,2023-12-10,2023-12-16,"Dec",39109070,100400,164,0,15,0,163.3,14.9,0
"Greater Sierra Sacramento","Nevada",2023,51,2023-12-17,2023-12-23,"Dec",39109070,100400,164,0,0,0,163.3,0,0
"Greater Sierra Sacramento","Nevada",2023,52,2023-12-24,2023-12-30,"Dec",39109070,100400,164,0,0,1,163.3,0,1
"Greater Sierra Sacramento","Placer",2023,22,2023-05-28,2023-06-03,"May",39109070,410706,1,0,115,0,0.2,28,0
"Greater Sierra Sacramento","Placer",2023,23,2023-06-04,2023-06-10,"Jun",39109070,410706,3,0,114,0,0.7,27.8,0
"Greater Sierra Sacramento","Placer",2023,24,2023-06-11,2023-06-17,"Jun",39109070,410706,4,0,81,6,1,19.7,1.5
"Greater Sierra Sacramento","Placer",2023,25,2023-06-18,2023-06-24,"Jun",39109070,410706,7,0,271,3,1.7,66,0.7
"Greater Sierra Sacramento","Placer",2023,26,2023-06-25,2023-07-01,"Jun",39109070,410706,9,0,438,0,2.2,106.6,0
"Greater Sierra Sacramento","Placer",2023,27,2023-07-02,2023-07-08,"Jul",39109070,410706,19,0,560,4,4.6,136.4,1
"Greater Sierra Sacramento","Placer",2023,28,2023-07-09,2023-07-15,"Jul",39109070,410706,29,0,696,14,7.1,169.5,3.4
"Greater Sierra Sacramento","Placer",2023,29,2023-07-16,2023-07-22,"Jul",39109070,410706,39,0,564,21,9.5,137.3,5.1
"Greater Sierra Sacramento","Placer",2023,30,2023-07-23,2023-07-29,"Jul",39109070,410706,50,0,600,20,12.2,146.1,4.9
"Greater Sierra Sacramento","Placer",2023,31,2023-07-30,2023-08-05,"Jul",39109070,410706,70,0,1070,21,17,260.5,5.1
"Greater Sierra Sacramento","Placer",2023,32,2023-08-06,2023-08-12,"Aug",39109070,410706,90,0,1042,17,21.9,253.7,4.1
"Greater Sierra Sacramento","Placer",2023,33,2023-08-13,2023-08-19,"Aug",39109070,410706,117,0,1367,30,28.5,332.8,7.3
"Greater Sierra Sacramento","Placer",2023,34,2023-08-20,2023-08-26,"Aug",39109070,410706,156,0,2010,36,38,489.4,8.8
"Greater Sierra Sacramento","Placer",2023,35,2023-08-27,2023-09-02,"Aug",39109070,410706,212,0,3105,47,51.6,756,11.4
"Greater Sierra Sacramento","Placer",2023,36,2023-09-03,2023-09-09,"Sep",39109070,410706,262,0,2975,75,63.8,724.4,18.3
"Greater Sierra Sacramento","Placer",2023,37,2023-09-10,2023-09-16,"Sep",39109070,410706,311,0,2772,89,75.7,674.9,21.7
"Greater Sierra Sacramento","Placer",2023,38,2023-09-17,2023-09-23,"Sep",39109070,410706,363,0,3114,83,88.4,758.2,20.2
"Greater Sierra Sacramento","Placer",2023,39,2023-09-24,2023-09-30,"Sep",39109070,410706,412,0,2582,76,100.3,628.7,18.5
"Greater Sierra Sacramento","Placer",2023,40,2023-10-01,2023-10-07,"Oct",39109070,410706,466,0,2665,92,113.5,648.9,22.4
"Greater Sierra Sacramento","Placer",2023,41,2023-10-08,2023-10-14,"Oct",39109070,410706,515,0,2657,88,125.4,646.9,21.4
"Greater Sierra Sacramento","Placer",2023,42,2023-10-15,2023-10-21,"Oct",39109070,410706,558,0,2659,81,135.9,647.4,19.7
"Greater Sierra Sacramento","Placer",2023,43,2023-10-22,2023-10-28,"Oct",39109070,410706,593,0,2193,92,144.4,534,22.4
"Greater Sierra Sacramento","Placer",2023,44,2023-10-29,2023-11-04,"Oct",39109070,410706,618,0,1385,74,150.5,337.2,18
"Greater Sierra Sacramento","Placer",2023,45,2023-11-05,2023-11-11,"Nov",39109070,410706,635,0,1068,86,154.6,260,20.9
"Greater Sierra Sacramento","Placer",2023,46,2023-11-12,2023-11-18,"Nov",39109070,410706,645,0,410,58,157,99.8,14.1
"Greater Sierra Sacramento","Placer",2023,47,2023-11-19,2023-11-25,"Nov",39109070,410706,645,0,44,35,157,10.7,8.5
"Greater Sierra Sacramento","Placer",2023,48,2023-11-26,2023-12-02,"Nov",39109070,410706,646,0,64,12,157.3,15.6,2.9
"Greater Sierra Sacramento","Placer",2023,49,2023-12-03,2023-12-09,"Dec",39109070,410706,646,0,0,7,157.3,0,1.7
"Greater Sierra Sacramento","Placer",2023,50,2023-12-10,2023-12-16,"Dec",39109070,410706,648,0,58,5,157.8,14.1,1.2
"Greater Sierra Sacramento","Placer",2023,51,2023-12-17,2023-12-23,"Dec",39109070,410706,648,0,0,0,157.8,0,0
"Greater Sierra Sacramento","Placer",2023,52,2023-12-24,2023-12-30,"Dec",39109070,410706,648,0,0,1,157.8,0,0.2
"Greater Sierra Sacramento","Plumas",2023,22,2023-05-28,2023-06-03,"May",39109070,18955,0,0,10,0,0,52.8,0
"Greater Sierra Sacramento","Plumas",2023,23,2023-06-04,2023-06-10,"Jun",39109070,18955,1,0,3,0,5.3,15.8,0
"Greater Sierra Sacramento","Plumas",2023,24,2023-06-11,2023-06-17,"Jun",39109070,18955,1,0,2,0,5.3,10.6,0
"Greater Sierra Sacramento","Plumas",2023,25,2023-06-18,2023-06-24,"Jun",39109070,18955,1,0,9,0,5.3,47.5,0
"Greater Sierra Sacramento","Plumas",2023,26,2023-06-25,2023-07-01,"Jun",39109070,18955,2,0,30,0,10.6,158.3,0
"Greater Sierra Sacramento","Plumas",2023,27,2023-07-02,2023-07-08,"Jul",39109070,18955,2,0,41,0,10.6,216.3,0
"Greater Sierra Sacramento","Plumas",2023,28,2023-07-09,2023-07-15,"Jul",39109070,18955,2,0,52,2,10.6,274.3,10.6
"Greater Sierra Sacramento","Plumas",2023,29,2023-07-16,2023-07-22,"Jul",39109070,18955,2,0,33,2,10.6,174.1,10.6
"Greater Sierra Sacramento","Plumas",2023,30,2023-07-23,2023-07-29,"Jul",39109070,18955,2,0,46,5,10.6,242.7,26.4
"Greater Sierra Sacramento","Plumas",2023,31,2023-07-30,2023-08-05,"Jul",39109070,18955,5,0,71,3,26.4,374.6,15.8
"Greater Sierra Sacramento","Plumas",2023,32,2023-08-06,2023-08-12,"Aug",39109070,18955,5,0,55,3,26.4,290.2,15.8
"Greater Sierra Sacramento","Plumas",2023,33,2023-08-13,2023-08-19,"Aug",39109070,18955,5,0,86,1,26.4,453.7,5.3
"Greater Sierra Sacramento","Plumas",2023,34,2023-08-20,2023-08-26,"Aug",39109070,18955,7,0,131,2,36.9,691.1,10.6
"Greater Sierra Sacramento","Plumas",2023,35,2023-08-27,2023-09-02,"Aug",39109070,18955,8,0,205,1,42.2,1081.5,5.3
"Greater Sierra Sacramento","Plumas",2023,36,2023-09-03,2023-09-09,"Sep",39109070,18955,11,0,203,2,58,1071,10.6
"Greater Sierra Sacramento","Plumas",2023,37,2023-09-10,2023-09-16,"Sep",39109070,18955,16,0,182,8,84.4,960.2,42.2
"Greater Sierra Sacramento","Plumas",2023,38,2023-09-17,2023-09-23,"Sep",39109070,18955,19,0,218,6,100.2,1150.1,31.7
"Greater Sierra Sacramento","Plumas",2023,39,2023-09-24,2023-09-30,"Sep",39109070,18955,22,0,190,11,116.1,1002.4,58
"Greater Sierra Sacramento","Plumas",2023,40,2023-10-01,2023-10-07,"Oct",39109070,18955,25,0,159,12,131.9,838.8,63.3
"Greater Sierra Sacramento","Plumas",2023,41,2023-10-08,2023-10-14,"Oct",39109070,18955,27,0,172,8,142.4,907.4,42.2
"Greater Sierra Sacramento","Plumas",2023,42,2023-10-15,2023-10-21,"Oct",39109070,18955,28,0,193,6,147.7,1018.2,31.7
"Greater Sierra Sacramento","Plumas",2023,43,2023-10-22,2023-10-28,"Oct",39109070,18955,30,0,129,5,158.3,680.6,26.4
"Greater Sierra Sacramento","Plumas",2023,44,2023-10-29,2023-11-04,"Oct",39109070,18955,33,0,105,2,174.1,553.9,10.6
"Greater Sierra Sacramento","Plumas",2023,45,2023-11-05,2023-11-11,"Nov",39109070,18955,33,0,61,6,174.1,321.8,31.7
"Greater Sierra Sacramento","Plumas",2023,46,2023-11-12,2023-11-18,"Nov",39109070,18955,33,0,24,5,174.1,126.6,26.4
"Greater Sierra Sacramento","Plumas",2023,47,2023-11-19,2023-11-25,"Nov",39109070,18955,33,0,3,1,174.1,15.8,5.3
"Greater Sierra Sacramento","Plumas",2023,48,2023-11-26,2023-12-02,"Nov",39109070,18955,33,0,2,3,174.1,10.6,15.8
"Greater Sierra Sacramento","Plumas",2023,49,2023-12-03,2023-12-09,"Dec",39109070,18955,33,0,0,1,174.1,0,5.3
"Greater Sierra Sacramento","Plumas",2023,50,2023-12-10,2023-12-16,"Dec",39109070,18955,33,0,3,0,174.1,15.8,0
"Greater Sierra Sacramento","Plumas",2023,51,2023-12-17,2023-12-23,"Dec",39109070,18955,33,0,0,0,174.1,0,0
"Greater Sierra Sacramento","Plumas",2023,52,2023-12-24,2023-12-30,"Dec",39109070,18955,33,0,0,0,174.1,0,0
"Greater Sierra Sacramento","Sacramento",2023,22,2023-05-28,2023-06-03,"May",39109070,1581831,11,0,972,0,0.7,61.4,0
"Greater Sierra Sacramento","Sacramento",2023,23,2023-06-04,2023-06-10,"Jun",39109070,1581831,19,0,1026,0,1.2,64.9,0
"Greater Sierra Sacramento","Sacramento",2023,24,2023-06-11,2023-06-17,"Jun",39109070,1581831,27,0,861,34,1.7,54.4,2.1
"Greater Sierra Sacramento","Sacramento",2023,25,2023-06-18,2023-06-24,"Jun",39109070,1581831,58,0,2483,24,3.7,157,1.5
"Greater Sierra Sacramento","Sacramento",2023,26,2023-06-25,2023-07-01,"Jun",39109070,1581831,112,0,4165,34,7.1,263.3,2.1
"Greater Sierra Sacramento","Sacramento",2023,27,2023-07-02,2023-07-08,"Jul",39109070,1581831,174,0,4981,53,11,314.9,3.4
"Greater Sierra Sacramento","Sacramento",2023,28,2023-07-09,2023-07-15,"Jul",39109070,1581831,274,0,6204,92,17.3,392.2,5.8
"Greater Sierra Sacramento","Sacramento",2023,29,2023-07-16,2023-07-22,"Jul",39109070,1581831,348,0,4864,129,22,307.5,8.2
"Greater Sierra Sacramento","Sacramento",2023,30,2023-07-23,2023-07-29,"Jul",39109070,1581831,416,0,5287,152,26.3,334.2,9.6
"Greater Sierra Sacramento","Sacramento",2023,31,2023-07-30,2023-08-05,"Jul",39109070,1581831,557,0,9238,142,35.2,584,9
"Greater Sierra Sacramento","Sacramento",2023,32,2023-08-06,2023-08-12,"Aug",39109070,1581831,667,0,9150,143,42.2,578.4,9
"Greater Sierra Sacramento","Sacramento",2023,33,2023-08-13,2023-08-19,"Aug",39109070,1581831,825,0,11655,247,52.2,736.8,15.6
"Greater Sierra Sacramento","Sacramento",2023,34,2023-08-20,2023-08-26,"Aug",39109070,1581831,1094,0,17403,226,69.2,1100.2,14.3
"Greater Sierra Sacramento","Sacramento",2023,35,2023-08-27,2023-09-02,"Aug",39109070,1581831,1501,0,26634,294,94.9,1683.7,18.6
"Greater Sierra Sacramento","Sacramento",2023,36,2023-09-03,2023-09-09,"Sep",39109070,1581831,1883,0,25818,448,119,1632.2,28.3
"Greater Sierra Sacramento","Sacramento",2023,37,2023-09-10,2023-09-16,"Sep",39109070,1581831,2228,0,23792,710,140.8,1504.1,44.9
"Greater Sierra Sacramento","Sacramento",2023,38,2023-09-17,2023-09-23,"Sep",39109070,1581831,2614,0,26275,689,165.3,1661,43.6
"Greater Sierra Sacramento","Sacramento",2023,39,2023-09-24,2023-09-30,"Sep",39109070,1581831,2927,0,21751,698,185,1375.1,44.1
"Greater Sierra Sacramento","Sacramento",2023,40,2023-10-01,2023-10-07,"Oct",39109070,1581831,3276,0,21524,621,207.1,1360.7,39.3
"Greater Sierra Sacramento","Sacramento",2023,41,2023-10-08,2023-10-14,"Oct",39109070,1581831,3599,0,21038,584,227.5,1330,36.9
"Greater Sierra Sacramento","Sacramento",2023,42,2023-10-15,2023-10-21,"Oct",39109070,1581831,3934,0,21628,639,248.7,1367.3,40.4
"Greater Sierra Sacramento","Sacramento",2023,43,2023-10-22,2023-10-28,"Oct",39109070,1581831,4214,0,16933,558,266.4,1070.5,35.3
"Greater Sierra Sacramento","Sacramento",2023,44,2023-10-29,2023-11-04,"Oct",39109070,1581831,4395,0,11301,577,277.8,714.4,36.5
"Greater Sierra Sacramento","Sacramento",2023,45,2023-11-05,2023-11-11,"Nov",39109070,1581831,4521,1,8168,460,285.8,516.4,29.1
"Greater Sierra Sacramento","Sacramento",2023,46,2023-11-12,2023-11-18,"Nov",39109070,1581831,4567,1,2752,337,288.7,174,21.3
"Greater Sierra Sacramento","Sacramento",2023,47,2023-11-19,2023-11-25,"Nov",39109070,1581831,4570,2,346,258,288.9,21.9,16.3
"Greater Sierra Sacramento","Sacramento",2023,48,2023-11-26,2023-12-02,"Nov",39109070,1581831,4581,2,521,114,289.6,32.9,7.2
"Greater Sierra Sacramento","Sacramento",2023,49,2023-12-03,2023-12-09,"Dec",39109070,1581831,4581,2,0,35,289.6,0,2.2
"Greater Sierra Sacramento","Sacramento",2023,50,2023-12-10,2023-12-16,"Dec",39109070,1581831,4589,2,518,15,290.1,32.7,0.9
"Greater Sierra Sacramento","Sacramento",2023,51,2023-12-17,2023-12-23,"Dec",39109070,1581831,4589,2,0,2,290.1,0,0.1
"Greater Sierra Sacramento","Sacramento",2023,52,2023-12-24,2023-12-30,"Dec",39109070,1581831,4589,2,0,8,290.1,0,0.5
"Greater Sierra Sacramento","Sierra",2023,22,2023-05-28,2023-06-03,"May",39109070,3152,0,0,0,0,0,0,0
"Greater Sierra Sacramento","Sierra",2023,23,2023-06-04,2023-06-10,"Jun",39109070,3152,0,0,2,0,0,63.5,0
"Greater Sierra Sacramento","Sierra",2023,24,2023-06-11,2023-06-17,"Jun",39109070,3152,0,0,4,0,0,126.9,0
"Greater Sierra Sacramento","Sierra",2023,25,2023-06-18,2023-06-24,"Jun",39109070,3152,0,0,2,0,0,63.5,0
"Greater Sierra Sacramento","Sierra",2023,26,2023-06-25,2023-07-01,"Jun",39109070,3152,0,0,7,0,0,222.1,0
"Greater Sierra Sacramento","Sierra",2023,27,2023-07-02,2023-07-08,"Jul",39109070,3152,0,0,4,1,0,126.9,31.7
"Greater Sierra Sacramento","Sierra",2023,28,2023-07-09,2023-07-15,"Jul",39109070,3152,1,0,11,0,31.7,349,0
"Greater Sierra Sacramento","Sierra",2023,29,2023-07-16,2023-07-22,"Jul",39109070,3152,1,0,1,1,31.7,31.7,31.7
"Greater Sierra Sacramento","Sierra",2023,30,2023-07-23,2023-07-29,"Jul",39109070,3152,1,0,11,0,31.7,349,0
"Greater Sierra Sacramento","Sierra",2023,31,2023-07-30,2023-08-05,"Jul",39109070,3152,1,0,7,0,31.7,222.1,0
"Greater Sierra Sacramento","Sierra",2023,32,2023-08-06,2023-08-12,"Aug",39109070,3152,1,0,14,0,31.7,444.2,0
"Greater Sierra Sacramento","Sierra",2023,33,2023-08-13,2023-08-19,"Aug",39109070,3152,1,0,11,1,31.7,349,31.7
"Greater Sierra Sacramento","Sierra",2023,34,2023-08-20,2023-08-26,"Aug",39109070,3152,1,0,21,0,31.7,666.2,0
"Greater Sierra Sacramento","Sierra",2023,35,2023-08-27,2023-09-02,"Aug",39109070,3152,1,0,36,0,31.7,1142.1,0
"Greater Sierra Sacramento","Sierra",2023,36,2023-09-03,2023-09-09,"Sep",39109070,3152,2,0,45,1,63.5,1427.7,31.7
"Greater Sierra Sacramento","Sierra",2023,37,2023-09-10,2023-09-16,"Sep",39109070,3152,2,0,23,1,63.5,729.7,31.7
"Greater Sierra Sacramento","Sierra",2023,38,2023-09-17,2023-09-23,"Sep",39109070,3152,2,0,42,1,63.5,1332.5,31.7
"Greater Sierra Sacramento","Sierra",2023,39,2023-09-24,2023-09-30,"Sep",39109070,3152,3,0,24,0,95.2,761.4,0
"Greater Sierra Sacramento","Sierra",2023,40,2023-10-01,2023-10-07,"Oct",39109070,3152,3,0,23,3,95.2,729.7,95.2
"Greater Sierra Sacramento","Sierra",2023,41,2023-10-08,2023-10-14,"Oct",39109070,3152,3,0,33,2,95.2,1047,63.5
"Greater Sierra Sacramento","Sierra",2023,42,2023-10-15,2023-10-21,"Oct",39109070,3152,5,0,30,2,158.6,951.8,63.5
"Greater Sierra Sacramento","Sierra",2023,43,2023-10-22,2023-10-28,"Oct",39109070,3152,6,0,19,1,190.4,602.8,31.7
"Greater Sierra Sacramento","Sierra",2023,44,2023-10-29,2023-11-04,"Oct",39109070,3152,6,0,24,2,190.4,761.4,63.5
"Greater Sierra Sacramento","Sierra",2023,45,2023-11-05,2023-11-11,"Nov",39109070,3152,6,0,8,1,190.4,253.8,31.7
"Greater Sierra Sacramento","Sierra",2023,46,2023-11-12,2023-11-18,"Nov",39109070,3152,6,0,1,4,190.4,31.7,126.9
"Greater Sierra Sacramento","Sierra",2023,47,2023-11-19,2023-11-25,"Nov",39109070,3152,6,0,1,0,190.4,31.7,0
"Greater Sierra Sacramento","Sierra",2023,48,2023-11-26,2023-12-02,"Nov",39109070,3152,6,0,0,0,190.4,0,0
"Greater Sierra Sacramento","Sierra",2023,49,2023-12-03,2023-12-09,"Dec",39109070,3152,6,0,0,0,190.4,0,0
"Greater Sierra Sacramento","Sierra",2023,50,2023-12-10,2023-12-16,"Dec",39109070,3152,6,0,0,0,190.4,0,0
"Greater Sierra Sacramento","Sierra",2023,51,2023-12-17,2023-12-23,"Dec",39109070,3152,6,0,0,0,190.4,0,0
"Greater Sierra Sacramento","Sierra",2023,52,2023-12-24,2023-12-30,"Dec",39109070,3152,6,0,0,0,190.4,0,0
"Greater Sierra Sacramento","Sutter",2023,22,2023-05-28,2023-06-03,"May",39109070,98151,0,0,69,0,0,70.3,0
"Greater Sierra Sacramento","Sutter",2023,23,2023-06-04,2023-06-10,"Jun",39109070,98151,0,0,47,0,0,47.9,0
"Greater Sierra Sacramento","Sutter",2023,24,2023-06-11,2023-06-17,"Jun",39109070,98151,1,0,59,1,1,60.1,1
"Greater Sierra Sacramento","Sutter",2023,25,2023-06-18,2023-06-24,"Jun",39109070,98151,3,0,147,1,3.1,149.8,1
"Greater Sierra Sacramento","Sutter",2023,26,2023-06-25,2023-07-01,"Jun",39109070,98151,6,0,242,0,6.1,246.6,0
"Greater Sierra Sacramento","Sutter",2023,27,2023-07-02,2023-07-08,"Jul",39109070,98151,10,0,318,1,10.2,324,1
"Greater Sierra Sacramento","Sutter",2023,28,2023-07-09,2023-07-15,"Jul",39109070,98151,16,0,407,3,16.3,414.7,3.1
"Greater Sierra Sacramento","Sutter",2023,29,2023-07-16,2023-07-22,"Jul",39109070,98151,20,0,306,10,20.4,311.8,10.2
"Greater Sierra Sacramento","Sutter",2023,30,2023-07-23,2023-07-29,"Jul",39109070,98151,24,0,327,16,24.5,333.2,16.3
"Greater Sierra Sacramento","Sutter",2023,31,2023-07-30,2023-08-05,"Jul",39109070,98151,35,0,553,3,35.7,563.4,3.1
"Greater Sierra Sacramento","Sutter",2023,32,2023-08-06,2023-08-12,"Aug",39109070,98151,45,1,597,8,45.8,608.2,8.2
"Greater Sierra Sacramento","Sutter",2023,33,2023-08-13,2023-08-19,"Aug",39109070,98151,61,1,698,13,62.1,711.1,13.2
"Greater Sierra Sacramento","Sutter",2023,34,2023-08-20,2023-08-26,"Aug",39109070,98151,70,1,1083,20,71.3,1103.4,20.4
"Greater Sierra Sacramento","Sutter",2023,35,2023-08-27,2023-09-02,"Aug",39109070,98151,93,1,1619,23,94.8,1649.5,23.4
"Greater Sierra Sacramento","Sutter",2023,36,2023-09-03,2023-09-09,"Sep",39109070,98151,120,1,1560,38,122.3,1589.4,38.7
"Greater Sierra Sacramento","Sutter",2023,37,2023-09-10,2023-09-16,"Sep",39109070,98151,141,1,1496,43,143.7,1524.2,43.8
"Greater Sierra Sacramento","Sutter",2023,38,2023-09-17,2023-09-23,"Sep",39109070,98151,172,1,1622,37,175.2,1652.6,37.7
"Greater Sierra Sacramento","Sutter",2023,39,2023-09-24,2023-09-30,"Sep",39109070,98151,190,1,1297,44,193.6,1321.4,44.8
"Greater Sierra Sacramento","Sutter",2023,40,2023-10-01,2023-10-07,"Oct",39109070,98151,213,1,1318,38,217,1342.8,38.7
"Greater Sierra Sacramento","Sutter",2023,41,2023-10-08,2023-10-14,"Oct",39109070,98151,230,1,1296,36,234.3,1320.4,36.7
"Greater Sierra Sacramento","Sutter",2023,42,2023-10-15,2023-10-21,"Oct",39109070,98151,247,1,1288,41,251.7,1312.3,41.8
"Greater Sierra Sacramento","Sutter",2023,43,2023-10-22,2023-10-28,"Oct",39109070,98151,261,1,1058,32,265.9,1077.9,32.6
"Greater Sierra Sacramento","Sutter",2023,44,2023-10-29,2023-11-04,"Oct",39109070,98151,278,1,683,34,283.2,695.9,34.6
"Greater Sierra Sacramento","Sutter",2023,45,2023-11-05,2023-11-11,"Nov",39109070,98151,289,1,460,34,294.4,468.7,34.6
"Greater Sierra Sacramento","Sutter",2023,46,2023-11-12,2023-11-18,"Nov",39109070,98151,291,1,158,23,296.5,161,23.4
"Greater Sierra Sacramento","Sutter",2023,47,2023-11-19,2023-11-25,"Nov",39109070,98151,291,1,25,9,296.5,25.5,9.2
"Greater Sierra Sacramento","Sutter",2023,48,2023-11-26,2023-12-02,"Nov",39109070,98151,293,1,32,7,298.5,32.6,7.1
"Greater Sierra Sacramento","Sutter",2023,49,2023-12-03,2023-12-09,"Dec",39109070,98151,293,1,0,1,298.5,0,1
"Greater Sierra Sacramento","Sutter",2023,50,2023-12-10,2023-12-16,"Dec",39109070,98151,293,1,29,2,298.5,29.5,2
"Greater Sierra Sacramento","Sutter",2023,51,2023-12-17,2023-12-23,"Dec",39109070,98151,293,1,0,0,298.5,0,0
"Greater Sierra Sacramento","Sutter",2023,52,2023-12-24,2023-12-30,"Dec",39109070,98151,293,1,0,1,298.5,0,1
"Greater Sierra Sacramento","Yolo",2023,22,2023-05-28,2023-06-03,"May",39109070,220381,1,0,62,0,0.5,28.1,0
"Greater Sierra Sacramento","Yolo",2023,23,2023-06-04,2023-06-10,"Jun",39109070,220381,1,0,69,0,0.5,31.3,0
"Greater Sierra Sacramento","Yolo",2023,24,2023-06-11,2023-06-17,"Jun",39109070,220381,2,0,64,1,0.9,29,0.5
"Greater Sierra Sacramento","Yolo",2023,25,2023-06-18,2023-06-24,"Jun",39109070,220381,5,0,175,2,2.3,79.4,0.9
"Greater Sierra Sacramento","Yolo",2023,26,2023-06-25,2023-07-01,"Jun",39109070,220381,10,0,300,3,4.5,136.1,1.4
"Greater Sierra Sacramento","Yolo",2023,27,2023-07-02,2023-07-08,"Jul",39109070,220381,16,0,314,4,7.3,142.5,1.8
"Greater Sierra Sacramento","Yolo",2023,28,2023-07-09,2023-07-15,"Jul",39109070,220381,22,0,450,9,10,204.2,4.1
"Greater Sierra Sacramento","Yolo",2023,29,2023-07-16,2023-07-22,"Jul",39109070,220381,25,0,382,11,11.3,173.3,5
"Greater Sierra Sacramento","Yolo",2023,30,2023-07-23,2023-07-29,"Jul",39109070,220381,34,0,374,9,15.4,169.7,4.1
"Greater Sierra Sacramento","Yolo",2023,31,2023-07-30,2023-08-05,"Jul",39109070,220381,46,0,698,7,20.9,316.7,3.2
"Greater Sierra Sacramento","Yolo",2023,32,2023-08-06,2023-08-12,"Aug",39109070,220381,58,0,635,15,26.3,288.1,6.8
"Greater Sierra Sacramento","Yolo",2023,33,2023-08-13,2023-08-19,"Aug",39109070,220381,70,0,799,15,31.8,362.6,6.8
"Greater Sierra Sacramento","Yolo",2023,34,2023-08-20,2023-08-26,"Aug",39109070,220381,86,0,1205,17,39,546.8,7.7
"Greater Sierra Sacramento","Yolo",2023,35,2023-08-27,2023-09-02,"Aug",39109070,220381,110,0,1843,20,49.9,836.3,9.1
"Greater Sierra Sacramento","Yolo",2023,36,2023-09-03,2023-09-09,"Sep",39109070,220381,130,0,1853,24,59,840.8,10.9
"Greater Sierra Sacramento","Yolo",2023,37,2023-09-10,2023-09-16,"Sep",39109070,220381,145,0,1694,43,65.8,768.7,19.5
"Greater Sierra Sacramento","Yolo",2023,38,2023-09-17,2023-09-23,"Sep",39109070,220381,175,0,1910,44,79.4,866.7,20
"Greater Sierra Sacramento","Yolo",2023,39,2023-09-24,2023-09-30,"Sep",39109070,220381,192,0,1656,42,87.1,751.4,19.1
"Greater Sierra Sacramento","Yolo",2023,40,2023-10-01,2023-10-07,"Oct",39109070,220381,207,0,1604,42,93.9,727.8,19.1
"Greater Sierra Sacramento","Yolo",2023,41,2023-10-08,2023-10-14,"Oct",39109070,220381,230,0,1573,44,104.4,713.8,20
"Greater Sierra Sacramento","Yolo",2023,42,2023-10-15,2023-10-21,"Oct",39109070,220381,250,0,1658,33,113.4,752.3,15
"Greater Sierra Sacramento","Yolo",2023,43,2023-10-22,2023-10-28,"Oct",39109070,220381,271,0,1281,34,123,581.3,15.4
"Greater Sierra Sacramento","Yolo",2023,44,2023-10-29,2023-11-04,"Oct",39109070,220381,287,0,918,50,130.2,416.6,22.7
"Greater Sierra Sacramento","Yolo",2023,45,2023-11-05,2023-11-11,"Nov",39109070,220381,299,0,629,30,135.7,285.4,13.6
"Greater Sierra Sacramento","Yolo",2023,46,2023-11-12,2023-11-18,"Nov",39109070,220381,300,0,229,26,136.1,103.9,11.8
"Greater Sierra Sacramento","Yolo",2023,47,2023-11-19,2023-11-25,"Nov",39109070,220381,300,0,27,24,136.1,12.3,10.9
"Greater Sierra Sacramento","Yolo",2023,48,2023-11-26,2023-12-02,"Nov",39109070,220381,300,0,31,15,136.1,14.1,6.8
"Greater Sierra Sacramento","Yolo",2023,49,2023-12-03,2023-12-09,"Dec",39109070,220381,300,0,0,2,136.1,0,0.9
"Greater Sierra Sacramento","Yolo",2023,50,2023-12-10,2023-12-16,"Dec",39109070,220381,300,0,37,1,136.1,16.8,0.5
"Greater Sierra Sacramento","Yolo",2023,51,2023-12-17,2023-12-23,"Dec",39109070,220381,300,0,0,0,136.1,0,0
"Greater Sierra Sacramento","Yolo",2023,52,2023-12-24,2023-12-30,"Dec",39109070,220381,300,0,0,0,136.1,0,0
"Greater Sierra Sacramento","Yuba",2023,22,2023-05-28,2023-06-03,"May",39109070,83297,1,0,32,0,1.2,38.4,0
"Greater Sierra Sacramento","Yuba",2023,23,2023-06-04,2023-06-10,"Jun",39109070,83297,1,0,39,0,1.2,46.8,0
"Greater Sierra Sacramento","Yuba",2023,24,2023-06-11,2023-06-17,"Jun",39109070,83297,3,0,38,0,3.6,45.6,0
"Greater Sierra Sacramento","Yuba",2023,25,2023-06-18,2023-06-24,"Jun",39109070,83297,4,0,98,2,4.8,117.7,2.4
"Greater Sierra Sacramento","Yuba",2023,26,2023-06-25,2023-07-01,"Jun",39109070,83297,7,0,168,3,8.4,201.7,3.6
"Greater Sierra Sacramento","Yuba",2023,27,2023-07-02,2023-07-08,"Jul",39109070,83297,10,0,236,4,12,283.3,4.8
"Greater Sierra Sacramento","Yuba",2023,28,2023-07-09,2023-07-15,"Jul",39109070,83297,16,0,285,5,19.2,342.1,6
"Greater Sierra Sacramento","Yuba",2023,29,2023-07-16,2023-07-22,"Jul",39109070,83297,22,0,219,4,26.4,262.9,4.8
"Greater Sierra Sacramento","Yuba",2023,30,2023-07-23,2023-07-29,"Jul",39109070,83297,28,0,228,10,33.6,273.7,12
"Greater Sierra Sacramento","Yuba",2023,31,2023-07-30,2023-08-05,"Jul",39109070,83297,37,0,427,5,44.4,512.6,6
"Greater Sierra Sacramento","Yuba",2023,32,2023-08-06,2023-08-12,"Aug",39109070,83297,47,0,459,4,56.4,551,4.8
"Greater Sierra Sacramento","Yuba",2023,33,2023-08-13,2023-08-19,"Aug",39109070,83297,56,0,535,7,67.2,642.3,8.4
"Greater Sierra Sacramento","Yuba",2023,34,2023-08-20,2023-08-26,"Aug",39109070,83297,79,0,833,13,94.8,1000,15.6
"Greater Sierra Sacramento","Yuba",2023,35,2023-08-27,2023-09-02,"Aug",39109070,83297,113,0,1222,13,135.7,1467,15.6
"Greater Sierra Sacramento","Yuba",2023,36,2023-09-03,2023-09-09,"Sep",39109070,83297,141,0,1242,25,169.3,1491.1,30
"Greater Sierra Sacramento","Yuba",2023,37,2023-09-10,2023-09-16,"Sep",39109070,83297,165,0,1129,32,198.1,1355.4,38.4
"Greater Sierra Sacramento","Yuba",2023,38,2023-09-17,2023-09-23,"Sep",39109070,83297,187,0,1292,32,224.5,1551.1,38.4
"Greater Sierra Sacramento","Yuba",2023,39,2023-09-24,2023-09-30,"Sep",39109070,83297,210,0,1015,32,252.1,1218.5,38.4
"Greater Sierra Sacramento","Yuba",2023,40,2023-10-01,2023-10-07,"Oct",39109070,83297,240,0,1030,37,288.1,1236.5,44.4
"Greater Sierra Sacramento","Yuba",2023,41,2023-10-08,2023-10-14,"Oct",39109070,83297,267,0,1010,23,320.5,1212.5,27.6
"Greater Sierra Sacramento","Yuba",2023,42,2023-10-15,2023-10-21,"Oct",39109070,83297,297,0,979,21,356.6,1175.3,25.2
"Greater Sierra Sacramento","Yuba",2023,43,2023-10-22,2023-10-28,"Oct",39109070,83297,315,1,804,23,378.2,965.2,27.6
"Greater Sierra Sacramento","Yuba",2023,44,2023-10-29,2023-11-04,"Oct",39109070,83297,328,1,520,20,393.8,624.3,24
"Greater Sierra Sacramento","Yuba",2023,45,2023-11-05,2023-11-11,"Nov",39109070,83297,333,1,367,13,399.8,440.6,15.6
"Greater Sierra Sacramento","Yuba",2023,46,2023-11-12,2023-11-18,"Nov",39109070,83297,336,1,131,18,403.4,157.3,21.6
"Greater Sierra Sacramento","Yuba",2023,47,2023-11-19,2023-11-25,"Nov",39109070,83297,337,1,21,11,404.6,25.2,13.2
"Greater Sierra Sacramento","Yuba",2023,48,2023-11-26,2023-12-02,"Nov",39109070,83297,337,1,29,5,404.6,34.8,6
"Greater Sierra Sacramento","Yuba",2023,49,2023-12-03,2023-12-09,"Dec",39109070,83297,337,1,0,3,404.6,0,3.6
"Greater Sierra Sacramento","Yuba",2023,50,2023-12-10,2023-12-16,"Dec",39109070,83297,337,1,28,1,404.6,33.6,1.2
"Greater Sierra Sacramento","Yuba",2023,51,2023-12-17,2023-12-23,"Dec",39109070,83297,337,1,0,1,404.6,0,1.2
"Greater Sierra Sacramento","Yuba",2023,52,2023-12-24,2023-12-30,"Dec",39109070,83297,337,1,0,1,404.6,0,1.2
"Los Angeles","Los Angeles",2023,22,2023-05-28,2023-06-03,"May",39109070,9825708,15,0,2650,0,0.2,27,0
"Los Angeles","Los Angeles",2023,23,2023-06-04,2023-06-10,"Jun",39109070,9825708,32,0,2594,0,0.3,26.4,0
"Los Angeles","Los Angeles",2023,24,2023-06-11,2023-06-17,"Jun",39109070,9825708,55,0,2287,64,0.6,23.3,0.7
"Los Angeles","Los Angeles",2023,25,2023-06-18,2023-06-24,"Jun",39109070,9825708,106,0,6607,86,1.1,67.2,0.9
"Los Angeles","Los Angeles",2023,26,2023-06-25,2023-07-01,"Jun",39109070,9825708,173,0,10938,77,1.8,111.3,0.8
"Los Angeles","Los Angeles",2023,27,2023-07-02,2023-07-08,"Jul",39109070,9825708,248,0,13138,174,2.5,133.7,1.8
"Los Angeles","Los Angeles",2023,28,2023-07-09,2023-07-15,"Jul",39109070,9825708,354,0,17178,269,3.6,174.8,2.7
"Los Angeles","Los Angeles",2023,29,2023-07-16,2023-07-22,"Jul",39109070,9825708,437,1,13287,411,4.4,135.2,4.2
"Los Angeles","Los Angeles",2023,30,2023-07-23,2023-07-29,"Jul",39109070,9825708,528,1,14522,449,5.4,147.8,4.6
"Los Angeles","Los Angeles",2023,31,2023-07-30,2023-08-05,"Jul",39109070,9825708,701,1,24908,368,7.1,253.5,3.7
"Los Angeles","Los Angeles",2023,32,2023-08-06,2023-08-12,"Aug",39109070,9825708,863,1,25223,411,8.8,256.7,4.2
"Los Angeles","Los Angeles",2023,33,2023-08-13,2023-08-19,"Aug",39109070,9825708,1101,1,31854,672,11.2,324.2,6.8
"Los Angeles","Los Angeles",2023,34,2023-08-20,2023-08-26,"Aug",39109070,9825708,1413,1,47742,705,14.4,485.9,7.2
"Los Angeles","Los Angeles",2023,35,2023-08-27,2023-09-02,"Aug",39109070,9825708,1910,1,73716,815,19.4,750.2,8.3
"Los Angeles","Los Angeles",2023,36,2023-09-03,2023-09-09,"Sep",39109070,9825708,2418,1,72629,1252,24.6,739.2,12.7
"Los Angeles","Los Angeles",2023,37,2023-09-10,2023-09-16,"Sep",39109070,9825708,2886,1,67370,1905,29.4,685.7,19.4
"Los Angeles","Los Angeles",2023,38,2023-09-17,2023-09-23,"Sep",39109070,9825708,3399,1,77244,2051,34.6,786.1,20.9
"Los Angeles","Los Angeles",2023,39,2023-09-24,2023-09-30,"Sep",39109070,9825708,3871,1,63939,1955,39.4,650.7,19.9
"Los Angeles","Los Angeles",2023,40,2023-10-01,2023-10-07,"Oct",39109070,9825708,4267,2,64454,2091,43.4,656,21.3
"Los Angeles","Los Angeles",2023,41,2023-10-08,2023-10-14,"Oct",39109070,9825708,4711,4,63110,1823,47.9,642.3,18.6
"Los Angeles","Los Angeles",2023,42,2023-10-15,2023-10-21,"Oct",39109070,9825708,5148,4,64609,1890,52.4,657.6,19.2
"Los Angeles","Los Angeles",2023,43,2023-10-22,2023-10-28,"Oct",39109070,9825708,5513,4,52330,1794,56.1,532.6,18.3
"Los Angeles","Los Angeles",2023,44,2023-10-29,2023-11-04,"Oct",39109070,9825708,5781,5,35318,1837,58.8,359.4,18.7
"Los Angeles","Los Angeles",2023,45,2023-11-05,2023-11-11,"Nov",39109070,9825708,5945,5,25449,1516,60.5,259,15.4
"Los Angeles","Los Angeles",2023,46,2023-11-12,2023-11-18,"Nov",39109070,9825708,6005,5,8772,1062,61.1,89.3,10.8
"Los Angeles","Los Angeles",2023,47,2023-11-19,2023-11-25,"Nov",39109070,9825708,6020,5,1103,793,61.3,11.2,8.1
"Los Angeles","Los Angeles",2023,48,2023-11-26,2023-12-02,"Nov",39109070,9825708,6027,5,1560,398,61.3,15.9,4.1
"Los Angeles","Los Angeles",2023,49,2023-12-03,2023-12-09,"Dec",39109070,9825708,6027,5,0,120,61.3,0,1.2
"Los Angeles","Los Angeles",2023,50,2023-12-10,2023-12-16,"Dec",39109070,9825708,6038,5,1625,68,61.5,16.5,0.7
"Los Angeles","Los Angeles",2023,51,2023-12-17,2023-12-23,"Dec",39109070,9825708,6038,5,0,9,61.5,0,0.1
"Los Angeles","Los Angeles",2023,52,2023-12-24,2023-12-30,"Dec",39109070,9825708,6038,5,0,44,61.5,0,0.4
"Rural North","Del Norte",2023,22,2023-05-28,2023-06-03,"May",39109070,26382,0,0,4,0,0,15.2,0
"Rural North","Del Norte",2023,23,2023-06-04,2023-06-10,"Jun",39109070,26382,0,0,8,0,0,30.3,0
"Rural North","Del Norte",2023,24,2023-06-11,2023-06-17,"Jun",39109070,26382,0,0,6,0,0,22.7,0
"Rural North","Del Norte",2023,25,2023-06-18,2023-06-24,"Jun",39109070,26382,0,0,20,0,0,75.8,0
"Rural North","Del Norte",2023,26,2023-06-25,2023-07-01,"Jun",39109070,26382,2,0,27,0,7.6,102.3,0
"Rural North","Del Norte",2023,27,2023-07-02,2023-07-08,"Jul",39109070,26382,2,0,53,0,7.6,200.9,0
"Rural North","Del Norte",2023,28,2023-07-09,2023-07-15,"Jul",39109070,26382,4,0,63,0,15.2,238.8,0
"Rural North","Del Norte",2023,29,2023-07-16,2023-07-22,"Jul",39109070,26382,4,0,38,1,15.2,144,3.8
"Rural North","Del Norte",2023,30,2023-07-23,2023-07-29,"Jul",39109070,26382,5,0,34,2,19,128.9,7.6
"Rural North","Del Norte",2023,31,2023-07-30,2023-08-05,"Jul",39109070,26382,6,0,83,4,22.7,314.6,15.2
"Rural North","Del Norte",2023,32,2023-08-06,2023-08-12,"Aug",39109070,26382,8,0,82,3,30.3,310.8,11.4
"Rural North","Del Norte",2023,33,2023-08-13,2023-08-19,"Aug",39109070,26382,10,0,97,2,37.9,367.7,7.6
"Rural North","Del Norte",2023,34,2023-08-20,2023-08-26,"Aug",39109070,26382,16,0,165,4,60.6,625.4,15.2
"Rural North","Del Norte",2023,35,2023-08-27,2023-09-02,"Aug",39109070,26382,23,0,223,5,87.2,845.3,19
"Rural North","Del Norte",2023,36,2023-09-03,2023-09-09,"Sep",39109070,26382,24,0,227,5,91,860.4,19
"Rural North","Del Norte",2023,37,2023-09-10,2023-09-16,"Sep",39109070,26382,28,0,194,5,106.1,735.3,19
"Rural North","Del Norte",2023,38,2023-09-17,2023-09-23,"Sep",39109070,26382,31,0,224,5,117.5,849.1,19
"Rural North","Del Norte",2023,39,2023-09-24,2023-09-30,"Sep",39109070,26382,31,0,187,4,117.5,708.8,15.2
"Rural North","Del Norte",2023,40,2023-10-01,2023-10-07,"Oct",39109070,26382,34,0,202,5,128.9,765.7,19
"Rural North","Del Norte",2023,41,2023-10-08,2023-10-14,"Oct",39109070,26382,41,0,212,6,155.4,803.6,22.7
"Rural North","Del Norte",2023,42,2023-10-15,2023-10-21,"Oct",39109070,26382,42,0,206,5,159.2,780.8,19
"Rural North","Del Norte",2023,43,2023-10-22,2023-10-28,"Oct",39109070,26382,45,0,177,7,170.6,670.9,26.5
"Rural North","Del Norte",2023,44,2023-10-29,2023-11-04,"Oct",39109070,26382,47,0,107,4,178.2,405.6,15.2
"Rural North","Del Norte",2023,45,2023-11-05,2023-11-11,"Nov",39109070,26382,47,0,59,6,178.2,223.6,22.7
"Rural North","Del Norte",2023,46,2023-11-12,2023-11-18,"Nov",39109070,26382,47,0,21,3,178.2,79.6,11.4
"Rural North","Del Norte",2023,47,2023-11-19,2023-11-25,"Nov",39109070,26382,47,0,0,1,178.2,0,3.8
"Rural North","Del Norte",2023,48,2023-11-26,2023-12-02,"Nov",39109070,26382,47,0,10,4,178.2,37.9,15.2
"Rural North","Del Norte",2023,49,2023-12-03,2023-12-09,"Dec",39109070,26382,47,0,0,0,178.2,0,0
"Rural North","Del Norte",2023,50,2023-12-10,2023-12-16,"Dec",39109070,26382,47,0,3,0,178.2,11.4,0
"Rural North","Del Norte",2023,51,2023-12-17,2023-12-23,"Dec",39109070,26382,47,0,0,0,178.2,0,0
"Rural North","Del Norte",2023,52,2023-12-24,2023-12-30,"Dec",39109070,26382,47,0,0,0,178.2,0,0
"Rural North","Glenn",2023,22,2023-05-28,2023-06-03,"May",39109070,28039,0,0,2,0,0,7.1,0
"Rural North","Glenn",2023,23,2023-06-04,2023-06-10,"Jun",39109070,28039,0,0,4,0,0,14.3,0
"Rural North","Glenn",2023,24,2023-06-11,2023-06-17,"Jun",39109070,28039,0,0,6,0,0,21.4,0
"Rural North","Glenn",2023,25,2023-06-18,2023-06-24,"Jun",39109070,28039,0,0,25,0,0,89.2,0
"Rural North","Glenn",2023,26,2023-06-25,2023-07-01,"Jun",39109070,28039,0,0,25,0,0,89.2,0
"Rural North","Glenn",2023,27,2023-07-02,2023-07-08,"Jul",39109070,28039,1,0,47,1,3.6,167.6,3.6
"Rural North","Glenn",2023,28,2023-07-09,2023-07-15,"Jul",39109070,28039,3,0,46,0,10.7,164.1,0
"Rural North","Glenn",2023,29,2023-07-16,2023-07-22,"Jul",39109070,28039,3,0,29,4,10.7,103.4,14.3
"Rural North","Glenn",2023,30,2023-07-23,2023-07-29,"Jul",39109070,28039,3,0,42,0,10.7,149.8,0
"Rural North","Glenn",2023,31,2023-07-30,2023-08-05,"Jul",39109070,28039,3,0,72,2,10.7,256.8,7.1
"Rural North","Glenn",2023,32,2023-08-06,2023-08-12,"Aug",39109070,28039,4,0,73,1,14.3,260.4,3.6
"Rural North","Glenn",2023,33,2023-08-13,2023-08-19,"Aug",39109070,28039,4,0,74,3,14.3,263.9,10.7
"Rural North","Glenn",2023,34,2023-08-20,2023-08-26,"Aug",39109070,28039,5,0,129,3,17.8,460.1,10.7
"Rural North","Glenn",2023,35,2023-08-27,2023-09-02,"Aug",39109070,28039,7,0,238,6,25,848.8,21.4
"Rural North","Glenn",2023,36,2023-09-03,2023-09-09,"Sep",39109070,28039,11,0,200,6,39.2,713.3,21.4
"Rural North","Glenn",2023,37,2023-09-10,2023-09-16,"Sep",39109070,28039,15,0,205,2,53.5,731.1,7.1
"Rural North","Glenn",2023,38,2023-09-17,2023-09-23,"Sep",39109070,28039,20,0,217,7,71.3,773.9,25
"Rural North","Glenn",2023,39,2023-09-24,2023-09-30,"Sep",39109070,28039,24,0,179,4,85.6,638.4,14.3
"Rural North","Glenn",2023,40,2023-10-01,2023-10-07,"Oct",39109070,28039,27,0,176,3,96.3,627.7,10.7
"Rural North","Glenn",2023,41,2023-10-08,2023-10-14,"Oct",39109070,28039,29,0,174,6,103.4,620.6,21.4
"Rural North","Glenn",2023,42,2023-10-15,2023-10-21,"Oct",39109070,28039,33,0,187,9,117.7,666.9,32.1
"Rural North","Glenn",2023,43,2023-10-22,2023-10-28,"Oct",39109070,28039,37,0,163,9,132,581.3,32.1
"Rural North","Glenn",2023,44,2023-10-29,2023-11-04,"Oct",39109070,28039,38,0,117,6,135.5,417.3,21.4
"Rural North","Glenn",2023,45,2023-11-05,2023-11-11,"Nov",39109070,28039,39,0,65,5,139.1,231.8,17.8
"Rural North","Glenn",2023,46,2023-11-12,2023-11-18,"Nov",39109070,28039,39,0,26,3,139.1,92.7,10.7
"Rural North","Glenn",2023,47,2023-11-19,2023-11-25,"Nov",39109070,28039,39,0,7,2,139.1,25,7.1
"Rural North","Glenn",2023,48,2023-11-26,2023-12-02,"Nov",39109070,28039,40,0,4,1,142.7,14.3,3.6
"Rural North","Glenn",2023,49,2023-12-03,2023-12-09,"Dec",39109070,28039,40,0,0,0,142.7,0,0
"Rural North","Glenn",2023,50,2023-12-10,2023-12-16,"Dec",39109070,28039,40,0,6,0,142.7,21.4,0
"Rural North","Glenn",2023,51,2023-12-17,2023-12-23,"Dec",39109070,28039,40,0,0,0,142.7,0,0
"Rural North","Glenn",2023,52,2023-12-24,2023-12-30,"Dec",39109070,28039,40,0,0,0,142.7,0,0
"Rural North","Humboldt",2023,22,2023-05-28,2023-06-03,"May",39109070,134388,1,0,43,0,0.7,32,0
"Rural North","Humboldt",2023,23,2023-06-04,2023-06-10,"Jun",39109070,134388,3,0,38,0,2.2,28.3,0
"Rural North","Humboldt",2023,24,2023-06-11,2023-06-17,"Jun",39109070,134388,5,0,42,3,3.7,31.3,2.2
"Rural North","Humboldt",2023,25,2023-06-18,2023-06-24,"Jun",39109070,134388,6,0,91,2,4.5,67.7,1.5
"Rural North","Humboldt",2023,26,2023-06-25,2023-07-01,"Jun",39109070,134388,8,0,150,1,6,111.6,0.7
"Rural North","Humboldt",2023,27,2023-07-02,2023-07-08,"Jul",39109070,134388,10,0,185,2,7.4,137.7,1.5
"Rural North","Humboldt",2023,28,2023-07-09,2023-07-15,"Jul",39109070,134388,16,0,247,6,11.9,183.8,4.5
"Rural North","Humboldt",2023,29,2023-07-16,2023-07-22,"Jul",39109070,134388,18,0,195,5,13.4,145.1,3.7
"Rural North","Humboldt",2023,30,2023-07-23,2023-07-29,"Jul",39109070,134388,23,0,196,10,17.1,145.8,7.4
"Rural North","Humboldt",2023,31,2023-07-30,2023-08-05,"Jul",39109070,134388,34,0,378,11,25.3,281.3,8.2
"Rural North","Humboldt",2023,32,2023-08-06,2023-08-12,"Aug",39109070,134388,41,0,367,8,30.5,273.1,6
"Rural North","Humboldt",2023,33,2023-08-13,2023-08-19,"Aug",39109070,134388,48,0,489,12,35.7,363.9,8.9
"Rural North","Humboldt",2023,34,2023-08-20,2023-08-26,"Aug",39109070,134388,61,0,694,10,45.4,516.4,7.4
"Rural North","Humboldt",2023,35,2023-08-27,2023-09-02,"Aug",39109070,134388,91,0,1090,15,67.7,811.1,11.2
"Rural North","Humboldt",2023,36,2023-09-03,2023-09-09,"Sep",39109070,134388,118,0,1064,24,87.8,791.7,17.9
"Rural North","Humboldt",2023,37,2023-09-10,2023-09-16,"Sep",39109070,134388,141,0,1026,33,104.9,763.5,24.6
"Rural North","Humboldt",2023,38,2023-09-17,2023-09-23,"Sep",39109070,134388,159,0,1108,27,118.3,824.5,20.1
"Rural North","Humboldt",2023,39,2023-09-24,2023-09-30,"Sep",39109070,134388,174,0,885,31,129.5,658.5,23.1
"Rural North","Humboldt",2023,40,2023-10-01,2023-10-07,"Oct",39109070,134388,193,0,910,35,143.6,677.1,26
"Rural North","Humboldt",2023,41,2023-10-08,2023-10-14,"Oct",39109070,134388,212,0,895,28,157.8,666,20.8
"Rural North","Humboldt",2023,42,2023-10-15,2023-10-21,"Oct",39109070,134388,232,0,884,39,172.6,657.8,29
"Rural North","Humboldt",2023,43,2023-10-22,2023-10-28,"Oct",39109070,134388,251,0,755,27,186.8,561.8,20.1
"Rural North","Humboldt",2023,44,2023-10-29,2023-11-04,"Oct",39109070,134388,266,0,512,25,197.9,381,18.6
"Rural North","Humboldt",2023,45,2023-11-05,2023-11-11,"Nov",39109070,134388,274,0,354,24,203.9,263.4,17.9
"Rural North","Humboldt",2023,46,2023-11-12,2023-11-18,"Nov",39109070,134388,276,0,121,18,205.4,90,13.4
"Rural North","Humboldt",2023,47,2023-11-19,2023-11-25,"Nov",39109070,134388,276,0,14,15,205.4,10.4,11.2
"Rural North","Humboldt",2023,48,2023-11-26,2023-12-02,"Nov",39109070,134388,277,0,24,6,206.1,17.9,4.5
"Rural North","Humboldt",2023,49,2023-12-03,2023-12-09,"Dec",39109070,134388,277,0,0,1,206.1,0,0.7
"Rural North","Humboldt",2023,50,2023-12-10,2023-12-16,"Dec",39109070,134388,278,0,28,1,206.9,20.8,0.7
"Rural North","Humboldt",2023,51,2023-12-17,2023-12-23,"Dec",39109070,134388,278,0,0,1,206.9,0,0.7
"Rural North","Humboldt",2023,52,2023-12-24,2023-12-30,"Dec",39109070,134388,278,0,0,1,206.9,0,0.7
"Rural North","Lake",2023,22,2023-05-28,2023-06-03,"May",39109070,66446,0,0,19,0,0,28.6,0
"Rural North","Lake",2023,23,2023-06-04,2023-06-10,"Jun",39109070,66446,0,0,14,0,0,21.1,0
"Rural North","Lake",2023,24,2023-06-11,2023-06-17,"Jun",39109070,66446,0,0,15,2,0,22.6,3
"Rural North","Lake",2023,25,2023-06-18,2023-06-24,"Jun",39109070,66446,1,0,54,2,1.5,81.3,3
"Rural North","Lake",2023,26,2023-06-25,2023-07-01,"Jun",39109070,66446,2,0,91,0,3,137,0
"Rural North","Lake",2023,27,2023-07-02,2023-07-08,"Jul",39109070,66446,6,0,118,2,9,177.6,3
"Rural North","Lake",2023,28,2023-07-09,2023-07-15,"Jul",39109070,66446,9,0,117,3,13.5,176.1,4.5
"Rural North","Lake",2023,29,2023-07-16,2023-07-22,"Jul",39109070,66446,10,0,101,5,15,152,7.5
"Rural North","Lake",2023,30,2023-07-23,2023-07-29,"Jul",39109070,66446,12,0,139,1,18.1,209.2,1.5
"Rural North","Lake",2023,31,2023-07-30,2023-08-05,"Jul",39109070,66446,14,0,215,4,21.1,323.6,6
"Rural North","Lake",2023,32,2023-08-06,2023-08-12,"Aug",39109070,66446,18,0,211,6,27.1,317.6,9
"Rural North","Lake",2023,33,2023-08-13,2023-08-19,"Aug",39109070,66446,21,0,268,8,31.6,403.3,12
"Rural North","Lake",2023,34,2023-08-20,2023-08-26,"Aug",39109070,66446,30,0,371,9,45.1,558.3,13.5
"Rural North","Lake",2023,35,2023-08-27,2023-09-02,"Aug",39109070,66446,38,0,570,7,57.2,857.8,10.5
"Rural North","Lake",2023,36,2023-09-03,2023-09-09,"Sep",39109070,66446,50,0,561,15,75.2,844.3,22.6
"Rural North","Lake",2023,37,2023-09-10,2023-09-16,"Sep",39109070,66446,63,0,565,14,94.8,850.3,21.1
"Rural North","Lake",2023,38,2023-09-17,2023-09-23,"Sep",39109070,66446,69,0,568,17,103.8,854.8,25.6
"Rural North","Lake",2023,39,2023-09-24,2023-09-30,"Sep",39109070,66446,74,0,510,25,111.4,767.5,37.6
"Rural North","Lake",2023,40,2023-10-01,2023-10-07,"Oct",39109070,66446,79,0,511,15,118.9,769,22.6
"Rural North","Lake",2023,41,2023-10-08,2023-10-14,"Oct",39109070,66446,85,0,478,18,127.9,719.4,27.1
"Rural North","Lake",2023,42,2023-10-15,2023-10-21,"Oct",39109070,66446,93,0,447,23,140,672.7,34.6
"Rural North","Lake",2023,43,2023-10-22,2023-10-28,"Oct",39109070,66446,100,0,399,16,150.5,600.5,24.1
"Rural North","Lake",2023,44,2023-10-29,2023-11-04,"Oct",39109070,66446,105,0,283,17,158,425.9,25.6
"Rural North","Lake",2023,45,2023-11-05,2023-11-11,"Nov",39109070,66446,107,0,197,27,161,296.5,40.6
"Rural North","Lake",2023,46,2023-11-12,2023-11-18,"Nov",39109070,66446,109,0,70,13,164,105.3,19.6
"Rural North","Lake",2023,47,2023-11-19,2023-11-25,"Nov",39109070,66446,109,0,7,9,164,10.5,13.5
"Rural North","Lake",2023,48,2023-11-26,2023-12-02,"Nov",39109070,66446,110,0,13,2,165.5,19.6,3
"Rural North","Lake",2023,49,2023-12-03,2023-12-09,"Dec",39109070,66446,110,0,0,2,165.5,0,3
"Rural North","Lake",2023,50,2023-12-10,2023-12-16,"Dec",39109070,66446,111,0,11,0,167.1,16.6,0
"Rural North","Lake",2023,51,2023-12-17,2023-12-23,"Dec",39109070,66446,111,0,0,0,167.1,0,0
"Rural North","Lake",2023,52,2023-12-24,2023-12-30,"Dec",39109070,66446,111,0,0,1,167.1,0,1.5
"Rural North","Lassen",2023,22,2023-05-28,2023-06-03,"May",39109070,28232,0,0,9,0,0,31.9,0
"Rural North","Lassen",2023,23,2023-06-04,2023-06-10,"Jun",39109070,28232,0,0,9,0,0,31.9,0
"Rural North","Lassen",2023,24,2023-06-11,2023-06-17,"Jun",39109070,28232,0,0,6,0,0,21.3,0
"Rural North","Lassen",2023,25,2023-06-18,2023-06-24,"Jun",39109070,28232,0,0,23,0,0,81.5,0
"Rural North","Lassen",2023,26,2023-06-25,2023-07-01,"Jun",39109070,28232,3,0,32,0,10.6,113.3,0
"Rural North","Lassen",2023,27,2023-07-02,2023-07-08,"Jul",39109070,28232,7,0,43,0,24.8,152.3,0
"Rural North","Lassen",2023,28,2023-07-09,2023-07-15,"Jul",39109070,28232,9,0,63,1,31.9,223.2,3.5
"Rural North","Lassen",2023,29,2023-07-16,2023-07-22,"Jul",39109070,28232,9,0,52,0,31.9,184.2,0
"Rural North","Lassen",2023,30,2023-07-23,2023-07-29,"Jul",39109070,28232,10,0,49,1,35.4,173.6,3.5
"Rural North","Lassen",2023,31,2023-07-30,2023-08-05,"Jul",39109070,28232,11,0,92,1,39,325.9,3.5
"Rural North","Lassen",2023,32,2023-08-06,2023-08-12,"Aug",39109070,28232,16,0,78,2,56.7,276.3,7.1
"Rural North","Lassen",2023,33,2023-08-13,2023-08-19,"Aug",39109070,28232,18,0,100,2,63.8,354.2,7.1
"Rural North","Lassen",2023,34,2023-08-20,2023-08-26,"Aug",39109070,28232,20,0,157,2,70.8,556.1,7.1
"Rural North","Lassen",2023,35,2023-08-27,2023-09-02,"Aug",39109070,28232,27,0,256,2,95.6,906.8,7.1
"Rural North","Lassen",2023,36,2023-09-03,2023-09-09,"Sep",39109070,28232,27,0,241,4,95.6,853.6,14.2
"Rural North","Lassen",2023,37,2023-09-10,2023-09-16,"Sep",39109070,28232,31,0,207,12,109.8,733.2,42.5
"Rural North","Lassen",2023,38,2023-09-17,2023-09-23,"Sep",39109070,28232,38,0,276,14,134.6,977.6,49.6
"Rural North","Lassen",2023,39,2023-09-24,2023-09-30,"Sep",39109070,28232,41,0,243,11,145.2,860.7,39
"Rural North","Lassen",2023,40,2023-10-01,2023-10-07,"Oct",39109070,28232,43,0,225,9,152.3,797,31.9
"Rural North","Lassen",2023,41,2023-10-08,2023-10-14,"Oct",39109070,28232,46,0,200,8,162.9,708.4,28.3
"Rural North","Lassen",2023,42,2023-10-15,2023-10-21,"Oct",39109070,28232,49,0,222,6,173.6,786.3,21.3
"Rural North","Lassen",2023,43,2023-10-22,2023-10-28,"Oct",39109070,28232,51,0,150,8,180.6,531.3,28.3
"Rural North","Lassen",2023,44,2023-10-29,2023-11-04,"Oct",39109070,28232,56,0,129,7,198.4,456.9,24.8
"Rural North","Lassen",2023,45,2023-11-05,2023-11-11,"Nov",39109070,28232,57,0,76,5,201.9,269.2,17.7
"Rural North","Lassen",2023,46,2023-11-12,2023-11-18,"Nov",39109070,28232,58,0,27,3,205.4,95.6,10.6
"Rural North","Lassen",2023,47,2023-11-19,2023-11-25,"Nov",39109070,28232,58,0,2,1,205.4,7.1,3.5
"Rural North","Lassen",2023,48,2023-11-26,2023-12-02,"Nov",39109070,28232,58,0,2,2,205.4,7.1,7.1
"Rural North","Lassen",2023,49,2023-12-03,2023-12-09,"Dec",39109070,28232,58,0,0,0,205.4,0,0
"Rural North","Lassen",2023,50,2023-12-10,2023-12-16,"Dec",39109070,28232,58,0,6,1,205.4,21.3,3.5
"Rural North","Lassen",2023,51,2023-12-17,2023-12-23,"Dec",39109070,28232,58,0,0,0,205.4,0,0
"Rural North","Lassen",2023,52,2023-12-24,2023-12-30,"Dec",39109070,28232,58,0,0,0,205.4,0,0
"Rural North","Mendocino",2023,22,2023-05-28,2023-06-03,"May",39109070,89316,0,0,20,0,0,22.4,0
"Rural North","Mendocino",2023,23,2023-06-04,2023-06-10,"Jun",39109070,89316,0,0,31,0,0,34.7,0
"Rural North","Mendocino",2023,24,2023-06-11,2023-06-17,"Jun",39109070,89316,1,0,21,0,1.1,23.5,0
"Rural North","Mendocino",2023,25,2023-06-18,2023-06-24,"Jun",39109070,89316,1,0,60,3,1.1,67.2,3.4
"Rural North","Mendocino",2023,26,2023-06-25,2023-07-01,"Jun",39109070,89316,4,0,105,0,4.5,117.6,0
"Rural North","Mendocino",2023,27,2023-07-02,2023-07-08,"Jul",39109070,89316,6,0,148,3,6.7,165.7,3.4
"Rural North","Mendocino",2023,28,2023-07-09,2023-07-15,"Jul",39109070,89316,8,0,177,1,9,198.2,1.1
"Rural North","Mendocino",2023,29,2023-07-16,2023-07-22,"Jul",39109070,89316,9,0,142,5,10.1,159,5.6
"Rural North","Mendocino",2023,30,2023-07-23,2023-07-29,"Jul",39109070,89316,15,0,171,12,16.8,191.5,13.4
"Rural North","Mendocino",2023,31,2023-07-30,2023-08-05,"Jul",39109070,89316,19,0,261,8,21.3,292.2,9
"Rural North","Mendocino",2023,32,2023-08-06,2023-08-12,"Aug",39109070,89316,19,0,248,8,21.3,277.7,9
"Rural North","Mendocino",2023,33,2023-08-13,2023-08-19,"Aug",39109070,89316,24,0,315,11,26.9,352.7,12.3
"Rural North","Mendocino",2023,34,2023-08-20,2023-08-26,"Aug",39109070,89316,32,0,476,11,35.8,532.9,12.3
"Rural North","Mendocino",2023,35,2023-08-27,2023-09-02,"Aug",39109070,89316,47,0,781,13,52.6,874.4,14.6
"Rural North","Mendocino",2023,36,2023-09-03,2023-09-09,"Sep",39109070,89316,63,0,735,15,70.5,822.9,16.8
"Rural North","Mendocino",2023,37,2023-09-10,2023-09-16,"Sep",39109070,89316,81,0,684,24,90.7,765.8,26.9
"Rural North","Mendocino",2023,38,2023-09-17,2023-09-23,"Sep",39109070,89316,88,0,790,18,98.5,884.5,20.2
"Rural North","Mendocino",2023,39,2023-09-24,2023-09-30,"Sep",39109070,89316,97,0,692,22,108.6,774.8,24.6
"Rural North","Mendocino",2023,40,2023-10-01,2023-10-07,"Oct",39109070,89316,106,0,662,26,118.7,741.2,29.1
"Rural North","Mendocino",2023,41,2023-10-08,2023-10-14,"Oct",39109070,89316,119,0,635,27,133.2,711,30.2
"Rural North","Mendocino",2023,42,2023-10-15,2023-10-21,"Oct",39109070,89316,138,0,664,21,154.5,743.4,23.5
"Rural North","Mendocino",2023,43,2023-10-22,2023-10-28,"Oct",39109070,89316,143,0,522,21,160.1,584.4,23.5
"Rural North","Mendocino",2023,44,2023-10-29,2023-11-04,"Oct",39109070,89316,151,0,378,32,169.1,423.2,35.8
"Rural North","Mendocino",2023,45,2023-11-05,2023-11-11,"Nov",39109070,89316,154,0,234,23,172.4,262,25.8
"Rural North","Mendocino",2023,46,2023-11-12,2023-11-18,"Nov",39109070,89316,155,0,90,18,173.5,100.8,20.2
"Rural North","Mendocino",2023,47,2023-11-19,2023-11-25,"Nov",39109070,89316,156,0,10,11,174.7,11.2,12.3
"Rural North","Mendocino",2023,48,2023-11-26,2023-12-02,"Nov",39109070,89316,156,0,17,5,174.7,19,5.6
"Rural North","Mendocino",2023,49,2023-12-03,2023-12-09,"Dec",39109070,89316,156,0,0,0,174.7,0,0
"Rural North","Mendocino",2023,50,2023-12-10,2023-12-16,"Dec",39109070,89316,158,0,19,0,176.9,21.3,0
"Rural North","Mendocino",2023,51,2023-12-17,2023-12-23,"Dec",39109070,89316,158,0,0,0,176.9,0,0
"Rural North","Mendocino",2023,52,2023-12-24,2023-12-30,"Dec",39109070,89316,158,0,0,1,176.9,0,1.1
"Rural North","Modoc",2023,22,2023-05-28,2023-06-03,"May",39109070,8446,0,0,4,0,0,47.4,0
"Rural North","Modoc",2023,23,2023-06-04,2023-06-10,"Jun",39109070,8446,0,0,3,0,0,35.5,0
"Rural North","Modoc",2023,24,2023-06-11,2023-06-17,"Jun",39109070,8446,0,0,3,0,0,35.5,0
"Rural North","Modoc",2023,25,2023-06-18,2023-06-24,"Jun",39109070,8446,0,0,12,0,0,142.1,0
"Rural North","Modoc",2023,26,2023-06-25,2023-07-01,"Jun",39109070,8446,1,0,15,1,11.8,177.6,11.8
"Rural North","Modoc",2023,27,2023-07-02,2023-07-08,"Jul",39109070,8446,2,0,15,0,23.7,177.6,0
"Rural North","Modoc",2023,28,2023-07-09,2023-07-15,"Jul",39109070,8446,2,0,14,0,23.7,165.8,0
"Rural North","Modoc",2023,29,2023-07-16,2023-07-22,"Jul",39109070,8446,3,0,15,0,35.5,177.6,0
"Rural North","Modoc",2023,30,2023-07-23,2023-07-29,"Jul",39109070,8446,3,0,22,0,35.5,260.5,0
"Rural North","Modoc",2023,31,2023-07-30,2023-08-05,"Jul",39109070,8446,7,0,25,0,82.9,296,0
"Rural North","Modoc",2023,32,2023-08-06,2023-08-12,"Aug",39109070,8446,7,0,26,1,82.9,307.8,11.8
"Rural North","Modoc",2023,33,2023-08-13,2023-08-19,"Aug",39109070,8446,7,0,30,1,82.9,355.2,11.8
"Rural North","Modoc",2023,34,2023-08-20,2023-08-26,"Aug",39109070,8446,8,0,51,2,94.7,603.8,23.7
"Rural North","Modoc",2023,35,2023-08-27,2023-09-02,"Aug",39109070,8446,8,0,86,2,94.7,1018.2,23.7
"Rural North","Modoc",2023,36,2023-09-03,2023-09-09,"Sep",39109070,8446,11,0,84,1,130.2,994.6,11.8
"Rural North","Modoc",2023,37,2023-09-10,2023-09-16,"Sep",39109070,8446,14,0,60,3,165.8,710.4,35.5
"Rural North","Modoc",2023,38,2023-09-17,2023-09-23,"Sep",39109070,8446,16,0,87,5,189.4,1030.1,59.2
"Rural North","Modoc",2023,39,2023-09-24,2023-09-30,"Sep",39109070,8446,16,0,81,1,189.4,959,11.8
"Rural North","Modoc",2023,40,2023-10-01,2023-10-07,"Oct",39109070,8446,16,0,76,6,189.4,899.8,71
"Rural North","Modoc",2023,41,2023-10-08,2023-10-14,"Oct",39109070,8446,17,0,68,0,201.3,805.1,0
"Rural North","Modoc",2023,42,2023-10-15,2023-10-21,"Oct",39109070,8446,19,0,89,5,225,1053.8,59.2
"Rural North","Modoc",2023,43,2023-10-22,2023-10-28,"Oct",39109070,8446,19,0,64,2,225,757.8,23.7
"Rural North","Modoc",2023,44,2023-10-29,2023-11-04,"Oct",39109070,8446,19,0,45,2,225,532.8,23.7
"Rural North","Modoc",2023,45,2023-11-05,2023-11-11,"Nov",39109070,8446,19,0,21,3,225,248.6,35.5
"Rural North","Modoc",2023,46,2023-11-12,2023-11-18,"Nov",39109070,8446,19,0,8,0,225,94.7,0
"Rural North","Modoc",2023,47,2023-11-19,2023-11-25,"Nov",39109070,8446,20,0,4,1,236.8,47.4,11.8
"Rural North","Modoc",2023,48,2023-11-26,2023-12-02,"Nov",39109070,8446,20,0,1,0,236.8,11.8,0
"Rural North","Modoc",2023,49,2023-12-03,2023-12-09,"Dec",39109070,8446,20,0,0,0,236.8,0,0
"Rural North","Modoc",2023,50,2023-12-10,2023-12-16,"Dec",39109070,8446,20,0,2,0,236.8,23.7,0
"Rural North","Modoc",2023,51,2023-12-17,2023-12-23,"Dec",39109070,8446,20,0,0,0,236.8,0,0
"Rural North","Modoc",2023,52,2023-12-24,2023-12-30,"Dec",39109070,8446,20,0,0,0,236.8,0,0
"Rural North","Shasta",2023,22,2023-05-28,2023-06-03,"May",39109070,178958,0,0,32,0,0,17.9,0
"Rural North","Shasta",2023,23,2023-06-04,2023-06-10,"Jun",39109070,178958,0,0,57,0,0,31.9,0
"Rural North","Shasta",2023,24,2023-06-11,2023-06-17,"Jun",39109070,178958,1,0,42,1,0.6,23.5,0.6
"Rural North","Shasta",2023,25,2023-06-18,2023-06-24,"Jun",39109070,178958,3,0,131,0,1.7,73.2,0
"Rural North","Shasta",2023,26,2023-06-25,2023-07-01,"Jun",39109070,178958,5,0,207,3,2.8,115.7,1.7
"Rural North","Shasta",2023,27,2023-07-02,2023-07-08,"Jul",39109070,178958,17,0,245,6,9.5,136.9,3.4
"Rural North","Shasta",2023,28,2023-07-09,2023-07-15,"Jul",39109070,178958,26,0,320,5,14.5,178.8,2.8
"Rural North","Shasta",2023,29,2023-07-16,2023-07-22,"Jul",39109070,178958,35,0,220,11,19.6,122.9,6.1
"Rural North","Shasta",2023,30,2023-07-23,2023-07-29,"Jul",39109070,178958,41,0,273,6,22.9,152.5,3.4
"Rural North","Shasta",2023,31,2023-07-30,2023-08-05,"Jul",39109070,178958,52,0,440,9,29.1,245.9,5
"Rural North","Shasta",2023,32,2023-08-06,2023-08-12,"Aug",39109070,178958,63,0,483,6,35.2,269.9,3.4
"Rural North","Shasta",2023,33,2023-08-13,2023-08-19,"Aug",39109070,178958,76,0,552,19,42.5,308.5,10.6
"Rural North","Shasta",2023,34,2023-08-20,2023-08-26,"Aug",39109070,178958,97,0,869,24,54.2,485.6,13.4
"Rural North","Shasta",2023,35,2023-08-27,2023-09-02,"Aug",39109070,178958,133,0,1359,19,74.3,759.4,10.6
"Rural North","Shasta",2023,36,2023-09-03,2023-09-09,"Sep",39109070,178958,159,0,1320,26,88.8,737.6,14.5
"Rural North","Shasta",2023,37,2023-09-10,2023-09-16,"Sep",39109070,178958,180,0,1274,41,100.6,711.9,22.9
"Rural North","Shasta",2023,38,2023-09-17,2023-09-23,"Sep",39109070,178958,223,0,1387,42,124.6,775,23.5
"Rural North","Shasta",2023,39,2023-09-24,2023-09-30,"Sep",39109070,178958,249,0,1184,52,139.1,661.6,29.1
"Rural North","Shasta",2023,40,2023-10-01,2023-10-07,"Oct",39109070,178958,275,0,1175,47,153.7,656.6,26.3
"Rural North","Shasta",2023,41,2023-10-08,2023-10-14,"Oct",39109070,178958,299,0,1148,49,167.1,641.5,27.4
"Rural North","Shasta",2023,42,2023-10-15,2023-10-21,"Oct",39109070,178958,334,0,1212,43,186.6,677.3,24
"Rural North","Shasta",2023,43,2023-10-22,2023-10-28,"Oct",39109070,178958,366,0,940,43,204.5,525.3,24
"Rural North","Shasta",2023,44,2023-10-29,2023-11-04,"Oct",39109070,178958,385,0,681,37,215.1,380.5,20.7
"Rural North","Shasta",2023,45,2023-11-05,2023-11-11,"Nov",39109070,178958,403,0,445,35,225.2,248.7,19.6
"Rural North","Shasta",2023,46,2023-11-12,2023-11-18,"Nov",39109070,178958,409,0,142,23,228.5,79.3,12.9
"Rural North","Shasta",2023,47,2023-11-19,2023-11-25,"Nov",39109070,178958,409,0,23,27,228.5,12.9,15.1
"Rural North","Shasta",2023,48,2023-11-26,2023-12-02,"Nov",39109070,178958,409,0,29,6,228.5,16.2,3.4
"Rural North","Shasta",2023,49,2023-12-03,2023-12-09,"Dec",39109070,178958,409,0,0,3,228.5,0,1.7
"Rural North","Shasta",2023,50,2023-12-10,2023-12-16,"Dec",39109070,178958,409,0,24,2,228.5,13.4,1.1
"Rural North","Shasta",2023,51,2023-12-17,2023-12-23,"Dec",39109070,178958,409,0,0,0,228.5,0,0
"Rural North","Shasta",2023,52,2023-12-24,2023-12-30,"Dec",39109070,178958,409,0,0,1,228.5,0,0.6
"Rural North","Siskiyou",2023,22,2023-05-28,2023-06-03,"May",39109070,42961,0,0,19,0,0,44.2,0
"Rural North","Siskiyou",2023,23,2023-06-04,2023-06-10,"Jun",39109070,42961,0,0,13,0,0,30.3,0
"Rural North","Siskiyou",2023,24,2023-06-11,2023-06-17,"Jun",39109070,42961,0,0,9,0,0,20.9,0
"Rural North","Siskiyou",2023,25,2023-06-18,2023-06-24,"Jun",39109070,42961,0,0,35,0,0,81.5,0
"Rural North","Siskiyou",2023,26,2023-06-25,2023-07-01,"Jun",39109070,42961,0,0,55,0,0,128,0
"Rural North","Siskiyou",2023,27,2023-07-02,2023-07-08,"Jul",39109070,42961,1,0,88,1,2.3,204.8,2.3
"Rural North","Siskiyou",2023,28,2023-07-09,2023-07-15,"Jul",39109070,42961,1,0,87,2,2.3,202.5,4.7
"Rural North","Siskiyou",2023,29,2023-07-16,2023-07-22,"Jul",39109070,42961,4,0,73,4,9.3,169.9,9.3
"Rural North","Siskiyou",2023,30,2023-07-23,2023-07-29,"Jul",39109070,42961,6,0,76,6,14,176.9,14
"Rural North","Siskiyou",2023,31,2023-07-30,2023-08-05,"Jul",39109070,42961,8,0,129,2,18.6,300.3,4.7
"Rural North","Siskiyou",2023,32,2023-08-06,2023-08-12,"Aug",39109070,42961,12,0,136,1,27.9,316.6,2.3
"Rural North","Siskiyou",2023,33,2023-08-13,2023-08-19,"Aug",39109070,42961,15,0,156,4,34.9,363.1,9.3
"Rural North","Siskiyou",2023,34,2023-08-20,2023-08-26,"Aug",39109070,42961,20,0,250,5,46.6,581.9,11.6
"Rural North","Siskiyou",2023,35,2023-08-27,2023-09-02,"Aug",39109070,42961,26,0,402,3,60.5,935.7,7
"Rural North","Siskiyou",2023,36,2023-09-03,2023-09-09,"Sep",39109070,42961,34,0,370,12,79.1,861.2,27.9
"Rural North","Siskiyou",2023,37,2023-09-10,2023-09-16,"Sep",39109070,42961,40,0,337,16,93.1,784.4,37.2
"Rural North","Siskiyou",2023,38,2023-09-17,2023-09-23,"Sep",39109070,42961,47,1,436,16,109.4,1014.9,37.2
"Rural North","Siskiyou",2023,39,2023-09-24,2023-09-30,"Sep",39109070,42961,49,1,342,13,114.1,796.1,30.3
"Rural North","Siskiyou",2023,40,2023-10-01,2023-10-07,"Oct",39109070,42961,55,1,356,21,128,828.7,48.9
"Rural North","Siskiyou",2023,41,2023-10-08,2023-10-14,"Oct",39109070,42961,63,1,335,15,146.6,779.8,34.9
"Rural North","Siskiyou",2023,42,2023-10-15,2023-10-21,"Oct",39109070,42961,69,1,364,12,160.6,847.3,27.9
"Rural North","Siskiyou",2023,43,2023-10-22,2023-10-28,"Oct",39109070,42961,73,1,266,15,169.9,619.2,34.9
"Rural North","Siskiyou",2023,44,2023-10-29,2023-11-04,"Oct",39109070,42961,75,1,200,18,174.6,465.5,41.9
"Rural North","Siskiyou",2023,45,2023-11-05,2023-11-11,"Nov",39109070,42961,79,1,130,9,183.9,302.6,20.9
"Rural North","Siskiyou",2023,46,2023-11-12,2023-11-18,"Nov",39109070,42961,81,1,52,3,188.5,121,7
"Rural North","Siskiyou",2023,47,2023-11-19,2023-11-25,"Nov",39109070,42961,81,1,4,5,188.5,9.3,11.6
"Rural North","Siskiyou",2023,48,2023-11-26,2023-12-02,"Nov",39109070,42961,81,1,10,4,188.5,23.3,9.3
"Rural North","Siskiyou",2023,49,2023-12-03,2023-12-09,"Dec",39109070,42961,81,1,0,2,188.5,0,4.7
"Rural North","Siskiyou",2023,50,2023-12-10,2023-12-16,"Dec",39109070,42961,81,1,12,0,188.5,27.9,0
"Rural North","Siskiyou",2023,51,2023-12-17,2023-12-23,"Dec",39109070,42961,81,1,0,0,188.5,0,0
"Rural North","Siskiyou",2023,52,2023-12-24,2023-12-30,"Dec",39109070,42961,81,1,0,0,188.5,0,0
"Rural North","Tehama",2023,22,2023-05-28,2023-06-03,"May",39109070,64677,0,0,30,0,0,46.4,0
"Rural North","Tehama",2023,23,2023-06-04,2023-06-10,"Jun",39109070,64677,1,0,49,0,1.5,75.8,0
"Rural North","Tehama",2023,24,2023-06-11,2023-06-17,"Jun",39109070,64677,3,0,31,0,4.6,47.9,0
"Rural North","Tehama",2023,25,2023-06-18,2023-06-24,"Jun",39109070,64677,3,0,92,2,4.6,142.2,3.1
"Rural North","Tehama",2023,26,2023-06-25,2023-07-01,"Jun",39109070,64677,4,0,190,2,6.2,293.8,3.1
"Rural North","Tehama",2023,27,2023-07-02,2023-07-08,"Jul",39109070,64677,10,0,189,4,15.5,292.2,6.2
"Rural North","Tehama",2023,28,2023-07-09,2023-07-15,"Jul",39109070,64677,16,0,241,6,24.7,372.6,9.3
"Rural North","Tehama",2023,29,2023-07-16,2023-07-22,"Jul",39109070,64677,19,0,208,4,29.4,321.6,6.2
"Rural North","Tehama",2023,30,2023-07-23,2023-07-29,"Jul",39109070,64677,23,0,216,13,35.6,334,20.1
"Rural North","Tehama",2023,31,2023-07-30,2023-08-05,"Jul",39109070,64677,34,0,375,12,52.6,579.8,18.6
"Rural North","Tehama",2023,32,2023-08-06,2023-08-12,"Aug",39109070,64677,39,0,382,6,60.3,590.6,9.3
"Rural North","Tehama",2023,33,2023-08-13,2023-08-19,"Aug",39109070,64677,47,0,454,10,72.7,701.9,15.5
"Rural North","Tehama",2023,34,2023-08-20,2023-08-26,"Aug",39109070,64677,59,0,729,14,91.2,1127.1,21.6
"Rural North","Tehama",2023,35,2023-08-27,2023-09-02,"Aug",39109070,64677,88,0,1106,9,136.1,1710,13.9
"Rural North","Tehama",2023,36,2023-09-03,2023-09-09,"Sep",39109070,64677,111,0,1074,17,171.6,1660.6,26.3
"Rural North","Tehama",2023,37,2023-09-10,2023-09-16,"Sep",39109070,64677,130,0,976,23,201,1509,35.6
"Rural North","Tehama",2023,38,2023-09-17,2023-09-23,"Sep",39109070,64677,152,0,1060,36,235,1638.9,55.7
"Rural North","Tehama",2023,39,2023-09-24,2023-09-30,"Sep",39109070,64677,176,0,915,36,272.1,1414.7,55.7
"Rural North","Tehama",2023,40,2023-10-01,2023-10-07,"Oct",39109070,64677,202,0,849,36,312.3,1312.7,55.7
"Rural North","Tehama",2023,41,2023-10-08,2023-10-14,"Oct",39109070,64677,221,0,890,28,341.7,1376.1,43.3
"Rural North","Tehama",2023,42,2023-10-15,2023-10-21,"Oct",39109070,64677,251,0,885,29,388.1,1368.3,44.8
"Rural North","Tehama",2023,43,2023-10-22,2023-10-28,"Oct",39109070,64677,269,0,707,23,415.9,1093.1,35.6
"Rural North","Tehama",2023,44,2023-10-29,2023-11-04,"Oct",39109070,64677,278,0,447,31,429.8,691.1,47.9
"Rural North","Tehama",2023,45,2023-11-05,2023-11-11,"Nov",39109070,64677,285,0,353,27,440.7,545.8,41.7
"Rural North","Tehama",2023,46,2023-11-12,2023-11-18,"Nov",39109070,64677,286,0,133,17,442.2,205.6,26.3
"Rural North","Tehama",2023,47,2023-11-19,2023-11-25,"Nov",39109070,64677,286,0,16,12,442.2,24.7,18.6
"Rural North","Tehama",2023,48,2023-11-26,2023-12-02,"Nov",39109070,64677,287,0,28,7,443.7,43.3,10.8
"Rural North","Tehama",2023,49,2023-12-03,2023-12-09,"Dec",39109070,64677,287,0,0,2,443.7,0,3.1
"Rural North","Tehama",2023,50,2023-12-10,2023-12-16,"Dec",39109070,64677,287,0,20,0,443.7,30.9,0
"Rural North","Tehama",2023,51,2023-12-17,2023-12-23,"Dec",39109070,64677,287,0,0,0,443.7,0,0
"Rural North","Tehama",2023,52,2023-12-24,2023-12-30,"Dec",39109070,64677,287,0,0,1,443.7,0,1.5
"Rural North","Trinity",2023,22,2023-05-28,2023-06-03,"May",39109070,15870,0,0,2,0,0,12.6,0
"Rural North","Trinity",2023,23,2023-06-04,2023-06-10,"Jun",39109070,15870,0,0,4,0,0,25.2,0
"Rural North","Trinity",2023,24,2023-06-11,2023-06-17,"Jun",39109070,15870,0,0,2,0,0,12.6,0
"Rural North","Trinity",2023,25,2023-06-18,2023-06-24,"Jun",39109070,15870,0,0,8,0,0,50.4,0
"Rural North","Trinity",2023,26,2023-06-25,2023-07-01,"Jun",39109070,15870,0,0,14,1,0,88.2,6.3
"Rural North","Trinity",2023,27,2023-07-02,2023-07-08,"Jul",39109070,15870,0,0,17,1,0,107.1,6.3
"Rural North","Trinity",2023,28,2023-07-09,2023-07-15,"Jul",39109070,15870,1,0,24,0,6.3,151.2,0
"Rural North","Trinity",2023,29,2023-07-16,2023-07-22,"Jul",39109070,15870,1,0,26,1,6.3,163.8,6.3
"Rural North","Trinity",2023,30,2023-07-23,2023-07-29,"Jul",39109070,15870,3,0,8,1,18.9,50.4,6.3
"Rural North","Trinity",2023,31,2023-07-30,2023-08-05,"Jul",39109070,15870,3,0,32,0,18.9,201.6,0
"Rural North","Trinity",2023,32,2023-08-06,2023-08-12,"Aug",39109070,15870,4,0,22,0,25.2,138.6,0
"Rural North","Trinity",2023,33,2023-08-13,2023-08-19,"Aug",39109070,15870,4,0,43,1,25.2,271,6.3
"Rural North","Trinity",2023,34,2023-08-20,2023-08-26,"Aug",39109070,15870,6,0,75,1,37.8,472.6,6.3
"Rural North","Trinity",2023,35,2023-08-27,2023-09-02,"Aug",39109070,15870,9,0,107,0,56.7,674.2,0
"Rural North","Trinity",2023,36,2023-09-03,2023-09-09,"Sep",39109070,15870,10,0,106,2,63,667.9,12.6
"Rural North","Trinity",2023,37,2023-09-10,2023-09-16,"Sep",39109070,15870,14,0,113,4,88.2,712,25.2
"Rural North","Trinity",2023,38,2023-09-17,2023-09-23,"Sep",39109070,15870,16,0,119,3,100.8,749.8,18.9
"Rural North","Trinity",2023,39,2023-09-24,2023-09-30,"Sep",39109070,15870,17,0,67,3,107.1,422.2,18.9
"Rural North","Trinity",2023,40,2023-10-01,2023-10-07,"Oct",39109070,15870,18,0,96,3,113.4,604.9,18.9
"Rural North","Trinity",2023,41,2023-10-08,2023-10-14,"Oct",39109070,15870,18,0,92,4,113.4,579.7,25.2
"Rural North","Trinity",2023,42,2023-10-15,2023-10-21,"Oct",39109070,15870,19,0,81,6,119.7,510.4,37.8
"Rural North","Trinity",2023,43,2023-10-22,2023-10-28,"Oct",39109070,15870,24,0,79,2,151.2,497.8,12.6
"Rural North","Trinity",2023,44,2023-10-29,2023-11-04,"Oct",39109070,15870,24,0,57,8,151.2,359.2,50.4
"Rural North","Trinity",2023,45,2023-11-05,2023-11-11,"Nov",39109070,15870,24,0,30,6,151.2,189,37.8
"Rural North","Trinity",2023,46,2023-11-12,2023-11-18,"Nov",39109070,15870,25,0,13,4,157.5,81.9,25.2
"Rural North","Trinity",2023,47,2023-11-19,2023-11-25,"Nov",39109070,15870,25,0,1,1,157.5,6.3,6.3
"Rural North","Trinity",2023,48,2023-11-26,2023-12-02,"Nov",39109070,15870,25,0,2,0,157.5,12.6,0
"Rural North","Trinity",2023,49,2023-12-03,2023-12-09,"Dec",39109070,15870,25,0,0,0,157.5,0,0
"Rural North","Trinity",2023,50,2023-12-10,2023-12-16,"Dec",39109070,15870,25,0,3,0,157.5,18.9,0
"Rural North","Trinity",2023,51,2023-12-17,2023-12-23,"Dec",39109070,15870,25,0,0,0,157.5,0,0
"Rural North","Trinity",2023,52,2023-12-24,2023-12-30,"Dec",39109070,15870,25,0,0,0,157.5,0,0
"Southern California","Imperial",2023,22,2023-05-28,2023-06-03,"May",39109070,179639,0,0,328,0,0,182.6,0
"Southern California","Imperial",2023,23,2023-06-04,2023-06-10,"Jun",39109070,179639,1,0,297,0,0.6,165.3,0
"Southern California","Imperial",2023,24,2023-06-11,2023-06-17,"Jun",39109070,179639,1,0,265,3,0.6,147.5,1.7
"Southern California","Imperial",2023,25,2023-06-18,2023-06-24,"Jun",39109070,179639,3,0,725,8,1.7,403.6,4.5
"Southern California","Imperial",2023,26,2023-06-25,2023-07-01,"Jun",39109070,179639,4,0,1265,6,2.2,704.2,3.3
"Southern California","Imperial",2023,27,2023-07-02,2023-07-08,"Jul",39109070,179639,11,0,1411,13,6.1,785.5,7.2
"Southern California","Imperial",2023,28,2023-07-09,2023-07-15,"Jul",39109070,179639,22,0,1915,30,12.2,1066,16.7
"Southern California","Imperial",2023,29,2023-07-16,2023-07-22,"Jul",39109070,179639,31,0,1560,31,17.3,868.4,17.3
"Southern California","Imperial",2023,30,2023-07-23,2023-07-29,"Jul",39109070,179639,39,0,1619,48,21.7,901.3,26.7
"Southern California","Imperial",2023,31,2023-07-30,2023-08-05,"Jul",39109070,179639,59,0,2662,51,32.8,1481.9,28.4
"Southern California","Imperial",2023,32,2023-08-06,2023-08-12,"Aug",39109070,179639,65,0,2693,56,36.2,1499.1,31.2
"Southern California","Imperial",2023,33,2023-08-13,2023-08-19,"Aug",39109070,179639,86,0,3348,70,47.9,1863.7,39
"Southern California","Imperial",2023,34,2023-08-20,2023-08-26,"Aug",39109070,179639,107,0,4832,76,59.6,2689.8,42.3
"Southern California","Imperial",2023,35,2023-08-27,2023-09-02,"Aug",39109070,179639,143,0,7421,90,79.6,4131.1,50.1
"Southern California","Imperial",2023,36,2023-09-03,2023-09-09,"Sep",39109070,179639,185,0,6821,118,103,3797.1,65.7
"Southern California","Imperial",2023,37,2023-09-10,2023-09-16,"Sep",39109070,179639,223,0,6208,171,124.1,3455.8,95.2
"Southern California","Imperial",2023,38,2023-09-17,2023-09-23,"Sep",39109070,179639,269,0,6666,169,149.7,3710.8,94.1
"Southern California","Imperial",2023,39,2023-09-24,2023-09-30,"Sep",39109070,179639,307,0,5177,183,170.9,2881.9,101.9
"Southern California","Imperial",2023,40,2023-10-01,2023-10-07,"Oct",39109070,179639,333,0,5154,138,185.4,2869.1,76.8
"Southern California","Imperial",2023,41,2023-10-08,2023-10-14,"Oct",39109070,179639,355,0,4732,133,197.6,2634.2,74
"Southern California","Imperial",2023,42,2023-10-15,2023-10-21,"Oct",39109070,179639,385,1,4776,126,214.3,2658.7,70.1
"Southern California","Imperial",2023,43,2023-10-22,2023-10-28,"Oct",39109070,179639,407,1,3741,90,226.6,2082.5,50.1
"Southern California","Imperial",2023,44,2023-10-29,2023-11-04,"Oct",39109070,179639,415,1,2494,117,231,1388.3,65.1
"Southern California","Imperial",2023,45,2023-11-05,2023-11-11,"Nov",39109070,179639,435,1,1668,87,242.2,928.5,48.4
"Southern California","Imperial",2023,46,2023-11-12,2023-11-18,"Nov",39109070,179639,439,2,555,58,244.4,309,32.3
"Southern California","Imperial",2023,47,2023-11-19,2023-11-25,"Nov",39109070,179639,439,2,81,50,244.4,45.1,27.8
"Southern California","Imperial",2023,48,2023-11-26,2023-12-02,"Nov",39109070,179639,440,2,97,23,244.9,54,12.8
"Southern California","Imperial",2023,49,2023-12-03,2023-12-09,"Dec",39109070,179639,440,2,0,5,244.9,0,2.8
"Southern California","Imperial",2023,50,2023-12-10,2023-12-16,"Dec",39109070,179639,441,2,112,5,245.5,62.3,2.8
"Southern California","Imperial",2023,51,2023-12-17,2023-12-23,"Dec",39109070,179639,441,2,0,1,245.5,0,0.6
"Southern California","Imperial",2023,52,2023-12-24,2023-12-30,"Dec",39109070,179639,441,2,0,3,245.5,0,1.7
"Southern California","Inyo",2023,22,2023-05-28,2023-06-03,"May",39109070,18731,0,0,23,0,0,122.8,0
"Southern California","Inyo",2023,23,2023-06-04,2023-06-10,"Jun",39109070,18731,0,0,12,0,0,64.1,0
"Southern California","Inyo",2023,24,2023-06-11,2023-06-17,"Jun",39109070,18731,0,0,17,1,0,90.8,5.3
"Southern California","Inyo",2023,25,2023-06-18,2023-06-24,"Jun",39109070,18731,0,0,40,1,0,213.5,5.3
"Southern California","Inyo",2023,26,2023-06-25,2023-07-01,"Jun",39109070,18731,0,0,61,0,0,325.7,0
"Southern California","Inyo",2023,27,2023-07-02,2023-07-08,"Jul",39109070,18731,2,0,83,2,10.7,443.1,10.7
"Southern California","Inyo",2023,28,2023-07-09,2023-07-15,"Jul",39109070,18731,2,0,97,1,10.7,517.9,5.3
"Southern California","Inyo",2023,29,2023-07-16,2023-07-22,"Jul",39109070,18731,3,0,95,1,16,507.2,5.3
"Southern California","Inyo",2023,30,2023-07-23,2023-07-29,"Jul",39109070,18731,3,0,91,4,16,485.8,21.4
"Southern California","Inyo",2023,31,2023-07-30,2023-08-05,"Jul",39109070,18731,7,0,178,5,37.4,950.3,26.7
"Southern California","Inyo",2023,32,2023-08-06,2023-08-12,"Aug",39109070,18731,12,0,144,6,64.1,768.8,32
"Southern California","Inyo",2023,33,2023-08-13,2023-08-19,"Aug",39109070,18731,16,0,217,5,85.4,1158.5,26.7
"Southern California","Inyo",2023,34,2023-08-20,2023-08-26,"Aug",39109070,18731,20,0,265,7,106.8,1414.8,37.4
"Southern California","Inyo",2023,35,2023-08-27,2023-09-02,"Aug",39109070,18731,25,0,424,10,133.5,2263.6,53.4
"Southern California","Inyo",2023,36,2023-09-03,2023-09-09,"Sep",39109070,18731,31,0,425,10,165.5,2269,53.4
"Southern California","Inyo",2023,37,2023-09-10,2023-09-16,"Sep",39109070,18731,38,0,401,15,202.9,2140.8,80.1
"Southern California","Inyo",2023,38,2023-09-17,2023-09-23,"Sep",39109070,18731,44,0,422,20,234.9,2252.9,106.8
"Southern California","Inyo",2023,39,2023-09-24,2023-09-30,"Sep",39109070,18731,51,0,338,18,272.3,1804.5,96.1
"Southern California","Inyo",2023,40,2023-10-01,2023-10-07,"Oct",39109070,18731,58,0,385,14,309.6,2055.4,74.7
"Southern California","Inyo",2023,41,2023-10-08,2023-10-14,"Oct",39109070,18731,66,0,330,13,352.4,1761.8,69.4
"Southern California","Inyo",2023,42,2023-10-15,2023-10-21,"Oct",39109070,18731,69,0,356,14,368.4,1900.6,74.7
"Southern California","Inyo",2023,43,2023-10-22,2023-10-28,"Oct",39109070,18731,74,0,271,7,395.1,1446.8,37.4
"Southern California","Inyo",2023,44,2023-10-29,2023-11-04,"Oct",39109070,18731,78,0,178,8,416.4,950.3,42.7
"Southern California","Inyo",2023,45,2023-11-05,2023-11-11,"Nov",39109070,18731,78,0,117,15,416.4,624.6,80.1
"Southern California","Inyo",2023,46,2023-11-12,2023-11-18,"Nov",39109070,18731,80,0,43,12,427.1,229.6,64.1
"Southern California","Inyo",2023,47,2023-11-19,2023-11-25,"Nov",39109070,18731,80,0,3,3,427.1,16,16
"Southern California","Inyo",2023,48,2023-11-26,2023-12-02,"Nov",39109070,18731,80,0,8,6,427.1,42.7,32
"Southern California","Inyo",2023,49,2023-12-03,2023-12-09,"Dec",39109070,18731,80,0,0,3,427.1,0,16
"Southern California","Inyo",2023,50,2023-12-10,2023-12-16,"Dec",39109070,18731,81,0,13,4,432.4,69.4,21.4
"Southern California","Inyo",2023,51,2023-12-17,2023-12-23,"Dec",39109070,18731,81,0,0,0,432.4,0,0
"Southern California","Inyo",2023,52,2023-12-24,2023-12-30,"Dec",39109070,18731,81,0,0,2,432.4,0,10.7
"Southern California","Mono",2023,22,2023-05-28,2023-06-03,"May",39109070,13273,0,0,1,0,0,7.5,0
"Southern California","Mono",2023,23,2023-06-04,2023-06-10,"Jun",39109070,13273,0,0,5,0,0,37.7,0
"Southern California","Mono",2023,24,2023-06-11,2023-06-17,"Jun",39109070,13273,0,0,2,0,0,15.1,0
"Southern California","Mono",2023,25,2023-06-18,2023-06-24,"Jun",39109070,13273,0,0,17,0,0,128.1,0
"Southern California","Mono",2023,26,2023-06-25,2023-07-01,"Jun",39109070,13273,0,0,14,0,0,105.5,0
"Southern California","Mono",2023,27,2023-07-02,2023-07-08,"Jul",39109070,13273,2,0,25,0,15.1,188.4,0
"Southern California","Mono",2023,28,2023-07-09,2023-07-15,"Jul",39109070,13273,3,0,42,0,22.6,316.4,0
"Southern California","Mono",2023,29,2023-07-16,2023-07-22,"Jul",39109070,13273,3,0,26,3,22.6,195.9,22.6
"Southern California","Mono",2023,30,2023-07-23,2023-07-29,"Jul",39109070,13273,3,0,26,2,22.6,195.9,15.1
"Southern California","Mono",2023,31,2023-07-30,2023-08-05,"Jul",39109070,13273,4,0,26,0,30.1,195.9,0
"Southern California","Mono",2023,32,2023-08-06,2023-08-12,"Aug",39109070,13273,4,0,28,0,30.1,211,0
"Southern California","Mono",2023,33,2023-08-13,2023-08-19,"Aug",39109070,13273,4,0,44,0,30.1,331.5,0
"Southern California","Mono",2023,34,2023-08-20,2023-08-26,"Aug",39109070,13273,6,0,72,0,45.2,542.5,0
"Southern California","Mono",2023,35,2023-08-27,2023-09-02,"Aug",39109070,13273,7,0,96,3,52.7,723.3,22.6
"Southern California","Mono",2023,36,2023-09-03,2023-09-09,"Sep",39109070,13273,10,0,82,0,75.3,617.8,0
"Southern California","Mono",2023,37,2023-09-10,2023-09-16,"Sep",39109070,13273,12,0,81,5,90.4,610.3,37.7
"Southern California","Mono",2023,38,2023-09-17,2023-09-23,"Sep",39109070,13273,12,0,100,2,90.4,753.4,15.1
"Southern California","Mono",2023,39,2023-09-24,2023-09-30,"Sep",39109070,13273,13,0,101,3,97.9,760.9,22.6
"Southern California","Mono",2023,40,2023-10-01,2023-10-07,"Oct",39109070,13273,13,0,93,4,97.9,700.7,30.1
"Southern California","Mono",2023,41,2023-10-08,2023-10-14,"Oct",39109070,13273,15,0,80,5,113,602.7,37.7
"Southern California","Mono",2023,42,2023-10-15,2023-10-21,"Oct",39109070,13273,16,0,94,3,120.5,708.2,22.6
"Southern California","Mono",2023,43,2023-10-22,2023-10-28,"Oct",39109070,13273,18,0,76,1,135.6,572.6,7.5
"Southern California","Mono",2023,44,2023-10-29,2023-11-04,"Oct",39109070,13273,18,0,41,2,135.6,308.9,15.1
"Southern California","Mono",2023,45,2023-11-05,2023-11-11,"Nov",39109070,13273,18,0,43,0,135.6,324,0
"Southern California","Mono",2023,46,2023-11-12,2023-11-18,"Nov",39109070,13273,18,0,16,5,135.6,120.5,37.7
"Southern California","Mono",2023,47,2023-11-19,2023-11-25,"Nov",39109070,13273,18,0,3,1,135.6,22.6,7.5
"Southern California","Mono",2023,48,2023-11-26,2023-12-02,"Nov",39109070,13273,18,0,6,2,135.6,45.2,15.1
"Southern California","Mono",2023,49,2023-12-03,2023-12-09,"Dec",39109070,13273,18,0,0,0,135.6,0,0
"Southern California","Mono",2023,50,2023-12-10,2023-12-16,"Dec",39109070,13273,18,0,4,0,135.6,30.1,0
"Southern California","Mono",2023,51,2023-12-17,2023-12-23,"Dec",39109070,13273,18,0,0,0,135.6,0,0
"Southern California","Mono",2023,52,2023-12-24,2023-12-30,"Dec",39109070,13273,18,0,0,0,135.6,0,0
"Southern California","Orange",2023,22,2023-05-28,2023-06-03,"May",39109070,3142277,7,0,765,0,0.2,24.3,0
"Southern California","Orange",2023,23,2023-06-04,2023-06-10,"Jun",39109070,3142277,17,0,846,0,0.5,26.9,0
"Southern California","Orange",2023,24,2023-06-11,2023-06-17,"Jun",39109070,3142277,24,0,699,19,0.8,22.2,0.6
"Southern California","Orange",2023,25,2023-06-18,2023-06-24,"Jun",39109070,3142277,54,0,2102,24,1.7,66.9,0.8
"Southern California","Orange",2023,26,2023-06-25,2023-07-01,"Jun",39109070,3142277,99,0,3492,20,3.2,111.1,0.6
"Southern California","Orange",2023,27,2023-07-02,2023-07-08,"Jul",39109070,3142277,150,0,4109,44,4.8,130.8,1.4
"Southern California","Orange",2023,28,2023-07-09,2023-07-15,"Jul",39109070,3142277,218,0,5403,85,6.9,171.9,2.7
"Southern California","Orange",2023,29,2023-07-16,2023-07-22,"Jul",39109070,3142277,252,0,4057,119,8,129.1,3.8
"Southern California","Orange",2023,30,2023-07-23,2023-07-29,"Jul",39109070,3142277,299,0,4534,141,9.5,144.3,4.5
"Southern California","Orange",2023,31,2023-07-30,2023-08-05,"Jul",39109070,3142277,388,0,7867,128,12.3,250.4,4.1
"Southern California","Orange",2023,32,2023-08-06,2023-08-12,"Aug",39109070,3142277,450,0,7967,138,14.3,253.5,4.4
"Southern California","Orange",2023,33,2023-08-13,2023-08-19,"Aug",39109070,3142277,567,0,9991,253,18,318,8.1
"Southern California","Orange",2023,34,2023-08-20,2023-08-26,"Aug",39109070,3142277,722,0,15004,221,23,477.5,7
"Southern California","Orange",2023,35,2023-08-27,2023-09-02,"Aug",39109070,3142277,938,0,23279,283,29.9,740.8,9
"Southern California","Orange",2023,36,2023-09-03,2023-09-09,"Sep",39109070,3142277,1182,0,22684,420,37.6,721.9,13.4
"Southern California","Orange",2023,37,2023-09-10,2023-09-16,"Sep",39109070,3142277,1417,0,20981,642,45.1,667.7,20.4
"Southern California","Orange",2023,38,2023-09-17,2023-09-23,"Sep",39109070,3142277,1748,0,24373,644,55.6,775.6,20.5
"Southern California","Orange",2023,39,2023-09-24,2023-09-30,"Sep",39109070,3142277,1985,0,19787,642,63.2,629.7,20.4
"Southern California","Orange",2023,40,2023-10-01,2023-10-07,"Oct",39109070,3142277,2220,0,20134,716,70.6,640.7,22.8
"Southern California","Orange",2023,41,2023-10-08,2023-10-14,"Oct",39109070,3142277,2447,1,19788,610,77.9,629.7,19.4
"Southern California","Orange",2023,42,2023-10-15,2023-10-21,"Oct",39109070,3142277,2667,2,20431,585,84.9,650.2,18.6
"Southern California","Orange",2023,43,2023-10-22,2023-10-28,"Oct",39109070,3142277,2852,2,16277,558,90.8,518,17.8
"Southern California","Orange",2023,44,2023-10-29,2023-11-04,"Oct",39109070,3142277,2957,3,10937,580,94.1,348.1,18.5
"Southern California","Orange",2023,45,2023-11-05,2023-11-11,"Nov",39109070,3142277,3050,4,7999,483,97.1,254.6,15.4
"Southern California","Orange",2023,46,2023-11-12,2023-11-18,"Nov",39109070,3142277,3080,4,2666,333,98,84.8,10.6
"Southern California","Orange",2023,47,2023-11-19,2023-11-25,"Nov",39109070,3142277,3085,4,347,244,98.2,11,7.8
"Southern California","Orange",2023,48,2023-11-26,2023-12-02,"Nov",39109070,3142277,3089,4,505,119,98.3,16.1,3.8
"Southern California","Orange",2023,49,2023-12-03,2023-12-09,"Dec",39109070,3142277,3089,4,0,25,98.3,0,0.8
"Southern California","Orange",2023,50,2023-12-10,2023-12-16,"Dec",39109070,3142277,3096,4,490,19,98.5,15.6,0.6
"Southern California","Orange",2023,51,2023-12-17,2023-12-23,"Dec",39109070,3142277,3096,4,0,2,98.5,0,0.1
"Southern California","Orange",2023,52,2023-12-24,2023-12-30,"Dec",39109070,3142277,3096,4,0,13,98.5,0,0.4
"Southern California","Riverside",2023,22,2023-05-28,2023-06-03,"May",39109070,2431254,6,0,676,0,0.2,27.8,0
"Southern California","Riverside",2023,23,2023-06-04,2023-06-10,"Jun",39109070,2431254,16,0,599,0,0.7,24.6,0
"Southern California","Riverside",2023,24,2023-06-11,2023-06-17,"Jun",39109070,2431254,20,0,588,16,0.8,24.2,0.7
"Southern California","Riverside",2023,25,2023-06-18,2023-06-24,"Jun",39109070,2431254,37,0,1649,14,1.5,67.8,0.6
"Southern California","Riverside",2023,26,2023-06-25,2023-07-01,"Jun",39109070,2431254,54,0,2627,24,2.2,108.1,1
"Southern California","Riverside",2023,27,2023-07-02,2023-07-08,"Jul",39109070,2431254,83,0,3223,45,3.4,132.6,1.9
"Southern California","Riverside",2023,28,2023-07-09,2023-07-15,"Jul",39109070,2431254,134,0,4185,82,5.5,172.1,3.4
"Southern California","Riverside",2023,29,2023-07-16,2023-07-22,"Jul",39109070,2431254,163,0,3353,79,6.7,137.9,3.2
"Southern California","Riverside",2023,30,2023-07-23,2023-07-29,"Jul",39109070,2431254,207,0,3477,104,8.5,143,4.3
"Southern California","Riverside",2023,31,2023-07-30,2023-08-05,"Jul",39109070,2431254,267,1,6159,99,11,253.3,4.1
"Southern California","Riverside",2023,32,2023-08-06,2023-08-12,"Aug",39109070,2431254,347,1,6088,97,14.3,250.4,4
"Southern California","Riverside",2023,33,2023-08-13,2023-08-19,"Aug",39109070,2431254,425,1,7784,153,17.5,320.2,6.3
"Southern California","Riverside",2023,34,2023-08-20,2023-08-26,"Aug",39109070,2431254,548,1,11532,152,22.5,474.3,6.3
"Southern California","Riverside",2023,35,2023-08-27,2023-09-02,"Aug",39109070,2431254,740,1,18142,210,30.4,746.2,8.6
"Southern California","Riverside",2023,36,2023-09-03,2023-09-09,"Sep",39109070,2431254,922,1,17667,289,37.9,726.7,11.9
"Southern California","Riverside",2023,37,2023-09-10,2023-09-16,"Sep",39109070,2431254,1105,1,16525,510,45.4,679.7,21
"Southern California","Riverside",2023,38,2023-09-17,2023-09-23,"Sep",39109070,2431254,1290,1,18986,478,53.1,780.9,19.7
"Southern California","Riverside",2023,39,2023-09-24,2023-09-30,"Sep",39109070,2431254,1455,1,15447,556,59.8,635.4,22.9
"Southern California","Riverside",2023,40,2023-10-01,2023-10-07,"Oct",39109070,2431254,1605,1,15875,560,66,653,23
"Southern California","Riverside",2023,41,2023-10-08,2023-10-14,"Oct",39109070,2431254,1779,1,15418,441,73.2,634.2,18.1
"Southern California","Riverside",2023,42,2023-10-15,2023-10-21,"Oct",39109070,2431254,1942,1,15688,468,79.9,645.3,19.2
"Southern California","Riverside",2023,43,2023-10-22,2023-10-28,"Oct",39109070,2431254,2076,3,12927,451,85.4,531.7,18.6
"Southern California","Riverside",2023,44,2023-10-29,2023-11-04,"Oct",39109070,2431254,2176,3,8724,494,89.5,358.8,20.3
"Southern California","Riverside",2023,45,2023-11-05,2023-11-11,"Nov",39109070,2431254,2235,3,6060,419,91.9,249.3,17.2
"Southern California","Riverside",2023,46,2023-11-12,2023-11-18,"Nov",39109070,2431254,2262,3,2128,309,93,87.5,12.7
"Southern California","Riverside",2023,47,2023-11-19,2023-11-25,"Nov",39109070,2431254,2267,3,282,195,93.2,11.6,8
"Southern California","Riverside",2023,48,2023-11-26,2023-12-02,"Nov",39109070,2431254,2274,3,389,101,93.5,16,4.2
"Southern California","Riverside",2023,49,2023-12-03,2023-12-09,"Dec",39109070,2431254,2274,3,0,21,93.5,0,0.9
"Southern California","Riverside",2023,50,2023-12-10,2023-12-16,"Dec",39109070,2431254,2280,3,411,12,93.8,16.9,0.5
"Southern California","Riverside",2023,51,2023-12-17,2023-12-23,"Dec",39109070,2431254,2280,3,0,3,93.8,0,0.1
"Southern California","Riverside",2023,52,2023-12-24,2023-12-30,"Dec",39109070,2431254,2280,3,0,9,93.8,0,0.4
"Southern California","San Bernardino",2023,22,2023-05-28,2023-06-03,"May",39109070,2170593,13,0,1551,0,0.6,71.5,0
"Southern California","San Bernardino",2023,23,2023-06-04,2023-06-10,"Jun",39109070,2170593,36,0,1583,0,1.7,72.9,0
"Southern California","San Bernardino",2023,24,2023-06-11,2023-06-17,"Jun",39109070,2170593,59,0,1397,36,2.7,64.4,1.7
"Southern California","San Bernardino",2023,25,2023-06-18,2023-06-24,"Jun",39109070,2170593,97,0,4037,33,4.5,186,1.5
"Southern California","San Bernardino",2023,26,2023-06-25,2023-07-01,"Jun",39109070,2170593,156,0,6736,36,7.2,310.3,1.7
"Southern California","San Bernardino",2023,27,2023-07-02,2023-07-08,"Jul",39109070,2170593,220,0,7836,84,10.1,361,3.9
"Southern California","San Bernardino",2023,28,2023-07-09,2023-07-15,"Jul",39109070,2170593,334,0,10358,150,15.4,477.2,6.9
"Southern California","San Bernardino",2023,29,2023-07-16,2023-07-22,"Jul",39109070,2170593,423,0,7893,207,19.5,363.6,9.5
"Southern California","San Bernardino",2023,30,2023-07-23,2023-07-29,"Jul",39109070,2170593,523,0,8396,242,24.1,386.8,11.1
"Southern California","San Bernardino",2023,31,2023-07-30,2023-08-05,"Jul",39109070,2170593,685,0,14941,210,31.6,688.3,9.7
"Southern California","San Bernardino",2023,32,2023-08-06,2023-08-12,"Aug",39109070,2170593,806,0,14688,224,37.1,676.7,10.3
"Southern California","San Bernardino",2023,33,2023-08-13,2023-08-19,"Aug",39109070,2170593,1027,0,18551,333,47.3,854.7,15.3
"Southern California","San Bernardino",2023,34,2023-08-20,2023-08-26,"Aug",39109070,2170593,1365,0,27784,343,62.9,1280,15.8
"Southern California","San Bernardino",2023,35,2023-08-27,2023-09-02,"Aug",39109070,2170593,1839,0,42693,436,84.7,1966.9,20.1
"Southern California","San Bernardino",2023,36,2023-09-03,2023-09-09,"Sep",39109070,2170593,2255,0,41009,653,103.9,1889.3,30.1
"Southern California","San Bernardino",2023,37,2023-09-10,2023-09-16,"Sep",39109070,2170593,2686,1,38042,962,123.7,1752.6,44.3
"Southern California","San Bernardino",2023,38,2023-09-17,2023-09-23,"Sep",39109070,2170593,3155,1,42465,1026,145.4,1956.4,47.3
"Southern California","San Bernardino",2023,39,2023-09-24,2023-09-30,"Sep",39109070,2170593,3560,1,34020,929,164,1567.3,42.8
"Southern California","San Bernardino",2023,40,2023-10-01,2023-10-07,"Oct",39109070,2170593,3967,2,34061,1068,182.8,1569.2,49.2
"Southern California","San Bernardino",2023,41,2023-10-08,2023-10-14,"Oct",39109070,2170593,4381,2,33046,887,201.8,1522.4,40.9
"Southern California","San Bernardino",2023,42,2023-10-15,2023-10-21,"Oct",39109070,2170593,4772,2,33706,814,219.8,1552.8,37.5
"Southern California","San Bernardino",2023,43,2023-10-22,2023-10-28,"Oct",39109070,2170593,5098,2,26721,753,234.9,1231,34.7
"Southern California","San Bernardino",2023,44,2023-10-29,2023-11-04,"Oct",39109070,2170593,5306,2,17476,817,244.4,805.1,37.6
"Southern California","San Bernardino",2023,45,2023-11-05,2023-11-11,"Nov",39109070,2170593,5464,2,12482,724,251.7,575.1,33.4
"Southern California","San Bernardino",2023,46,2023-11-12,2023-11-18,"Nov",39109070,2170593,5508,2,4204,494,253.8,193.7,22.8
"Southern California","San Bernardino",2023,47,2023-11-19,2023-11-25,"Nov",39109070,2170593,5517,2,568,345,254.2,26.2,15.9
"Southern California","San Bernardino",2023,48,2023-11-26,2023-12-02,"Nov",39109070,2170593,5529,2,811,149,254.7,37.4,6.9
"Southern California","San Bernardino",2023,49,2023-12-03,2023-12-09,"Dec",39109070,2170593,5529,2,0,43,254.7,0,2
"Southern California","San Bernardino",2023,50,2023-12-10,2023-12-16,"Dec",39109070,2170593,5538,2,802,27,255.1,36.9,1.2
"Southern California","San Bernardino",2023,51,2023-12-17,2023-12-23,"Dec",39109070,2170593,5538,2,0,2,255.1,0,0.1
"Southern California","San Bernardino",2023,52,2023-12-24,2023-12-30,"Dec",39109070,2170593,5538,2,0,17,255.1,0,0.8
"Southern California","San Diego",2023,22,2023-05-28,2023-06-03,"May",39109070,3297860,12,0,854,0,0.4,25.9,0
"Southern California","San Diego",2023,23,2023-06-04,2023-06-10,"Jun",39109070,3297860,19,0,789,0,0.6,23.9,0
"Southern California","San Diego",2023,24,2023-06-11,2023-06-17,"Jun",39109070,3297860,30,0,718,25,0.9,21.8,0.8
"Southern California","San Diego",2023,25,2023-06-18,2023-06-24,"Jun",39109070,3297860,55,0,2276,20,1.7,69,0.6
"Southern California","San Diego",2023,26,2023-06-25,2023-07-01,"Jun",39109070,3297860,111,0,3586,21,3.4,108.7,0.6
"Southern California","San Diego",2023,27,2023-07-02,2023-07-08,"Jul",39109070,3297860,171,0,4207,48,5.2,127.6,1.5
"Southern California","San Diego",2023,28,2023-07-09,2023-07-15,"Jul",39109070,3297860,250,0,5527,91,7.6,167.6,2.8
"Southern California","San Diego",2023,29,2023-07-16,2023-07-22,"Jul",39109070,3297860,310,0,4385,110,9.4,133,3.3
"Southern California","San Diego",2023,30,2023-07-23,2023-07-29,"Jul",39109070,3297860,375,0,4673,125,11.4,141.7,3.8
"Southern California","San Diego",2023,31,2023-07-30,2023-08-05,"Jul",39109070,3297860,508,0,8252,128,15.4,250.2,3.9
"Southern California","San Diego",2023,32,2023-08-06,2023-08-12,"Aug",39109070,3297860,638,0,8312,124,19.3,252,3.8
"Southern California","San Diego",2023,33,2023-08-13,2023-08-19,"Aug",39109070,3297860,778,0,10178,226,23.6,308.6,6.9
"Southern California","San Diego",2023,34,2023-08-20,2023-08-26,"Aug",39109070,3297860,996,0,15286,259,30.2,463.5,7.9
"Southern California","San Diego",2023,35,2023-08-27,2023-09-02,"Aug",39109070,3297860,1361,1,24022,258,41.3,728.4,7.8
"Southern California","San Diego",2023,36,2023-09-03,2023-09-09,"Sep",39109070,3297860,1662,1,23442,399,50.4,710.8,12.1
"Southern California","San Diego",2023,37,2023-09-10,2023-09-16,"Sep",39109070,3297860,1987,1,22106,686,60.3,670.3,20.8
"Southern California","San Diego",2023,38,2023-09-17,2023-09-23,"Sep",39109070,3297860,2317,1,24953,655,70.3,756.6,19.9
"Southern California","San Diego",2023,39,2023-09-24,2023-09-30,"Sep",39109070,3297860,2605,1,20668,652,79,626.7,19.8
"Southern California","San Diego",2023,40,2023-10-01,2023-10-07,"Oct",39109070,3297860,2905,1,20695,701,88.1,627.5,21.3
"Southern California","San Diego",2023,41,2023-10-08,2023-10-14,"Oct",39109070,3297860,3170,1,20366,663,96.1,617.6,20.1
"Southern California","San Diego",2023,42,2023-10-15,2023-10-21,"Oct",39109070,3297860,3481,2,20956,621,105.6,635.4,18.8
"Southern California","San Diego",2023,43,2023-10-22,2023-10-28,"Oct",39109070,3297860,3714,2,17076,574,112.6,517.8,17.4
"Southern California","San Diego",2023,44,2023-10-29,2023-11-04,"Oct",39109070,3297860,3897,2,11448,593,118.2,347.1,18
"Southern California","San Diego",2023,45,2023-11-05,2023-11-11,"Nov",39109070,3297860,4006,2,8098,489,121.5,245.6,14.8
"Southern California","San Diego",2023,46,2023-11-12,2023-11-18,"Nov",39109070,3297860,4051,2,2941,362,122.8,89.2,11
"Southern California","San Diego",2023,47,2023-11-19,2023-11-25,"Nov",39109070,3297860,4058,2,424,225,123,12.9,6.8
"Southern California","San Diego",2023,48,2023-11-26,2023-12-02,"Nov",39109070,3297860,4065,2,512,129,123.3,15.5,3.9
"Southern California","San Diego",2023,49,2023-12-03,2023-12-09,"Dec",39109070,3297860,4065,2,0,24,123.3,0,0.7
"Southern California","San Diego",2023,50,2023-12-10,2023-12-16,"Dec",39109070,3297860,4072,2,506,23,123.5,15.3,0.7
"Southern California","San Diego",2023,51,2023-12-17,2023-12-23,"Dec",39109070,3297860,4072,2,0,3,123.5,0,0.1
"Southern California","San Diego",2023,52,2023-12-24,2023-12-30,"Dec",39109070,3297860,4072,2,0,14,123.5,0,0.4
"Southern California","San Luis Obispo",2023,22,2023-05-28,2023-06-03,"May",39109070,280251,0,0,115,0,0,41,0
"Southern California","San Luis Obispo",2023,23,2023-06-04,2023-06-10,"Jun",39109070,280251,5,0,113,0,1.8,40.3,0
"Southern California","San Luis Obispo",2023,24,2023-06-11,2023-06-17,"Jun",39109070,280251,5,0,80,4,1.8,28.5,1.4
"Southern California","San Luis Obispo",2023,25,2023-06-18,2023-06-24,"Jun",39109070,280251,9,0,257,2,3.2,91.7,0.7
"Southern California","San Luis Obispo",2023,26,2023-06-25,2023-07-01,"Jun",39109070,280251,12,0,424,6,4.3,151.3,2.1
"Southern California","San Luis Obispo",2023,27,2023-07-02,2023-07-08,"Jul",39109070,280251,16,0,522,9,5.7,186.3,3.2
"Southern California","San Luis Obispo",2023,28,2023-07-09,2023-07-15,"Jul",39109070,280251,20,0,674,19,7.1,240.5,6.8
"Southern California","San Luis Obispo",2023,29,2023-07-16,2023-07-22,"Jul",39109070,280251,28,0,526,19,10,187.7,6.8
"Southern California","San Luis Obispo",2023,30,2023-07-23,2023-07-29,"Jul",39109070,280251,42,0,551,32,15,196.6,11.4
"Southern California","San Luis Obispo",2023,31,2023-07-30,2023-08-05,"Jul",39109070,280251,59,0,1007,17,21.1,359.3,6.1
"Southern California","San Luis Obispo",2023,32,2023-08-06,2023-08-12,"Aug",39109070,280251,71,0,975,21,25.3,347.9,7.5
"Southern California","San Luis Obispo",2023,33,2023-08-13,2023-08-19,"Aug",39109070,280251,93,0,1250,32,33.2,446,11.4
"Southern California","San Luis Obispo",2023,34,2023-08-20,2023-08-26,"Aug",39109070,280251,123,0,2016,28,43.9,719.4,10
"Southern California","San Luis Obispo",2023,35,2023-08-27,2023-09-02,"Aug",39109070,280251,152,0,2853,44,54.2,1018,15.7
"Southern California","San Luis Obispo",2023,36,2023-09-03,2023-09-09,"Sep",39109070,280251,205,0,2966,62,73.1,1058.3,22.1
"Southern California","San Luis Obispo",2023,37,2023-09-10,2023-09-16,"Sep",39109070,280251,259,0,2884,78,92.4,1029.1,27.8
"Southern California","San Luis Obispo",2023,38,2023-09-17,2023-09-23,"Sep",39109070,280251,304,0,3182,120,108.5,1135.4,42.8
"Southern California","San Luis Obispo",2023,39,2023-09-24,2023-09-30,"Sep",39109070,280251,343,0,2441,109,122.4,871,38.9
"Southern California","San Luis Obispo",2023,40,2023-10-01,2023-10-07,"Oct",39109070,280251,390,0,2518,118,139.2,898.5,42.1
"Southern California","San Luis Obispo",2023,41,2023-10-08,2023-10-14,"Oct",39109070,280251,426,0,2467,100,152,880.3,35.7
"Southern California","San Luis Obispo",2023,42,2023-10-15,2023-10-21,"Oct",39109070,280251,462,0,2498,74,164.9,891.3,26.4
"Southern California","San Luis Obispo",2023,43,2023-10-22,2023-10-28,"Oct",39109070,280251,488,0,2058,87,174.1,734.3,31
"Southern California","San Luis Obispo",2023,44,2023-10-29,2023-11-04,"Oct",39109070,280251,512,0,1475,74,182.7,526.3,26.4
"Southern California","San Luis Obispo",2023,45,2023-11-05,2023-11-11,"Nov",39109070,280251,524,0,930,66,187,331.8,23.6
"Southern California","San Luis Obispo",2023,46,2023-11-12,2023-11-18,"Nov",39109070,280251,530,0,338,52,189.1,120.6,18.6
"Southern California","San Luis Obispo",2023,47,2023-11-19,2023-11-25,"Nov",39109070,280251,531,0,54,48,189.5,19.3,17.1
"Southern California","San Luis Obispo",2023,48,2023-11-26,2023-12-02,"Nov",39109070,280251,532,0,57,17,189.8,20.3,6.1
"Southern California","San Luis Obispo",2023,49,2023-12-03,2023-12-09,"Dec",39109070,280251,532,0,0,4,189.8,0,1.4
"Southern California","San Luis Obispo",2023,50,2023-12-10,2023-12-16,"Dec",39109070,280251,534,0,63,5,190.5,22.5,1.8
"Southern California","San Luis Obispo",2023,51,2023-12-17,2023-12-23,"Dec",39109070,280251,534,0,0,0,190.5,0,0
"Southern California","San Luis Obispo",2023,52,2023-12-24,2023-12-30,"Dec",39109070,280251,534,0,0,3,190.5,0,1.1
"Southern California","Santa Barbara",2023,22,2023-05-28,2023-06-03,"May",39109070,442614,0,0,107,0,0,24.2,0
"Southern California","Santa Barbara",2023,23,2023-06-04,2023-06-10,"Jun",39109070,442614,1,0,114,0,0.2,25.8,0
"Southern California","Santa Barbara",2023,24,2023-06-11,2023-06-17,"Jun",39109070,442614,2,0,113,3,0.5,25.5,0.7
"Southern California","Santa Barbara",2023,25,2023-06-18,2023-06-24,"Jun",39109070,442614,3,0,298,2,0.7,67.3,0.5
"Southern California","Santa Barbara",2023,26,2023-06-25,2023-07-01,"Jun",39109070,442614,10,0,503,2,2.3,113.6,0.5
"Southern California","Santa Barbara",2023,27,2023-07-02,2023-07-08,"Jul",39109070,442614,21,0,582,7,4.7,131.5,1.6
"Southern California","Santa Barbara",2023,28,2023-07-09,2023-07-15,"Jul",39109070,442614,29,0,809,16,6.6,182.8,3.6
"Southern California","Santa Barbara",2023,29,2023-07-16,2023-07-22,"Jul",39109070,442614,40,0,668,17,9,150.9,3.8
"Southern California","Santa Barbara",2023,30,2023-07-23,2023-07-29,"Jul",39109070,442614,45,0,653,28,10.2,147.5,6.3
"Southern California","Santa Barbara",2023,31,2023-07-30,2023-08-05,"Jul",39109070,442614,59,0,1160,25,13.3,262.1,5.6
"Southern California","Santa Barbara",2023,32,2023-08-06,2023-08-12,"Aug",39109070,442614,71,0,1129,21,16,255.1,4.7
"Southern California","Santa Barbara",2023,33,2023-08-13,2023-08-19,"Aug",39109070,442614,82,0,1395,25,18.5,315.2,5.6
"Southern California","Santa Barbara",2023,34,2023-08-20,2023-08-26,"Aug",39109070,442614,105,0,2122,40,23.7,479.4,9
"Southern California","Santa Barbara",2023,35,2023-08-27,2023-09-02,"Aug",39109070,442614,146,0,3473,44,33,784.7,9.9
"Southern California","Santa Barbara",2023,36,2023-09-03,2023-09-09,"Sep",39109070,442614,184,0,3194,53,41.6,721.6,12
"Southern California","Santa Barbara",2023,37,2023-09-10,2023-09-16,"Sep",39109070,442614,218,0,3023,94,49.3,683,21.2
"Southern California","Santa Barbara",2023,38,2023-09-17,2023-09-23,"Sep",39109070,442614,259,0,3514,77,58.5,793.9,17.4
"Southern California","Santa Barbara",2023,39,2023-09-24,2023-09-30,"Sep",39109070,442614,287,0,2914,86,64.8,658.4,19.4
"Southern California","Santa Barbara",2023,40,2023-10-01,2023-10-07,"Oct",39109070,442614,331,0,2912,101,74.8,657.9,22.8
"Southern California","Santa Barbara",2023,41,2023-10-08,2023-10-14,"Oct",39109070,442614,366,0,2942,104,82.7,664.7,23.5
"Southern California","Santa Barbara",2023,42,2023-10-15,2023-10-21,"Oct",39109070,442614,407,0,2968,73,92,670.6,16.5
"Southern California","Santa Barbara",2023,43,2023-10-22,2023-10-28,"Oct",39109070,442614,454,0,2293,85,102.6,518.1,19.2
"Southern California","Santa Barbara",2023,44,2023-10-29,2023-11-04,"Oct",39109070,442614,477,0,1584,74,107.8,357.9,16.7
"Southern California","Santa Barbara",2023,45,2023-11-05,2023-11-11,"Nov",39109070,442614,487,0,1145,64,110,258.7,14.5
"Southern California","Santa Barbara",2023,46,2023-11-12,2023-11-18,"Nov",39109070,442614,492,0,357,57,111.2,80.7,12.9
"Southern California","Santa Barbara",2023,47,2023-11-19,2023-11-25,"Nov",39109070,442614,492,0,46,35,111.2,10.4,7.9
"Southern California","Santa Barbara",2023,48,2023-11-26,2023-12-02,"Nov",39109070,442614,494,0,64,14,111.6,14.5,3.2
"Southern California","Santa Barbara",2023,49,2023-12-03,2023-12-09,"Dec",39109070,442614,494,0,0,4,111.6,0,0.9
"Southern California","Santa Barbara",2023,50,2023-12-10,2023-12-16,"Dec",39109070,442614,494,0,68,2,111.6,15.4,0.5
"Southern California","Santa Barbara",2023,51,2023-12-17,2023-12-23,"Dec",39109070,442614,494,0,0,0,111.6,0,0
"Southern California","Santa Barbara",2023,52,2023-12-24,2023-12-30,"Dec",39109070,442614,494,0,0,0,111.6,0,0
"Southern California","Ventura",2023,22,2023-05-28,2023-06-03,"May",39109070,825937,3,0,202,0,0.4,24.5,0
"Southern California","Ventura",2023,23,2023-06-04,2023-06-10,"Jun",39109070,825937,5,0,201,0,0.6,24.3,0
"Southern California","Ventura",2023,24,2023-06-11,2023-06-17,"Jun",39109070,825937,10,0,177,5,1.2,21.4,0.6
"Southern California","Ventura",2023,25,2023-06-18,2023-06-24,"Jun",39109070,825937,12,0,579,10,1.5,70.1,1.2
"Southern California","Ventura",2023,26,2023-06-25,2023-07-01,"Jun",39109070,825937,25,0,917,5,3,111,0.6
"Southern California","Ventura",2023,27,2023-07-02,2023-07-08,"Jul",39109070,825937,43,0,1112,15,5.2,134.6,1.8
"Southern California","Ventura",2023,28,2023-07-09,2023-07-15,"Jul",39109070,825937,54,0,1450,22,6.5,175.6,2.7
"Southern California","Ventura",2023,29,2023-07-16,2023-07-22,"Jul",39109070,825937,61,0,1106,31,7.4,133.9,3.8
"Southern California","Ventura",2023,30,2023-07-23,2023-07-29,"Jul",39109070,825937,76,0,1192,41,9.2,144.3,5
"Southern California","Ventura",2023,31,2023-07-30,2023-08-05,"Jul",39109070,825937,101,0,2178,30,12.2,263.7,3.6
"Southern California","Ventura",2023,32,2023-08-06,2023-08-12,"Aug",39109070,825937,121,0,2171,38,14.7,262.9,4.6
"Southern California","Ventura",2023,33,2023-08-13,2023-08-19,"Aug",39109070,825937,149,0,2622,69,18,317.5,8.4
"Southern California","Ventura",2023,34,2023-08-20,2023-08-26,"Aug",39109070,825937,199,0,4095,58,24.1,495.8,7
"Southern California","Ventura",2023,35,2023-08-27,2023-09-02,"Aug",39109070,825937,280,0,6163,79,33.9,746.2,9.6
"Southern California","Ventura",2023,36,2023-09-03,2023-09-09,"Sep",39109070,825937,355,0,6132,120,43,742.4,14.5
"Southern California","Ventura",2023,37,2023-09-10,2023-09-16,"Sep",39109070,825937,421,0,5593,181,51,677.2,21.9
"Southern California","Ventura",2023,38,2023-09-17,2023-09-23,"Sep",39109070,825937,495,0,6537,175,59.9,791.5,21.2
"Southern California","Ventura",2023,39,2023-09-24,2023-09-30,"Sep",39109070,825937,558,0,5299,153,67.6,641.6,18.5
"Southern California","Ventura",2023,40,2023-10-01,2023-10-07,"Oct",39109070,825937,634,1,5374,208,76.8,650.7,25.2
"Southern California","Ventura",2023,41,2023-10-08,2023-10-14,"Oct",39109070,825937,705,1,5305,161,85.4,642.3,19.5
"Southern California","Ventura",2023,42,2023-10-15,2023-10-21,"Oct",39109070,825937,772,1,5402,162,93.5,654,19.6
"Southern California","Ventura",2023,43,2023-10-22,2023-10-28,"Oct",39109070,825937,827,1,4442,159,100.1,537.8,19.3
"Southern California","Ventura",2023,44,2023-10-29,2023-11-04,"Oct",39109070,825937,861,1,2958,163,104.2,358.1,19.7
"Southern California","Ventura",2023,45,2023-11-05,2023-11-11,"Nov",39109070,825937,885,1,2042,133,107.2,247.2,16.1
"Southern California","Ventura",2023,46,2023-11-12,2023-11-18,"Nov",39109070,825937,894,1,789,114,108.2,95.5,13.8
"Southern California","Ventura",2023,47,2023-11-19,2023-11-25,"Nov",39109070,825937,896,2,89,61,108.5,10.8,7.4
"Southern California","Ventura",2023,48,2023-11-26,2023-12-02,"Nov",39109070,825937,897,2,112,39,108.6,13.6,4.7
"Southern California","Ventura",2023,49,2023-12-03,2023-12-09,"Dec",39109070,825937,897,2,0,10,108.6,0,1.2
"Southern California","Ventura",2023,50,2023-12-10,2023-12-16,"Dec",39109070,825937,899,2,141,2,108.8,17.1,0.2
"Southern California","Ventura",2023,51,2023-12-17,2023-12-23,"Dec",39109070,825937,899,2,0,1,108.8,0,0.1
"Southern California","Ventura",2023,52,2023-12-24,2023-12-30,"Dec",39109070,825937,899,2,0,2,108.8,0,0.2
"Statewide","Statewide",2023,22,2023-05-28,2023-06-03,"May",39109070,NA,13875,0,13875,0,35.5,35.5,0
"Statewide","Statewide",2023,23,2023-06-04,2023-06-10,"Jun",39109070,NA,27664,0,13789,0,70.7,35.3,0
"Statewide","Statewide",2023,24,2023-06-11,2023-06-17,"Jun",39109070,NA,39741,360,12077,360,101.6,30.9,0.9
"Statewide","Statewide",2023,25,2023-06-18,2023-06-24,"Jun",39109070,NA,75283,732,35542,372,192.5,90.9,1
"Statewide","Statewide",2023,26,2023-06-25,2023-07-01,"Jun",39109070,NA,133839,1091,58556,359,342.2,149.7,0.9
"Statewide","Statewide",2023,27,2023-07-02,2023-07-08,"Jul",39109070,NA,203555,1971,69716,880,520.5,178.3,2.3
"Statewide","Statewide",2023,28,2023-07-09,2023-07-15,"Jul",39109070,NA,294661,3435,91106,1464,753.4,233,3.7
"Statewide","Statewide",2023,29,2023-07-16,2023-07-22,"Jul",39109070,NA,365574,5374,70913,1939,934.8,181.3,5
"Statewide","Statewide",2023,30,2023-07-23,2023-07-29,"Jul",39109070,NA,441588,7773,76014,2399,1129.1,194.4,6.1
"Statewide","Statewide",2023,31,2023-07-30,2023-08-05,"Jul",39109070,NA,574368,9805,132780,2032,1468.6,339.5,5.2
"Statewide","Statewide",2023,32,2023-08-06,2023-08-12,"Aug",39109070,NA,706919,11984,132551,2179,1807.6,338.9,5.6
"Statewide","Statewide",2023,33,2023-08-13,2023-08-19,"Aug",39109070,NA,874442,15505,167523,3521,2235.9,428.3,9
"Statewide","Statewide",2023,34,2023-08-20,2023-08-26,"Aug",39109070,NA,1124709,19105,250267,3600,2875.8,639.9,9.2
"Statewide","Statewide",2023,35,2023-08-27,2023-09-02,"Aug",39109070,NA,1510860,23388,386151,4283,3863.2,987.4,11
"Statewide","Statewide",2023,36,2023-09-03,2023-09-09,"Sep",39109070,NA,1887873,29902,377013,6514,4827.2,964,16.7
"Statewide","Statewide",2023,37,2023-09-10,2023-09-16,"Sep",39109070,NA,2237245,39895,349372,9993,5720.5,893.3,25.6
"Statewide","Statewide",2023,38,2023-09-17,2023-09-23,"Sep",39109070,NA,2632682,50360,395437,10465,6731.6,1011.1,26.8
"Statewide","Statewide",2023,39,2023-09-24,2023-09-30,"Sep",39109070,NA,2956666,60397,323984,10037,7560.1,828.4,25.7
"Statewide","Statewide",2023,40,2023-10-01,2023-10-07,"Oct",39109070,NA,3281996,71255,325330,10858,8391.9,831.9,27.8
"Statewide","Statewide",2023,41,2023-10-08,2023-10-14,"Oct",39109070,NA,3600287,80593,318291,9338,9205.8,813.9,23.9
"Statewide","Statewide",2023,42,2023-10-15,2023-10-21,"Oct",39109070,NA,3924826,89695,324539,9102,10035.6,829.8,23.3
"Statewide","Statewide",2023,43,2023-10-22,2023-10-28,"Oct",39109070,NA,4185531,98424,260705,8729,10702.2,666.6,22.3
"Statewide","Statewide",2023,44,2023-10-29,2023-11-04,"Oct",39109070,NA,4360393,107409,174862,8985,11149.3,447.1,23
"Statewide","Statewide",2023,45,2023-11-05,2023-11-11,"Nov",39109070,NA,4485187,114877,124794,7468,11468.4,319.1,19.1
"Statewide","Statewide",2023,46,2023-11-12,2023-11-18,"Nov",39109070,NA,4528237,120228,43050,5351,11578.5,110.1,13.7
"Statewide","Statewide",2023,47,2023-11-19,2023-11-25,"Nov",39109070,NA,4533887,124097,5650,3869,11592.9,14.4,9.9
"Statewide","Statewide",2023,48,2023-11-26,2023-12-02,"Nov",39109070,NA,4541720,125904,7833,1807,11613,20,4.6
"Statewide","Statewide",2023,49,2023-12-03,2023-12-09,"Dec",39109070,NA,4541720,126403,0,499,11613,0,1.3
"Statewide","Statewide",2023,50,2023-12-10,2023-12-16,"Dec",39109070,NA,4549583,126683,7863,280,11633.1,20.1,0.7
"Statewide","Statewide",2023,51,2023-12-17,2023-12-23,"Dec",39109070,NA,4549583,126723,0,40,11633.1,0,0.1
"Statewide","Statewide",2023,52,2023-12-24,2023-12-30,"Dec",39109070,NA,4549583,126926,0,203,11633.1,0,0.5
