"sex","total_pop","total_infected","total_inf_prop","inf_rate_100k","total_severe","total_sev_prop","sev_rate_100k","total_unrec","total_unrec_prop","unrec_rate_100k"
"FEMALE",849329,130090,0.153167971422146,15316.8,4060,0.00478024416922064,478,16920,0.0199216087052249,1992.2
"MALE",806708,137804,0.170822652062456,17082.3,3385,0.00419606598670151,419.6,14392,0.0178404081774322,1784
