"age_cat","total_pop","total_infected","total_inf_prop","inf_rate_100k","total_severe","total_sev_prop","sev_rate_100k","total_unrec","total_unrec_prop","unrec_rate_100k"
"0-17",34155,17575,0.514565949348558,51456.6,19,0.000556287512809252,55.6,384,0.0112428634167765,1124.3
"18-49",99574,137804,1.38393556550907,138393.6,1605,0.0161186655150943,1611.9,7240,0.0727097435073413,7271
"50-64",51121,25178,0.492517752000157,49251.8,148,0.00289509203654076,289.5,1356,0.0265253027131707,2652.5
"65+",57881,50202,0.867331248596258,86733.1,4060,0.0701439159655155,7014.4,16920,0.292323905944956,29232.4
