"health_officer_region","total_pop","total_infected","total_inf_prop","inf_rate_100k","total_severe","total_sev_prop","sev_rate_100k","total_unrec","total_unrec_prop","unrec_rate_100k"
"Bay Area",8391874,15903,0.00189504751858762,189.5,954,0.000113681401794164,11.4,4043,0.00048177558433313,48.2
"Central California",4432134,40015,0.00902838226461565,902.8,1054,0.000237808694412218,23.8,4441,0.00100200039078241,100.2
"Greater Sierra Sacramento",2973210,35203,0.0118400651148086,1184,2151,0.000723460502285409,72.3,9013,0.00303140376899042,303.1
"Los Angeles",9825708,137804,0.0140248417722163,1402.5,4060,0.000413201776401253,41.3,16920,0.00172201331446039,172.2
"Rural North",683715,2969,0.00434245263011635,434.2,215,0.000314458509759183,31.4,888,0.00129878677519142,129.9
"Southern California",12802429,80173,0.00626232725055534,626.2,2215,0.000173014042882019,17.3,9398,0.000734079446954949,73.4
