"race_long","total_pop","total_infected","total_inf_prop","inf_rate_100k","total_severe","total_sev_prop","sev_rate_100k","total_unrec","total_unrec_prop","unrec_rate_100k"
"American Indian or Alaska Native, Non-Hispanic",4569,538,0.117750054716568,11775,34,0.00744145327205078,744.1,120,0.0262639527248851,2626.4
"Asian, Non-Hispanic",568612,28884,0.0507973802874368,5079.7,1967,0.00345930089410705,345.9,7961,0.014000759744782,1400.1
"Black, Non-Hispanic",157817,18921,0.119892026841215,11989.2,980,0.00620972392074365,621,4067,0.0257703542710861,2577
"Hispanic (any race)",335452,137804,0.410800949167094,41080.1,3406,0.010153464579135,1015.3,14410,0.0429569655271097,4295.7
"Multiracial (two or more of above races), Non-Hispanic",88937,5450,0.0612793325612512,6127.9,119,0.00133802579353925,133.8,515,0.00579061582918246,579.1
"Native Hawaiian or Pacific Islander, Non-Hispanic",14710,917,0.0623385452073419,6233.9,24,0.00163154316791298,163.2,98,0.00666213460231135,666.2
"White, Non-Hispanic",485940,53616,0.110334609211014,11033.5,4060,0.0083549409392106,835.5,16920,0.0348191134707989,3481.9
